jd,time,mag,band,ra,dec,angDist,src_table,time_col_name,time_scale
2451542.0,278.0,16.111,r,69.28558999999998,1.0071341666666664,0.023130684792882165,I/282/cmc12,JD-2451264,JD-2451264.0 -> JD
2451542.0,278.0,15.771,r,69.28150972222221,1.0055163888888887,0.02646343127528708,I/282/cmc12,JD-2451264,JD-2451264.0 -> JD
2451542.0,278.0,13.777,r,69.33558,1.0077299999999998,0.030099789146130786,I/282/cmc12,JD-2451264,JD-2451264.0 -> JD
2451542.0,278.0,16.932,r,69.3073625,1.028642222222222,0.030316799609222074,I/282/cmc12,JD-2451264,JD-2451264.0 -> JD
2451542.0,278.0,16.694,r,69.30876888888888,1.0291869444444444,0.030910810770042728,I/282/cmc12,JD-2451264,JD-2451264.0 -> JD
2451542.0,278.0,16.026,r,69.33819888888888,0.9871724999999999,0.033145796238631745,I/282/cmc12,JD-2451264,JD-2451264.0 -> JD
2451542.0,278.0,17.205,r,69.27640555555554,0.9819705555555555,0.034672731608727664,I/282/cmc12,JD-2451264,JD-2451264.0 -> JD
2451542.0,278.0,14.792,r,69.29214888888887,1.0301683333333331,0.035125070448383706,I/282/cmc12,JD-2451264,JD-2451264.0 -> JD
2451542.0,278.0,16.366,r,69.27609722222222,1.019298611111111,0.03732756452075348,I/282/cmc12,JD-2451264,JD-2451264.0 -> JD
2451542.0,278.0,15.679,r,69.32258333333333,1.033235,0.038233985363464756,I/282/cmc12,JD-2451264,JD-2451264.0 -> JD
2451542.0,278.0,16.208,r,69.27154388888889,0.9821119444444443,0.0389671337956622,I/282/cmc12,JD-2451264,JD-2451264.0 -> JD
2451542.0,278.0,14.942,r,69.27828555555554,0.9713652777777776,0.039372828517826,I/282/cmc12,JD-2451264,JD-2451264.0 -> JD
2451542.0,278.0,15.484,r,69.33106472222221,1.0307791666666666,0.04040899868342918,I/282/cmc12,JD-2451264,JD-2451264.0 -> JD
2451542.0,278.0,17.087,r,69.28157416666666,0.9632033333333332,0.04334854878652094,I/282/cmc12,JD-2451264,JD-2451264.0 -> JD
2451542.0,278.0,13.896,r,69.32732916666666,1.0372841666666666,0.043948550403440124,I/282/cmc12,JD-2451264,JD-2451264.0 -> JD
2451542.0,278.0,13.698,r,69.26951833333332,0.9738369444444444,0.04475390057387789,I/282/cmc12,JD-2451264,JD-2451264.0 -> JD
2451542.0,278.0,17.226,r,69.31143222222221,0.9517594444444443,0.04678046163015357,I/282/cmc12,JD-2451264,JD-2451264.0 -> JD
2451542.0,278.0,17.294,r,69.31041722222221,0.9507108333333332,0.04774069481848843,I/282/cmc12,JD-2451264,JD-2451264.0 -> JD
2451542.0,278.0,16.393,r,69.31159305555555,0.9503577777777776,0.04819107655819341,I/282/cmc12,JD-2451264,JD-2451264.0 -> JD
2451542.0,278.0,16.664,r,69.27601055555554,1.0353533333333331,0.048268171564739094,I/282/cmc12,JD-2451264,JD-2451264.0 -> JD
2451542.0,278.0,16.478,r,69.31147055555554,0.9465527777777777,0.051969178055001036,I/282/cmc12,JD-2451264,JD-2451264.0 -> JD
2451542.0,278.0,16.812,r,69.31038722222222,0.9441341666666665,0.05430049097252336,I/282/cmc12,JD-2451264,JD-2451264.0 -> JD
2451542.0,278.0,16.674,r,69.32598388888889,0.946451111111111,0.055246361103767565,I/282/cmc12,JD-2451264,JD-2451264.0 -> JD
2451542.0,278.0,16.59,r,69.34197499999999,1.0425813888888886,0.056413670775080894,I/282/cmc12,JD-2451264,JD-2451264.0 -> JD
2451542.0,278.0,16.167,r,69.27807388888888,1.0497738888888888,0.059009404190003785,I/282/cmc12,JD-2451264,JD-2451264.0 -> JD
2451542.0,278.0,15.571,r,69.35418333333332,0.9617766666666665,0.059693399566172124,I/282/cmc12,JD-2451264,JD-2451264.0 -> JD
2451539.0,275.0,16.797,r,69.29786916666666,1.0575713888888887,0.05994012238565788,I/282/cmc12,JD-2451264,JD-2451264.0 -> JD
2451541.0,277.0,17.089,r,69.33041666666665,1.0538699999999999,0.06028219677145192,I/282/cmc12,JD-2451264,JD-2451264.0 -> JD
2451542.0,278.0,12.542,r,69.3610322222222,0.9689169444444443,0.061526959213472426,I/282/cmc12,JD-2451264,JD-2451264.0 -> JD
2451542.0,278.0,13.983,r,69.25524999999999,1.0331083333333333,0.06233010122527483,I/282/cmc12,JD-2451264,JD-2451264.0 -> JD
2451542.0,278.0,15.687,r,69.25262749999999,0.9675774999999999,0.06244294622553792,I/282/cmc12,JD-2451264,JD-2451264.0 -> JD
2451542.0,278.0,16.536,r,69.31036638888888,0.9315730555555555,0.06684046839019352,I/282/cmc12,JD-2451264,JD-2451264.0 -> JD
2451542.0,278.0,16.169,r,69.35960305555555,0.9514374999999998,0.07047607429572536,I/282/cmc12,JD-2451264,JD-2451264.0 -> JD
2451537.0,273.0,15.085,r,69.3002425,0.9270494444444444,0.07159618118025403,I/282/cmc12,JD-2451264,JD-2451264.0 -> JD
2451540.0,276.0,15.895,r,69.32027,0.9251966666666666,0.07432823036658114,I/282/cmc12,JD-2451264,JD-2451264.0 -> JD
2451540.0,276.0,11.704,r,69.31575222222222,0.9228991666666665,0.07593665619237691,I/282/cmc12,JD-2451264,JD-2451264.0 -> JD
2451542.0,278.0,15.438,r,69.36911166666665,1.0452199999999998,0.07783153439526706,I/282/cmc12,JD-2451264,JD-2451264.0 -> JD
2451541.0,277.0,16.439,r,69.33161333333332,1.0742122222222221,0.07978063083439058,I/282/cmc12,JD-2451264,JD-2451264.0 -> JD
2451541.0,277.0,12.247,r,69.3252797222222,1.079562222222222,0.08326900364936231,I/282/cmc12,JD-2451264,JD-2451264.0 -> JD
2451542.0,278.0,15.813,r,69.37592666666666,0.9512341666666665,0.08348535846982107,I/282/cmc12,JD-2451264,JD-2451264.0 -> JD
2451541.0,277.0,16.594,r,69.26906138888889,1.0727241666666665,0.08350041471483129,I/282/cmc12,JD-2451264,JD-2451264.0 -> JD
2451542.0,278.0,12.978,r,69.39165138888887,1.012221111111111,0.08578884505884832,I/282/cmc12,JD-2451264,JD-2451264.0 -> JD
2451542.0,278.0,15.425,r,69.23717388888888,1.0489752777777777,0.08623676665285557,I/282/cmc12,JD-2451264,JD-2451264.0 -> JD
2451542.0,278.0,16.619,r,69.22281055555554,0.9785358333333332,0.08645485904586651,I/282/cmc12,JD-2451264,JD-2451264.0 -> JD
2451542.0,278.0,13.957,r,69.39175472222222,0.9799233333333331,0.0867352349363348,I/282/cmc12,JD-2451264,JD-2451264.0 -> JD
2451542.0,278.0,16.268,r,69.21745666666666,1.009117222222222,0.09015949045087185,I/282/cmc12,JD-2451264,JD-2451264.0 -> JD
2451542.0,278.0,13.901,r,69.22287666666665,0.9604174999999998,0.09224331131409984,I/282/cmc12,JD-2451264,JD-2451264.0 -> JD
2451542.0,278.0,16.121,r,69.399065,1.0089091666666665,0.09267494946840615,I/282/cmc12,JD-2451264,JD-2451264.0 -> JD
2451542.0,278.0,17.414,r,69.21514638888888,0.9822913888888888,0.09321171206721758,I/282/cmc12,JD-2451264,JD-2451264.0 -> JD
2451541.0,277.0,16.496,r,69.36372305555554,1.0741527777777775,0.09469911264274823,I/282/cmc12,JD-2451264,JD-2451264.0 -> JD
2451542.0,278.0,15.899,r,69.30772416666666,0.9027258333333332,0.09560485673805702,I/282/cmc12,JD-2451264,JD-2451264.0 -> JD
2451540.0,276.0,15.698,r,69.36958999999999,0.9252102777777776,0.096254001381788,I/282/cmc12,JD-2451264,JD-2451264.0 -> JD
2451542.0,278.0,11.607,r,69.39671388888888,1.0346494444444443,0.09679123060963914,I/282/cmc12,JD-2451264,JD-2451264.0 -> JD
2451542.0,278.0,15.678,r,69.38812333333333,0.9453072222222221,0.09691856135493311,I/282/cmc12,JD-2451264,JD-2451264.0 -> JD
2451540.0,276.0,15.182,r,69.3169547222222,0.9018619444444443,0.09697985067166115,I/282/cmc12,JD-2451264,JD-2451264.0 -> JD
2451542.0,278.0,16.921,r,69.30690416666665,0.9007677777777776,0.09756006324542649,I/282/cmc12,JD-2451264,JD-2451264.0 -> JD
2451542.0,278.0,16.028,r,69.40111166666665,0.9693116666666666,0.09848716747112883,I/282/cmc12,JD-2451264,JD-2451264.0 -> JD
2451542.0,278.0,16.263,r,69.20898833333332,0.9874722222222221,0.09857847156288485,I/282/cmc12,JD-2451264,JD-2451264.0 -> JD
2451541.0,277.0,14.674,r,69.33191416666666,1.0963638888888887,0.10115571589422587,I/282/cmc12,JD-2451264,JD-2451264.0 -> JD
2451542.0,278.0,10.535,r,69.20661916666666,0.9667655555555554,0.10519462007335521,I/282/cmc12,JD-2451264,JD-2451264.0 -> JD
2451541.0,277.0,16.005,r,69.28606833333332,1.1016627777777777,0.10542935640247261,I/282/cmc12,JD-2451264,JD-2451264.0 -> JD
2451541.0,277.0,16.136,r,69.2468275,1.0861377777777776,0.10643286137780808,I/282/cmc12,JD-2451264,JD-2451264.0 -> JD
2451541.0,277.0,11.736,r,69.26829416666666,1.1010958333333332,0.10980669734743692,I/282/cmc12,JD-2451264,JD-2451264.0 -> JD
2451541.0,277.0,17.074,r,69.21413249999999,1.0608922222222221,0.11194885939183062,I/282/cmc12,JD-2451264,JD-2451264.0 -> JD
2451542.0,278.0,17.261,r,69.40747499999999,0.9489372222222221,0.11196142500093134,I/282/cmc12,JD-2451264,JD-2451264.0 -> JD
2451542.0,278.0,16.122,r,69.20726138888888,0.9462297222222221,0.11249685805373466,I/282/cmc12,JD-2451264,JD-2451264.0 -> JD
2451540.0,276.0,14.072,r,69.27653583333333,0.8892319444444443,0.11326351556199395,I/282/cmc12,JD-2451264,JD-2451264.0 -> JD
2451542.0,278.0,15.347,r,69.41040416666665,1.0469925,0.11428470105306927,I/282/cmc12,JD-2451264,JD-2451264.0 -> JD
2451542.0,278.0,16.732,r,69.2131225,0.9319838888888887,0.11492874880341157,I/282/cmc12,JD-2451264,JD-2451264.0 -> JD
2451542.0,278.0,17.119,r,69.42155999999999,1.013631111111111,0.11557796938084987,I/282/cmc12,JD-2451264,JD-2451264.0 -> JD
2451542.0,278.0,16.247,r,69.42308472222221,1.0039152777777776,0.116219411212264,I/282/cmc12,JD-2451264,JD-2451264.0 -> JD
2451540.0,276.0,13.468,r,69.2101575,0.932524722222222,0.11705709625151703,I/282/cmc12,JD-2451264,JD-2451264.0 -> JD
2451541.0,277.0,16.585,r,69.40736388888888,1.0588294444444444,0.11719098675892016,I/282/cmc12,JD-2451264,JD-2451264.0 -> JD
2451542.0,278.0,16.525,r,69.39953166666666,0.9204174999999999,0.12096717872164003,I/282/cmc12,JD-2451264,JD-2451264.0 -> JD
2451540.0,276.0,13.278,r,69.35081972222221,0.8836988888888888,0.12272334020115944,I/282/cmc12,JD-2451264,JD-2451264.0 -> JD
2451542.0,278.0,13.444,r,69.19013499999998,1.035913611111111,0.12272573692489322,I/282/cmc12,JD-2451264,JD-2451264.0 -> JD
2451541.0,277.0,16.567,r,69.37603388888888,1.1044149999999997,0.12657429158447736,I/282/cmc12,JD-2451264,JD-2451264.0 -> JD
2451540.0,276.0,11.321,r,69.19497388888888,0.9330738888888888,0.1296160548139575,I/282/cmc12,JD-2451264,JD-2451264.0 -> JD
2451540.0,276.0,13.292,r,69.25793166666665,0.8781022222222221,0.12984405741187235,I/282/cmc12,JD-2451264,JD-2451264.0 -> JD
2451542.0,278.0,17.41,r,69.20387888888888,1.079086111111111,0.13095287521527305,I/282/cmc12,JD-2451264,JD-2451264.0 -> JD
2451541.0,277.0,16.368,r,69.35311833333333,1.1224702777777775,0.13243559025735216,I/282/cmc12,JD-2451264,JD-2451264.0 -> JD
2451541.0,277.0,16.851,r,69.29822055555555,1.1327872222222222,0.1347444600406597,I/282/cmc12,JD-2451264,JD-2451264.0 -> JD
2451542.0,278.0,17.187,r,69.19898638888888,0.916751111111111,0.13533124681344993,I/282/cmc12,JD-2451264,JD-2451264.0 -> JD
2451540.0,276.0,14.058,r,69.39660888888888,0.8964738888888888,0.13566504998746715,I/282/cmc12,JD-2451264,JD-2451264.0 -> JD
2451542.0,278.0,16.769,r,69.190625,0.9235077777777776,0.13832271799785953,I/282/cmc12,JD-2451264,JD-2451264.0 -> JD
2451542.0,278.0,15.712,r,69.1760025,1.0433013888888887,0.1384658837236627,I/282/cmc12,JD-2451264,JD-2451264.0 -> JD
2451540.0,276.0,15.401,r,69.41189333333332,0.9077338888888887,0.13860232105384548,I/282/cmc12,JD-2451264,JD-2451264.0 -> JD
2451541.0,277.0,16.753,r,69.19276833333332,1.0794866666666665,0.1400972037644413,I/282/cmc12,JD-2451264,JD-2451264.0 -> JD
2451540.0,276.0,15.66,r,69.26657805555554,0.8638091666666665,0.14045394517509924,I/282/cmc12,JD-2451264,JD-2451264.0 -> JD
2451542.0,278.0,15.719,r,69.44360416666666,0.965073611111111,0.14059155010159266,I/282/cmc12,JD-2451264,JD-2451264.0 -> JD
2451540.0,276.0,16.815,r,69.38212083333332,0.8791730555555555,0.1408622919306868,I/282/cmc12,JD-2451264,JD-2451264.0 -> JD
2451541.0,277.0,16.151,r,69.18646972222221,1.0718297222222222,0.1411417516278984,I/282/cmc12,JD-2451264,JD-2451264.0 -> JD
2451540.0,276.0,14.109,r,69.43552999999999,0.9395347222222221,0.14133822503582524,I/282/cmc12,JD-2451264,JD-2451264.0 -> JD
2451542.0,278.0,15.471,r,69.17400888888888,1.0463713888888888,0.14136618529127504,I/282/cmc12,JD-2451264,JD-2451264.0 -> JD
2451540.0,276.0,16.37,r,69.42102555555554,0.9133358333333332,0.1422179720771751,I/282/cmc12,JD-2451264,JD-2451264.0 -> JD
2451541.0,277.0,15.675,r,69.25435833333333,1.1308572222222222,0.14259150083593805,I/282/cmc12,JD-2451264,JD-2451264.0 -> JD
2451542.0,278.0,15.455,r,69.17022055555555,1.0391175,0.14269398391856675,I/282/cmc12,JD-2451264,JD-2451264.0 -> JD
2451542.0,278.0,16.285,r,69.44969472222222,1.0046438888888887,0.14283066086728874,I/282/cmc12,JD-2451264,JD-2451264.0 -> JD
2451542.0,278.0,13.823,r,69.16738416666665,1.0322127777777776,0.14363015585189137,I/282/cmc12,JD-2451264,JD-2451264.0 -> JD
2451540.0,276.0,15.9,r,69.25463055555555,0.8643663888888887,0.1438249235753854,I/282/cmc12,JD-2451264,JD-2451264.0 -> JD
2451540.0,276.0,14.873,r,69.22409305555554,0.8799205555555555,0.14453028603081794,I/282/cmc12,JD-2451264,JD-2451264.0 -> JD
2451541.0,277.0,17.091,r,69.22145722222221,1.1152799999999998,0.14487859827660582,I/282/cmc12,JD-2451264,JD-2451264.0 -> JD
2451540.0,276.0,16.213,r,69.31631138888888,0.8518283333333332,0.1467961573036586,I/282/cmc12,JD-2451264,JD-2451264.0 -> JD
2451540.0,276.0,12.939,r,69.29420416666666,0.8501891666666666,0.14868855903544964,I/282/cmc12,JD-2451264,JD-2451264.0 -> JD
2451540.0,276.0,13.819,r,69.42433666666666,0.9065141666666665,0.1489901321211681,I/282/cmc12,JD-2451264,JD-2451264.0 -> JD
2451541.0,277.0,14.348,r,69.43108222222222,1.082107222222222,0.1497156689516399,I/282/cmc12,JD-2451264,JD-2451264.0 -> JD
2451541.0,277.0,16.094,r,69.2255747222222,1.1249441666666664,0.1505209808937046,I/282/cmc12,JD-2451264,JD-2451264.0 -> JD
2451540.0,276.0,14.386,r,69.39069888888888,0.8726197222222221,0.1510270612480803,I/282/cmc12,JD-2451264,JD-2451264.0 -> JD
2451542.0,278.0,17.124,r,69.26986249999999,1.1452747222222222,0.15156110303157247,I/282/cmc12,JD-2451264,JD-2451264.0 -> JD
2451541.0,277.0,16.964,r,69.18439666666666,1.0885491666666665,0.15219088616477988,I/282/cmc12,JD-2451264,JD-2451264.0 -> JD
2451540.0,276.0,12.681,r,69.16503055555555,0.9413183333333333,0.15295264947421347,I/282/cmc12,JD-2451264,JD-2451264.0 -> JD
2451542.0,278.0,17.26,r,69.31699388888887,1.151391111111111,0.15339027718239717,I/282/cmc12,JD-2451264,JD-2451264.0 -> JD
2451540.0,276.0,15.113,r,69.22867333333332,0.8645658333333333,0.1549931845159067,I/282/cmc12,JD-2451264,JD-2451264.0 -> JD
2451541.0,277.0,15.393,r,69.38540916666666,1.1321380555555554,0.15509312300349204,I/282/cmc12,JD-2451264,JD-2451264.0 -> JD
2451540.0,276.0,13.347,r,69.38011805555554,0.8611355555555554,0.15546443120548994,I/282/cmc12,JD-2451264,JD-2451264.0 -> JD
2451542.0,278.0,10.293,r,69.46378888888889,0.9963838888888887,0.15679520321224316,I/282/cmc12,JD-2451264,JD-2451264.0 -> JD
2451540.0,276.0,16.655,r,69.17610555555555,0.9098224999999999,0.157978086957843,I/282/cmc12,JD-2451264,JD-2451264.0 -> JD
2451540.0,276.0,16.327,r,69.39545055555554,0.8666319444444444,0.15864555947399617,I/282/cmc12,JD-2451264,JD-2451264.0 -> JD
2451542.0,278.0,17.051,r,69.14690472222222,0.9942577777777777,0.1601047982229539,I/282/cmc12,JD-2451264,JD-2451264.0 -> JD
2451540.0,276.0,15.317,r,69.42064166666665,0.8853449999999998,0.1602502577370551,I/282/cmc12,JD-2451264,JD-2451264.0 -> JD
2451537.0,273.0,16.283,r,69.17901666666666,0.9016963888888888,0.1603379168256458,I/282/cmc12,JD-2451264,JD-2451264.0 -> JD
2451541.0,277.0,14.945,r,69.16003388888888,1.062963611111111,0.16051336253629978,I/282/cmc12,JD-2451264,JD-2451264.0 -> JD
2451542.0,278.0,17.129,r,69.23901138888888,0.8523077777777777,0.16106099370171795,I/282/cmc12,JD-2451264,JD-2451264.0 -> JD
2451541.0,277.0,15.426,r,69.16427222222221,1.075263611111111,0.1621065122324612,I/282/cmc12,JD-2451264,JD-2451264.0 -> JD
2451540.0,276.0,12.718,r,69.18290305555554,0.8938916666666665,0.16216746197708298,I/282/cmc12,JD-2451264,JD-2451264.0 -> JD
2451540.0,276.0,16.271,r,69.39565638888888,0.8624624999999999,0.16223580472132068,I/282/cmc12,JD-2451264,JD-2451264.0 -> JD
2451539.0,275.0,14.858,r,69.43550055555555,1.0978994444444443,0.16256076995208843,I/282/cmc12,JD-2451264,JD-2451264.0 -> JD
2451540.0,276.0,12.807,r,69.43690916666665,0.900416111111111,0.16267494017951775,I/282/cmc12,JD-2451264,JD-2451264.0 -> JD
2451540.0,276.0,8.833,r,69.17482666666666,0.903311111111111,0.16275253184196953,I/282/cmc12,JD-2451264,JD-2451264.0 -> JD
2451541.0,277.0,15.225,r,69.45057999999999,1.0759844444444444,0.16323046595158736,I/282/cmc12,JD-2451264,JD-2451264.0 -> JD
2451540.0,276.0,16.348,r,69.23605583333332,0.849068611111111,0.16524986094661553,I/282/cmc12,JD-2451264,JD-2451264.0 -> JD
2451542.0,278.0,11.843,r,69.47204222222221,1.0149363888888887,0.1658683797756806,I/282/cmc12,JD-2451264,JD-2451264.0 -> JD
2451542.0,278.0,15.655,r,69.14735888888887,1.0448722222222222,0.16624624070436048,I/282/cmc12,JD-2451264,JD-2451264.0 -> JD
2451541.0,277.0,16.132,r,69.26848472222221,1.1601433333333333,0.16633032102612888,I/282/cmc12,JD-2451264,JD-2451264.0 -> JD
2451542.0,278.0,5.559,r,69.30018583333333,0.9991163888888888,0.006840718820772729,I/282/cmc12rej,JD-2451264,JD-2451264.0 -> JD
2451542.0,278.0,16.338,r,69.30367805555555,0.9870605555555554,0.011741535801314417,I/282/cmc12rej,JD-2451264,JD-2451264.0 -> JD
2451542.0,278.0,15.592,r,69.30301722222221,1.0096275,0.011974868359734098,I/282/cmc12rej,JD-2451264,JD-2451264.0 -> JD
2451542.0,278.0,17.107,r,69.29478916666666,0.997783611111111,0.01220310386924405,I/282/cmc12rej,JD-2451264,JD-2451264.0 -> JD
2451542.0,278.0,16.767,r,69.29443916666666,0.9990194444444443,0.012559965498708706,I/282/cmc12rej,JD-2451264,JD-2451264.0 -> JD
2451542.0,278.0,16.203,r,69.29665472222221,0.9908122222222221,0.012771224673332979,I/282/cmc12rej,JD-2451264,JD-2451264.0 -> JD
2451542.0,278.0,15.429,r,69.29854999999999,1.0085391666666665,0.013241914022526564,I/282/cmc12rej,JD-2451264,JD-2451264.0 -> JD
2451542.0,278.0,16.844,r,69.29922249999998,0.9873874999999999,0.01341200337681621,I/282/cmc12rej,JD-2451264,JD-2451264.0 -> JD
2451542.0,278.0,17.046,r,69.3027025,1.0111980555555553,0.013562873523485187,I/282/cmc12rej,JD-2451264,JD-2451264.0 -> JD
2451542.0,278.0,17.266,r,69.30445472222222,1.0120377777777776,0.013940885290880506,I/282/cmc12rej,JD-2451264,JD-2451264.0 -> JD
2451542.0,278.0,16.988,r,69.29390888888888,0.9934602777777777,0.013948008890715841,I/282/cmc12rej,JD-2451264,JD-2451264.0 -> JD
2451542.0,278.0,6.738,r,69.32045083333333,1.002738611111111,0.014170739659361251,I/282/cmc12rej,JD-2451264,JD-2451264.0 -> JD
2451542.0,278.0,16.261,r,69.31866888888888,0.9901552777777777,0.014259488005203057,I/282/cmc12rej,JD-2451264,JD-2451264.0 -> JD
2451542.0,278.0,16.65,r,69.30467805555554,0.9842383333333332,0.014276548317244824,I/282/cmc12rej,JD-2451264,JD-2451264.0 -> JD
2451542.0,278.0,17.178,r,69.29386833333332,0.991294722222222,0.014878851280337004,I/282/cmc12rej,JD-2451264,JD-2451264.0 -> JD
2451542.0,278.0,15.97,r,69.32151722222221,0.9943108333333331,0.015077980293135916,I/282/cmc12rej,JD-2451264,JD-2451264.0 -> JD
2451542.0,278.0,16.994,r,69.32084166666665,0.9906524999999998,0.01584119415989078,I/282/cmc12rej,JD-2451264,JD-2451264.0 -> JD
2451542.0,278.0,17.053,r,69.29955972222221,1.0126894444444443,0.01616568863824951,I/282/cmc12rej,JD-2451264,JD-2451264.0 -> JD
2451542.0,278.0,15.307,r,69.31957722222221,0.9878724999999998,0.016367833643498125,I/282/cmc12rej,JD-2451264,JD-2451264.0 -> JD
2451542.0,278.0,15.431,r,69.31478916666666,1.0128819444444443,0.016515332841581454,I/282/cmc12rej,JD-2451264,JD-2451264.0 -> JD
2451542.0,278.0,14.659,r,69.29448222222221,0.9872641666666665,0.016691352286933005,I/282/cmc12rej,JD-2451264,JD-2451264.0 -> JD
2451542.0,278.0,17.054,r,69.32319166666666,0.9932991666666665,0.016969438198387785,I/282/cmc12rej,JD-2451264,JD-2451264.0 -> JD
2451542.0,278.0,17.051,r,69.32485999999999,0.9975341666666665,0.017892918102316073,I/282/cmc12rej,JD-2451264,JD-2451264.0 -> JD
2451542.0,278.0,16.496,r,69.31595333333333,1.0138430555555553,0.01792158505399489,I/282/cmc12rej,JD-2451264,JD-2451264.0 -> JD
2451542.0,278.0,15.893,r,69.3195272222222,1.0114302777777775,0.018138615106007065,I/282/cmc12rej,JD-2451264,JD-2451264.0 -> JD
2451542.0,278.0,17.392,r,69.30114999999999,0.9811408333333332,0.01814921511792267,I/282/cmc12rej,JD-2451264,JD-2451264.0 -> JD
2451542.0,278.0,15.796,r,69.32160083333332,1.0091569444444444,0.018191081425939226,I/282/cmc12rej,JD-2451264,JD-2451264.0 -> JD
2451542.0,278.0,17.152,r,69.32510583333332,0.9962469444444443,0.018240190632455765,I/282/cmc12rej,JD-2451264,JD-2451264.0 -> JD
2451542.0,278.0,16.714,r,69.31413972222221,1.0153869444444443,0.018499500578164817,I/282/cmc12rej,JD-2451264,JD-2451264.0 -> JD
2451542.0,278.0,16.815,r,69.32523305555554,1.0022024999999999,0.018655119117835857,I/282/cmc12rej,JD-2451264,JD-2451264.0 -> JD
2451542.0,278.0,14.786,r,69.31102999999999,1.0165919444444442,0.01870721804422255,I/282/cmc12rej,JD-2451264,JD-2451264.0 -> JD
2451542.0,278.0,15.903,r,69.32099166666666,1.0107422222222222,0.01871706776086917,I/282/cmc12rej,JD-2451264,JD-2451264.0 -> JD
2451542.0,278.0,16.4,r,69.31679388888888,1.0142869444444442,0.018733334806525424,I/282/cmc12rej,JD-2451264,JD-2451264.0 -> JD
2451542.0,278.0,16.677,r,69.32252916666665,1.0089230555555555,0.018812232272342903,I/282/cmc12rej,JD-2451264,JD-2451264.0 -> JD
2451542.0,278.0,15.437,r,69.32376138888888,1.0072155555555553,0.018985635393114257,I/282/cmc12rej,JD-2451264,JD-2451264.0 -> JD
2451542.0,278.0,16.36,r,69.30784305555555,1.0179655555555553,0.019656608865203696,I/282/cmc12rej,JD-2451264,JD-2451264.0 -> JD
2451542.0,278.0,16.447,r,69.32530499999999,1.0055530555555554,0.019693516137447964,I/282/cmc12rej,JD-2451264,JD-2451264.0 -> JD
2451542.0,278.0,16.682,r,69.32718999999999,0.9987336111111109,0.0202090259508038,I/282/cmc12rej,JD-2451264,JD-2451264.0 -> JD
2451542.0,278.0,16.913,r,69.32703166666666,1.0014777777777777,0.020292604944322175,I/282/cmc12rej,JD-2451264,JD-2451264.0 -> JD
2451542.0,278.0,17.232,r,69.32649805555555,1.0045769444444443,0.020489327435845858,I/282/cmc12rej,JD-2451264,JD-2451264.0 -> JD
2451542.0,278.0,16.312,r,69.32111222222221,1.013257222222222,0.02055455112715705,I/282/cmc12rej,JD-2451264,JD-2451264.0 -> JD
2451542.0,278.0,16.372,r,69.32442638888888,1.0094347222222222,0.020677946970179648,I/282/cmc12rej,JD-2451264,JD-2451264.0 -> JD
2451542.0,278.0,16.648,r,69.31095555555555,1.0191713888888887,0.02121884044178029,I/282/cmc12rej,JD-2451264,JD-2451264.0 -> JD
2451542.0,278.0,17.234,r,69.3262475,1.0079222222222222,0.021519740888070564,I/282/cmc12rej,JD-2451264,JD-2451264.0 -> JD
2451542.0,278.0,16.127,r,69.30825166666666,1.0201869444444442,0.021895966813883633,I/282/cmc12rej,JD-2451264,JD-2451264.0 -> JD
2451542.0,278.0,16.888,r,69.31108138888888,1.020443611111111,0.022492411979782342,I/282/cmc12rej,JD-2451264,JD-2451264.0 -> JD
2451542.0,278.0,16.975,r,69.30823333333332,1.0214927777777776,0.02319873123345863,I/282/cmc12rej,JD-2451264,JD-2451264.0 -> JD
2451542.0,278.0,16.027,r,69.33077388888888,1.0221205555555555,0.033644816920425,I/282/cmc12rej,JD-2451264,JD-2451264.0 -> JD
2451542.0,278.0,14.022,r,69.30818166666666,0.9351019444444443,0.06323724308918031,I/282/cmc12rej,JD-2451264,JD-2451264.0 -> JD
2451542.0,278.0,15.858,r,69.31004333333333,0.9329022222222221,0.0654971507597467,I/282/cmc12rej,JD-2451264,JD-2451264.0 -> JD
2451542.0,278.0,14.1,r,69.30757388888888,0.9301269444444443,0.0682034333402813,I/282/cmc12rej,JD-2451264,JD-2451264.0 -> JD
2451542.0,278.0,16.378,r,69.30811722222221,0.9268997222222221,0.0714371061464747,I/282/cmc12rej,JD-2451264,JD-2451264.0 -> JD
2451542.0,278.0,16.409,r,69.23640722222221,0.9789672222222221,0.07317202956040617,I/282/cmc12rej,JD-2451264,JD-2451264.0 -> JD
2451542.0,278.0,16.975,r,69.26561749999999,1.059221111111111,0.07361020711151536,I/282/cmc12rej,JD-2451264,JD-2451264.0 -> JD
2451542.0,278.0,14.097,r,69.30754638888888,0.9236316666666665,0.07469827505784894,I/282/cmc12rej,JD-2451264,JD-2451264.0 -> JD
2451542.0,278.0,16.529,r,69.30661416666666,0.9189469444444444,0.0793817174487128,I/282/cmc12rej,JD-2451264,JD-2451264.0 -> JD
2451542.0,278.0,16.328,r,69.30753916666666,0.9170591666666665,0.08127055284320467,I/282/cmc12rej,JD-2451264,JD-2451264.0 -> JD
2451542.0,278.0,17.037,r,69.30773472222221,0.9150683333333333,0.08326287838885407,I/282/cmc12rej,JD-2451264,JD-2451264.0 -> JD
2451542.0,278.0,15.715,r,69.30740499999999,0.9127680555555554,0.08556079988355553,I/282/cmc12rej,JD-2451264,JD-2451264.0 -> JD
2451542.0,278.0,16.849,r,69.30816833333333,0.9048974999999999,0.09343783961762273,I/282/cmc12rej,JD-2451264,JD-2451264.0 -> JD
2451542.0,278.0,17.026,r,69.29920999999999,0.8731424999999999,0.12542627069020199,I/282/cmc12rej,JD-2451264,JD-2451264.0 -> JD
2451537.0,273.0,16.411,r,69.1881275,0.9122355555555555,0.14674581596894284,I/282/cmc12rej,JD-2451264,JD-2451264.0 -> JD
2451542.0,278.0,17.198,r,69.44613388888888,0.9498841666666665,0.14732427782116864,I/282/cmc12rej,JD-2451264,JD-2451264.0 -> JD
2451542.0,278.0,15.833,r,69.15536833333333,0.9895222222222221,0.15184636823147218,I/282/cmc12rej,JD-2451264,JD-2451264.0 -> JD
2451539.0,275.0,15.227,r,69.31466416666666,1.1602902777777775,0.16214449106244716,I/282/cmc12rej,JD-2451264,JD-2451264.0 -> JD
2451539.0,275.0,15.559,r,69.31442916666666,1.1618644444444444,0.16370605257700432,I/282/cmc12rej,JD-2451264,JD-2451264.0 -> JD
2451541.5,278.0,17.062999725341797,r,69.293924,0.993459,0.013934297353302628,I/304/out,MJD-51263,MJD-51263.0 -> JD
2451541.5,278.0,17.253000259399414,r,69.293884,0.991294,0.014865391009047355,I/304/out,MJD-51263,MJD-51263.0 -> JD
2451541.5,278.0,14.732999801635742,r,69.29449,0.987263,0.01668630384248902,I/304/out,MJD-51263,MJD-51263.0 -> JD
2451541.5,278.0,17.466999053955078,r,69.301165,0.981139,0.01814613869193072,I/304/out,MJD-51263,MJD-51263.0 -> JD
2451541.5,278.0,16.18600082397461,r,69.285605,1.007134,0.02311675378720445,I/304/out,MJD-51263,MJD-51263.0 -> JD
2451541.5,278.0,15.845000267028809,r,69.281524,1.005516,0.026449587060936305,I/304/out,MJD-51263,MJD-51263.0 -> JD
2451541.5,278.0,13.85200023651123,r,69.335585,1.007724,0.030102664922252043,I/304/out,MJD-51263,MJD-51263.0 -> JD
2451541.5,278.0,17.006999969482422,r,69.307378,1.028639,0.030313776109011172,I/304/out,MJD-51263,MJD-51263.0 -> JD
2451541.5,278.0,16.76799964904785,r,69.308784,1.029184,0.030908748289860833,I/304/out,MJD-51263,MJD-51263.0 -> JD
2451541.5,278.0,16.100000381469727,r,69.338213,0.987166,0.03316126982820332,I/304/out,MJD-51263,MJD-51263.0 -> JD
2451541.5,278.0,17.280000686645508,r,69.276422,0.981971,0.03465802538396696,I/304/out,MJD-51263,MJD-51263.0 -> JD
2451541.5,278.0,14.866000175476074,r,69.292158,1.030167,0.03512001628146931,I/304/out,MJD-51263,MJD-51263.0 -> JD
2451541.5,278.0,16.440000534057617,r,69.276114,1.019299,0.037313906672589714,I/304/out,MJD-51263,MJD-51263.0 -> JD
2451541.5,278.0,15.753000259399414,r,69.322596,1.03323,0.038234589846205286,I/304/out,MJD-51263,MJD-51263.0 -> JD
2451541.5,278.0,16.281999588012695,r,69.27156,0.982113,0.0389520473140905,I/304/out,MJD-51263,MJD-51263.0 -> JD
2451541.5,278.0,15.017000198364258,r,69.278295,0.971366,0.03936545294671014,I/304/out,MJD-51263,MJD-51263.0 -> JD
2451541.5,278.0,15.557999610900879,r,69.331077,1.030773,0.04041136363365925,I/304/out,MJD-51263,MJD-51263.0 -> JD
2451541.5,278.0,17.16200065612793,r,69.28159,0.963204,0.04333873273640777,I/304/out,MJD-51263,MJD-51263.0 -> JD
2451541.5,278.0,13.970999717712402,r,69.327335,1.037279,0.04394667113512041,I/304/out,MJD-51263,MJD-51263.0 -> JD
2451541.5,278.0,13.77299976348877,r,69.269524,0.973838,0.044748580806210754,I/304/out,MJD-51263,MJD-51263.0 -> JD
2451541.5,278.0,17.301000595092773,r,69.311447,0.951757,0.046784302639782366,I/304/out,MJD-51263,MJD-51263.0 -> JD
2451541.5,278.0,17.368999481201172,r,69.310432,0.950708,0.047744586067545405,I/304/out,MJD-51263,MJD-51263.0 -> JD
2451541.5,278.0,16.466999053955078,r,69.311608,0.950355,0.04819527332723812,I/304/out,MJD-51263,MJD-51263.0 -> JD
2451541.5,278.0,16.73900032043457,r,69.276027,1.035354,0.04825813640452567,I/304/out,MJD-51263,MJD-51263.0 -> JD
2451541.5,278.0,16.55299949645996,r,69.311485,0.94655,0.051973194588148613,I/304/out,MJD-51263,MJD-51263.0 -> JD
2451541.5,278.0,16.886999130249023,r,69.310402,0.944131,0.05430457982090604,I/304/out,MJD-51263,MJD-51263.0 -> JD
2451541.5,278.0,16.74799919128418,r,69.325999,0.946447,0.055255418893105195,I/304/out,MJD-51263,MJD-51263.0 -> JD
2451541.5,278.0,16.663999557495117,r,69.341991,1.042574,0.05641779874769295,I/304/out,MJD-51263,MJD-51263.0 -> JD
2451541.5,278.0,16.242000579833984,r,69.278089,1.049774,0.05900210213155349,I/304/out,MJD-51263,MJD-51263.0 -> JD
2451541.5,278.0,15.645000457763672,r,69.354195,0.961769,0.059707316513241224,I/304/out,MJD-51263,MJD-51263.0 -> JD
2451538.5,275.0,16.878000259399414,r,69.297878,1.05757,0.059937407725668114,I/304/out,MJD-51263,MJD-51263.0 -> JD
2451540.5,277.0,17.16699981689453,r,69.330428,1.053866,0.06028291690862352,I/304/out,MJD-51263,MJD-51263.0 -> JD
2451541.5,278.0,12.616999626159668,r,69.361035,0.968908,0.061533674714728384,I/304/out,MJD-51263,MJD-51263.0 -> JD
2451541.5,278.0,14.057999610900879,r,69.255257,1.033111,0.06232578157262689,I/304/out,MJD-51263,MJD-51263.0 -> JD
2451541.5,278.0,15.76099967956543,r,69.252642,0.96758,0.062429097222510825,I/304/out,MJD-51263,MJD-51263.0 -> JD
2451541.5,278.0,16.610000610351562,r,69.310381,0.931571,0.06684326249052867,I/304/out,MJD-51263,MJD-51263.0 -> JD
2451541.5,278.0,16.243000030517578,r,69.359617,0.951429,0.07049213839434297,I/304/out,MJD-51263,MJD-51263.0 -> JD
2451536.5,273.0,15.166000366210938,r,69.300249,0.92705,0.0715950166942804,I/304/out,MJD-51263,MJD-51263.0 -> JD
2451539.5,276.0,15.972000122070312,r,69.32028,0.925195,0.07433165804842895,I/304/out,MJD-51263,MJD-51263.0 -> JD
2451539.5,276.0,11.781999588012695,r,69.315758,0.922898,0.0759384823730991,I/304/out,MJD-51263,MJD-51263.0 -> JD
2451541.5,278.0,15.512999534606934,r,69.369123,1.04521,0.07783455510268103,I/304/out,MJD-51263,MJD-51263.0 -> JD
2451540.5,277.0,16.516000747680664,r,69.331625,1.074208,0.07978021655056211,I/304/out,MJD-51263,MJD-51263.0 -> JD
2451540.5,277.0,12.324000358581543,r,69.325282,1.079558,0.08326538501506123,I/304/out,MJD-51263,MJD-51263.0 -> JD
2451540.5,277.0,16.67099952697754,r,69.269074,1.072724,0.08349454167067881,I/304/out,MJD-51263,MJD-51263.0 -> JD
2451541.5,278.0,15.88700008392334,r,69.375939,0.951224,0.08350127581397333,I/304/out,MJD-51263,MJD-51263.0 -> JD
2451541.5,278.0,13.053000450134277,r,69.391654,1.012209,0.08578946098684466,I/304/out,MJD-51263,MJD-51263.0 -> JD
2451541.5,278.0,15.49899959564209,r,69.237187,1.048978,0.08622775600830151,I/304/out,MJD-51263,MJD-51263.0 -> JD
2451541.5,278.0,16.69300079345703,r,69.222827,0.97854,0.08643789977516635,I/304/out,MJD-51263,MJD-51263.0 -> JD
2451541.5,278.0,14.031999588012695,r,69.391759,0.979911,0.0867420325755906,I/304/out,MJD-51263,MJD-51263.0 -> JD
2451541.5,278.0,16.341999053955078,r,69.217473,1.009121,0.09014372919902289,I/304/out,MJD-51263,MJD-51263.0 -> JD
2451541.5,278.0,13.97599983215332,r,69.222883,0.960422,0.09223568895837429,I/304/out,MJD-51263,MJD-51263.0 -> JD
2451541.5,278.0,16.195999145507812,r,69.399079,1.008896,0.09268735379551522,I/304/out,MJD-51263,MJD-51263.0 -> JD
2451541.5,278.0,17.48900032043457,r,69.215163,0.982296,0.09319455772441335,I/304/out,MJD-51263,MJD-51263.0 -> JD
2451541.5,278.0,16.92300033569336,r,69.308183,0.904895,0.09344052672878496,I/304/out,MJD-51263,MJD-51263.0 -> JD
2451540.5,277.0,16.572999954223633,r,69.363734,1.074146,0.09470024208587327,I/304/out,MJD-51263,MJD-51263.0 -> JD
2451541.5,278.0,15.972999572753906,r,69.307737,0.902724,0.09560679047383104,I/304/out,MJD-51263,MJD-51263.0 -> JD
2451539.5,276.0,15.774999618530273,r,69.369599,0.925205,0.09626386300004558,I/304/out,MJD-51263,MJD-51263.0 -> JD
2451541.5,278.0,11.682000160217285,r,69.396716,1.034637,0.09678851820925842,I/304/out,MJD-51263,MJD-51263.0 -> JD
2451541.5,278.0,15.751999855041504,r,69.388135,0.945296,0.09693446543883286,I/304/out,MJD-51263,MJD-51263.0 -> JD
2451539.5,276.0,15.258999824523926,r,69.316964,0.901861,0.0969817443409913,I/304/out,MJD-51263,MJD-51263.0 -> JD
2451541.5,278.0,16.9950008392334,r,69.306919,0.900766,0.09756183032244861,I/304/out,MJD-51263,MJD-51263.0 -> JD
2451541.5,278.0,16.101999282836914,r,69.401125,0.969299,0.09850363946917079,I/304/out,MJD-51263,MJD-51263.0 -> JD
2451541.5,278.0,16.336999893188477,r,69.209004,0.987476,0.09856248646813014,I/304/out,MJD-51263,MJD-51263.0 -> JD
2451540.5,277.0,14.75100040435791,r,69.331921,1.096359,0.10115266175737829,I/304/out,MJD-51263,MJD-51263.0 -> JD
2451541.5,278.0,10.609999656677246,r,69.206622,0.96677,0.10519058417033478,I/304/out,MJD-51263,MJD-51263.0 -> JD
2451540.5,277.0,16.082000732421875,r,69.28608,1.101662,0.10542628118190148,I/304/out,MJD-51263,MJD-51263.0 -> JD
2451540.5,277.0,16.214000701904297,r,69.24684,1.086139,0.10642680780600686,I/304/out,MJD-51263,MJD-51263.0 -> JD
2451540.5,277.0,11.812999725341797,r,69.268297,1.101096,0.10980585544052589,I/304/out,MJD-51263,MJD-51263.0 -> JD
2451540.5,277.0,17.150999069213867,r,69.214146,1.060894,0.11193866009839094,I/304/out,MJD-51263,MJD-51263.0 -> JD
2451541.5,278.0,17.336000442504883,r,69.407489,0.948924,0.1119798204895449,I/304/out,MJD-51263,MJD-51263.0 -> JD
2451541.5,278.0,16.195999145507812,r,69.207277,0.946234,0.11248104280978262,I/304/out,MJD-51263,MJD-51263.0 -> JD
2451539.5,276.0,14.149999618530273,r,69.276542,0.889233,0.11326084178716399,I/304/out,MJD-51263,MJD-51263.0 -> JD
2451541.5,278.0,15.42199993133545,r,69.410414,1.046979,0.11428784972188552,I/304/out,MJD-51263,MJD-51263.0 -> JD
2451541.5,278.0,16.805999755859375,r,69.213139,0.931988,0.11491290441867998,I/304/out,MJD-51263,MJD-51263.0 -> JD
2451541.5,278.0,17.194000244140625,r,69.421574,1.013617,0.11558997690400523,I/304/out,MJD-51263,MJD-51263.0 -> JD
2451541.5,278.0,16.320999145507812,r,69.423098,1.003901,0.11623198638819647,I/304/out,MJD-51263,MJD-51263.0 -> JD
2451539.5,276.0,13.545000076293945,r,69.21016,0.932527,0.11705374848134377,I/304/out,MJD-51263,MJD-51263.0 -> JD
2451540.5,277.0,16.663000106811523,r,69.407375,1.058819,0.11719511005781198,I/304/out,MJD-51263,MJD-51263.0 -> JD
2451541.5,278.0,16.599000930786133,r,69.399546,0.920405,0.12098619270382023,I/304/out,MJD-51263,MJD-51263.0 -> JD
2451541.5,278.0,13.519000053405762,r,69.19014,1.035918,0.1227223221242765,I/304/out,MJD-51263,MJD-51263.0 -> JD
2451539.5,276.0,13.355999946594238,r,69.350825,0.883695,0.12272885740623042,I/304/out,MJD-51263,MJD-51263.0 -> JD
2451540.5,277.0,16.643999099731445,r,69.376046,1.104407,0.12657419225576785,I/304/out,MJD-51263,MJD-51263.0 -> JD
2451539.5,276.0,11.39900016784668,r,69.194974,0.933076,0.12961489598857437,I/304/out,MJD-51263,MJD-51263.0 -> JD
2451539.5,276.0,13.369999885559082,r,69.257936,0.878104,0.12984077483046058,I/304/out,MJD-51263,MJD-51263.0 -> JD
2451541.5,278.0,17.485000610351562,r,69.203895,1.07909,0.13094259349122134,I/304/out,MJD-51263,MJD-51263.0 -> JD
2451540.5,277.0,16.445999145507812,r,69.353131,1.122464,0.13243411750840836,I/304/out,MJD-51263,MJD-51263.0 -> JD
2451540.5,277.0,16.929000854492188,r,69.298233,1.132785,0.13474143418955706,I/304/out,MJD-51263,MJD-51263.0 -> JD
2451541.5,278.0,17.261999130249023,r,69.199002,0.916756,0.13531584554772189,I/304/out,MJD-51263,MJD-51263.0 -> JD
2451539.5,276.0,14.135000228881836,r,69.396614,0.896467,0.13567359777610555,I/304/out,MJD-51263,MJD-51263.0 -> JD
2451541.5,278.0,16.843000411987305,r,69.190641,0.923512,0.13830697879111403,I/304/out,MJD-51263,MJD-51263.0 -> JD
2451541.5,278.0,15.786999702453613,r,69.176016,1.043305,0.13845429071381535,I/304/out,MJD-51263,MJD-51263.0 -> JD
2451539.5,276.0,15.477999687194824,r,69.411901,0.907726,0.13861327899397305,I/304/out,MJD-51263,MJD-51263.0 -> JD
2451540.5,277.0,16.829999923706055,r,69.192782,1.079488,0.14008683841208736,I/304/out,MJD-51263,MJD-51263.0 -> JD
2451539.5,276.0,15.737000465393066,r,69.266588,0.86381,0.14045028743325616,I/304/out,MJD-51263,MJD-51263.0 -> JD
2451541.5,278.0,15.793000221252441,r,69.443615,0.965059,0.1406055312277237,I/304/out,MJD-51263,MJD-51263.0 -> JD
2451539.5,276.0,16.892000198364258,r,69.382132,0.879167,0.14087336939732575,I/304/out,MJD-51263,MJD-51263.0 -> JD
2451540.5,277.0,16.22800064086914,r,69.186482,1.071831,0.141131937412725,I/304/out,MJD-51263,MJD-51263.0 -> JD
2451539.5,276.0,14.185999870300293,r,69.435533,0.939526,0.14134458130296454,I/304/out,MJD-51263,MJD-51263.0 -> JD
2451541.5,278.0,15.545000076293945,r,69.174021,1.046375,0.14135602423193164,I/304/out,MJD-51263,MJD-51263.0 -> JD
2451539.5,276.0,16.44700050354004,r,69.421034,0.913328,0.1422294231779478,I/304/out,MJD-51263,MJD-51263.0 -> JD
2451540.5,277.0,15.751999855041504,r,69.25437,1.130857,0.14258699058584096,I/304/out,MJD-51263,MJD-51263.0 -> JD
2451541.5,278.0,15.529000282287598,r,69.170232,1.039121,0.14268401932133107,I/304/out,MJD-51263,MJD-51263.0 -> JD
2451541.5,278.0,16.358999252319336,r,69.449707,1.004629,0.14284226751937584,I/304/out,MJD-51263,MJD-51263.0 -> JD
2451541.5,278.0,13.89799976348877,r,69.167389,1.032216,0.14362621986329444,I/304/out,MJD-51263,MJD-51263.0 -> JD
2451539.5,276.0,15.97700023651123,r,69.25464,0.864368,0.14381998637191565,I/304/out,MJD-51263,MJD-51263.0 -> JD
2451539.5,276.0,14.949999809265137,r,69.224099,0.879922,0.14452569445343824,I/304/out,MJD-51263,MJD-51263.0 -> JD
2451540.5,277.0,17.16900062561035,r,69.221471,1.115281,0.14487127545381076,I/304/out,MJD-51263,MJD-51263.0 -> JD
2451539.5,276.0,16.290000915527344,r,69.316322,0.851827,0.1467981625152036,I/304/out,MJD-51263,MJD-51263.0 -> JD
2451539.5,276.0,13.015999794006348,r,69.29421,0.850189,0.14868822403278273,I/304/out,MJD-51263,MJD-51263.0 -> JD
2451539.5,276.0,13.897000312805176,r,69.42434,0.906506,0.14899778975030734,I/304/out,MJD-51263,MJD-51263.0 -> JD
2451540.5,277.0,14.425999641418457,r,69.431087,1.082095,0.14971278928940626,I/304/out,MJD-51263,MJD-51263.0 -> JD
2451540.5,277.0,16.172000885009766,r,69.225587,1.124945,0.1505150442734191,I/304/out,MJD-51263,MJD-51263.0 -> JD
2451539.5,276.0,14.463000297546387,r,69.390705,0.872613,0.1510360431612306,I/304/out,MJD-51263,MJD-51263.0 -> JD
2451541.5,278.0,17.198999404907227,r,69.269879,1.145275,0.15155733353372158,I/304/out,MJD-51263,MJD-51263.0 -> JD
2451540.5,277.0,17.041000366210938,r,69.18441,1.088551,0.15218123720909843,I/304/out,MJD-51263,MJD-51263.0 -> JD
2451541.5,278.0,12.746000289916992,r,69.165031,0.941332,0.15294714343750934,I/304/out,MJD-51263,MJD-51263.0 -> JD
2451541.5,278.0,17.334999084472656,r,69.317009,1.151386,0.15338616370799382,I/304/out,MJD-51263,MJD-51263.0 -> JD
2451539.5,276.0,15.1899995803833,r,69.22868,0.864568,0.1549879473304275,I/304/out,MJD-51263,MJD-51263.0 -> JD
2451540.5,277.0,15.470999717712402,r,69.385418,1.132129,0.15508977592567655,I/304/out,MJD-51263,MJD-51263.0 -> JD
2451539.5,276.0,13.425000190734863,r,69.380123,0.86113,0.15547165926851317,I/304/out,MJD-51263,MJD-51263.0 -> JD
2451541.5,278.0,10.368000030517578,r,69.463789,0.996369,0.15679549994914518,I/304/out,MJD-51263,MJD-51263.0 -> JD
2451539.5,276.0,16.73200035095215,r,69.176112,0.909824,0.1579719091980591,I/304/out,MJD-51263,MJD-51263.0 -> JD
2451539.5,276.0,16.40399932861328,r,69.395461,0.866625,0.15865714715200102,I/304/out,MJD-51263,MJD-51263.0 -> JD
2451541.5,278.0,17.125999450683594,r,69.14692,0.994261,0.16008944572598754,I/304/out,MJD-51263,MJD-51263.0 -> JD
2451539.5,276.0,15.395000457763672,r,69.420649,0.885337,0.16026109800686805,I/304/out,MJD-51263,MJD-51263.0 -> JD
2451536.5,273.0,16.363000869750977,r,69.179014,0.901695,0.1603408815679989,I/304/out,MJD-51263,MJD-51263.0 -> JD
2451540.5,277.0,15.02299976348877,r,69.160042,1.062965,0.1605064986276477,I/304/out,MJD-51263,MJD-51263.0 -> JD
2451541.5,278.0,17.202999114990234,r,69.239028,0.852312,0.16105015795868824,I/304/out,MJD-51263,MJD-51263.0 -> JD
2451540.5,277.0,15.503000259399414,r,69.164282,1.075265,0.16209856647343865,I/304/out,MJD-51263,MJD-51263.0 -> JD
2451539.5,276.0,12.795000076293945,r,69.182904,0.893894,0.16216523685505668,I/304/out,MJD-51263,MJD-51263.0 -> JD
2451539.5,276.0,16.347999572753906,r,69.395667,0.862456,0.16224704657559016,I/304/out,MJD-51263,MJD-51263.0 -> JD
2451538.5,275.0,14.937999725341797,r,69.435505,1.097889,0.16255788561677154,I/304/out,MJD-51263,MJD-51263.0 -> JD
2451539.5,276.0,12.883999824523926,r,69.436911,0.900407,0.16268188814373652,I/304/out,MJD-51263,MJD-51263.0 -> JD
2451540.5,277.0,15.302000045776367,r,69.450587,1.075971,0.16323022681434748,I/304/out,MJD-51263,MJD-51263.0 -> JD
2451539.5,276.0,16.424999237060547,r,69.236066,0.849071,0.16524334096105192,I/304/out,MJD-51263,MJD-51263.0 -> JD
2451541.5,278.0,11.918000221252441,r,69.472042,1.014921,0.16586661889166862,I/304/out,MJD-51263,MJD-51263.0 -> JD
2451541.5,278.0,15.729000091552734,r,69.147371,1.044875,0.16623539353538966,I/304/out,MJD-51263,MJD-51263.0 -> JD
2451540.5,277.0,16.208999633789062,r,69.268498,1.160143,0.16632692517882952,I/304/out,MJD-51263,MJD-51263.0 -> JD
2451541.5,278.0,14.354999542236328,J,69.29449,0.987263,0.01668630384248902,I/304/out,MJD-51263,MJD-51263.0 -> JD
2451541.5,278.0,15.831999778747559,J,69.285605,1.007134,0.02311675378720445,I/304/out,MJD-51263,MJD-51263.0 -> JD
2451541.5,278.0,15.465999603271484,J,69.281524,1.005516,0.026449587060936305,I/304/out,MJD-51263,MJD-51263.0 -> JD
2451541.5,278.0,12.732000350952148,J,69.335585,1.007724,0.030102664922252043,I/304/out,MJD-51263,MJD-51263.0 -> JD
2451541.5,278.0,15.538000106811523,J,69.338213,0.987166,0.03316126982820332,I/304/out,MJD-51263,MJD-51263.0 -> JD
2451541.5,278.0,13.951000213623047,J,69.292158,1.030167,0.03512001628146931,I/304/out,MJD-51263,MJD-51263.0 -> JD
2451541.5,278.0,14.161999702453613,J,69.276114,1.019299,0.037313906672589714,I/304/out,MJD-51263,MJD-51263.0 -> JD
2451541.5,278.0,14.78499984741211,J,69.322596,1.03323,0.038234589846205286,I/304/out,MJD-51263,MJD-51263.0 -> JD
2451541.5,278.0,14.487000465393066,J,69.27156,0.982113,0.0389520473140905,I/304/out,MJD-51263,MJD-51263.0 -> JD
2451541.5,278.0,13.71399974822998,J,69.278295,0.971366,0.03936545294671014,I/304/out,MJD-51263,MJD-51263.0 -> JD
2451541.5,278.0,14.604000091552734,J,69.331077,1.030773,0.04041136363365925,I/304/out,MJD-51263,MJD-51263.0 -> JD
2451541.5,278.0,12.72599983215332,J,69.327335,1.037279,0.04394667113512041,I/304/out,MJD-51263,MJD-51263.0 -> JD
2451541.5,278.0,13.220999717712402,J,69.269524,0.973838,0.044748580806210754,I/304/out,MJD-51263,MJD-51263.0 -> JD
2451541.5,278.0,15.36400032043457,J,69.276027,1.035354,0.04825813640452567,I/304/out,MJD-51263,MJD-51263.0 -> JD
2451541.5,278.0,14.255000114440918,J,69.325999,0.946447,0.055255418893105195,I/304/out,MJD-51263,MJD-51263.0 -> JD
2451541.5,278.0,15.75100040435791,J,69.341991,1.042574,0.05641779874769295,I/304/out,MJD-51263,MJD-51263.0 -> JD
2451541.5,278.0,15.293000221252441,J,69.278089,1.049774,0.05900210213155349,I/304/out,MJD-51263,MJD-51263.0 -> JD
2451541.5,278.0,14.654999732971191,J,69.354195,0.961769,0.059707316513241224,I/304/out,MJD-51263,MJD-51263.0 -> JD
2451538.5,275.0,14.92300033569336,J,69.297878,1.05757,0.059937407725668114,I/304/out,MJD-51263,MJD-51263.0 -> JD
2451540.5,277.0,15.687000274658203,J,69.330428,1.053866,0.06028291690862352,I/304/out,MJD-51263,MJD-51263.0 -> JD
2451541.5,278.0,11.475000381469727,J,69.361035,0.968908,0.061533674714728384,I/304/out,MJD-51263,MJD-51263.0 -> JD
2451541.5,278.0,12.666000366210938,J,69.255257,1.033111,0.06232578157262689,I/304/out,MJD-51263,MJD-51263.0 -> JD
2451541.5,278.0,14.741999626159668,J,69.252642,0.96758,0.062429097222510825,I/304/out,MJD-51263,MJD-51263.0 -> JD
2451541.5,278.0,14.472000122070312,J,69.359617,0.951429,0.07049213839434297,I/304/out,MJD-51263,MJD-51263.0 -> JD
2451536.5,273.0,13.505999565124512,J,69.300249,0.92705,0.0715950166942804,I/304/out,MJD-51263,MJD-51263.0 -> JD
2451539.5,276.0,15.027999877929688,J,69.32028,0.925195,0.07433165804842895,I/304/out,MJD-51263,MJD-51263.0 -> JD
2451539.5,276.0,10.850000381469727,J,69.315758,0.922898,0.0759384823730991,I/304/out,MJD-51263,MJD-51263.0 -> JD
2451541.5,278.0,14.192999839782715,J,69.369123,1.04521,0.07783455510268103,I/304/out,MJD-51263,MJD-51263.0 -> JD
2451540.5,277.0,14.689000129699707,J,69.331625,1.074208,0.07978021655056211,I/304/out,MJD-51263,MJD-51263.0 -> JD
2451540.5,277.0,10.944000244140625,J,69.325282,1.079558,0.08326538501506123,I/304/out,MJD-51263,MJD-51263.0 -> JD
2451540.5,277.0,14.951000213623047,J,69.269074,1.072724,0.08349454167067881,I/304/out,MJD-51263,MJD-51263.0 -> JD
2451541.5,278.0,14.807000160217285,J,69.375939,0.951224,0.08350127581397333,I/304/out,MJD-51263,MJD-51263.0 -> JD
2451541.5,278.0,12.031000137329102,J,69.391654,1.012209,0.08578946098684466,I/304/out,MJD-51263,MJD-51263.0 -> JD
2451541.5,278.0,14.451000213623047,J,69.237187,1.048978,0.08622775600830151,I/304/out,MJD-51263,MJD-51263.0 -> JD
2451541.5,278.0,15.890999794006348,J,69.222827,0.97854,0.08643789977516635,I/304/out,MJD-51263,MJD-51263.0 -> JD
2451541.5,278.0,13.130999565124512,J,69.391759,0.979911,0.0867420325755906,I/304/out,MJD-51263,MJD-51263.0 -> JD
2451541.5,278.0,15.567000389099121,J,69.217473,1.009121,0.09014372919902289,I/304/out,MJD-51263,MJD-51263.0 -> JD
2451541.5,278.0,12.79699993133545,J,69.222883,0.960422,0.09223568895837429,I/304/out,MJD-51263,MJD-51263.0 -> JD
2451541.5,278.0,14.67300033569336,J,69.399079,1.008896,0.09268735379551522,I/304/out,MJD-51263,MJD-51263.0 -> JD
2451541.5,278.0,14.303000450134277,J,69.215163,0.982296,0.09319455772441335,I/304/out,MJD-51263,MJD-51263.0 -> JD
2451540.5,277.0,15.392999649047852,J,69.363734,1.074146,0.09470024208587327,I/304/out,MJD-51263,MJD-51263.0 -> JD
2451539.5,276.0,13.36299991607666,J,69.369599,0.925205,0.09626386300004558,I/304/out,MJD-51263,MJD-51263.0 -> JD
2451541.5,278.0,10.746999740600586,J,69.396716,1.034637,0.09678851820925842,I/304/out,MJD-51263,MJD-51263.0 -> JD
2451541.5,278.0,14.470000267028809,J,69.388135,0.945296,0.09693446543883286,I/304/out,MJD-51263,MJD-51263.0 -> JD
2451539.5,276.0,14.354000091552734,J,69.316964,0.901861,0.0969817443409913,I/304/out,MJD-51263,MJD-51263.0 -> JD
2451541.5,278.0,13.37600040435791,J,69.401125,0.969299,0.09850363946917079,I/304/out,MJD-51263,MJD-51263.0 -> JD
2451541.5,278.0,15.163000106811523,J,69.209004,0.987476,0.09856248646813014,I/304/out,MJD-51263,MJD-51263.0 -> JD
2451540.5,277.0,13.6899995803833,J,69.331921,1.096359,0.10115266175737829,I/304/out,MJD-51263,MJD-51263.0 -> JD
2451541.5,278.0,9.213000297546387,J,69.206622,0.96677,0.10519058417033478,I/304/out,MJD-51263,MJD-51263.0 -> JD
2451540.5,277.0,14.604999542236328,J,69.28608,1.101662,0.10542628118190148,I/304/out,MJD-51263,MJD-51263.0 -> JD
2451540.5,277.0,15.24899959564209,J,69.24684,1.086139,0.10642680780600686,I/304/out,MJD-51263,MJD-51263.0 -> JD
2451540.5,277.0,10.270000457763672,J,69.268297,1.101096,0.10980585544052589,I/304/out,MJD-51263,MJD-51263.0 -> JD
2451541.5,278.0,15.869999885559082,J,69.407489,0.948924,0.1119798204895449,I/304/out,MJD-51263,MJD-51263.0 -> JD
2451541.5,278.0,14.777000427246094,J,69.207277,0.946234,0.11248104280978262,I/304/out,MJD-51263,MJD-51263.0 -> JD
2451539.5,276.0,12.076000213623047,J,69.276542,0.889233,0.11326084178716399,I/304/out,MJD-51263,MJD-51263.0 -> JD
2451541.5,278.0,14.420999526977539,J,69.410414,1.046979,0.11428784972188552,I/304/out,MJD-51263,MJD-51263.0 -> JD
2451541.5,278.0,15.451000213623047,J,69.213139,0.931988,0.11491290441867998,I/304/out,MJD-51263,MJD-51263.0 -> JD
2451541.5,278.0,15.67199993133545,J,69.421574,1.013617,0.11558997690400523,I/304/out,MJD-51263,MJD-51263.0 -> JD
2451541.5,278.0,14.104000091552734,J,69.423098,1.003901,0.11623198638819647,I/304/out,MJD-51263,MJD-51263.0 -> JD
2451539.5,276.0,12.218000411987305,J,69.21016,0.932527,0.11705374848134377,I/304/out,MJD-51263,MJD-51263.0 -> JD
2451540.5,277.0,14.432000160217285,J,69.407375,1.058819,0.11719511005781198,I/304/out,MJD-51263,MJD-51263.0 -> JD
2451541.5,278.0,15.291000366210938,J,69.399546,0.920405,0.12098619270382023,I/304/out,MJD-51263,MJD-51263.0 -> JD
2451541.5,278.0,12.612000465393066,J,69.19014,1.035918,0.1227223221242765,I/304/out,MJD-51263,MJD-51263.0 -> JD
2451539.5,276.0,12.4350004196167,J,69.350825,0.883695,0.12272885740623042,I/304/out,MJD-51263,MJD-51263.0 -> JD
2451540.5,277.0,14.503000259399414,J,69.376046,1.104407,0.12657419225576785,I/304/out,MJD-51263,MJD-51263.0 -> JD
2451539.5,276.0,10.609000205993652,J,69.194974,0.933076,0.12961489598857437,I/304/out,MJD-51263,MJD-51263.0 -> JD
2451539.5,276.0,12.460000038146973,J,69.257936,0.878104,0.12984077483046058,I/304/out,MJD-51263,MJD-51263.0 -> JD
2451540.5,277.0,14.062999725341797,J,69.353131,1.122464,0.13243411750840836,I/304/out,MJD-51263,MJD-51263.0 -> JD
2451540.5,277.0,15.38599967956543,J,69.298233,1.132785,0.13474143418955706,I/304/out,MJD-51263,MJD-51263.0 -> JD
2451539.5,276.0,12.993000030517578,J,69.396614,0.896467,0.13567359777610555,I/304/out,MJD-51263,MJD-51263.0 -> JD
2451541.5,278.0,15.677000045776367,J,69.190641,0.923512,0.13830697879111403,I/304/out,MJD-51263,MJD-51263.0 -> JD
2451541.5,278.0,14.692000389099121,J,69.176016,1.043305,0.13845429071381535,I/304/out,MJD-51263,MJD-51263.0 -> JD
2451539.5,276.0,14.083999633789062,J,69.411901,0.907726,0.13861327899397305,I/304/out,MJD-51263,MJD-51263.0 -> JD
2451540.5,277.0,14.973999977111816,J,69.192782,1.079488,0.14008683841208736,I/304/out,MJD-51263,MJD-51263.0 -> JD
2451539.5,276.0,14.63700008392334,J,69.266588,0.86381,0.14045028743325616,I/304/out,MJD-51263,MJD-51263.0 -> JD
2451541.5,278.0,14.545000076293945,J,69.443615,0.965059,0.1406055312277237,I/304/out,MJD-51263,MJD-51263.0 -> JD
2451539.5,276.0,15.383999824523926,J,69.382132,0.879167,0.14087336939732575,I/304/out,MJD-51263,MJD-51263.0 -> JD
2451540.5,277.0,14.470000267028809,J,69.186482,1.071831,0.141131937412725,I/304/out,MJD-51263,MJD-51263.0 -> JD
2451539.5,276.0,13.142999649047852,J,69.435533,0.939526,0.14134458130296454,I/304/out,MJD-51263,MJD-51263.0 -> JD
2451541.5,278.0,13.45300006866455,J,69.174021,1.046375,0.14135602423193164,I/304/out,MJD-51263,MJD-51263.0 -> JD
2451539.5,276.0,13.112000465393066,J,69.421034,0.913328,0.1422294231779478,I/304/out,MJD-51263,MJD-51263.0 -> JD
2451540.5,277.0,14.559000015258789,J,69.25437,1.130857,0.14258699058584096,I/304/out,MJD-51263,MJD-51263.0 -> JD
2451541.5,278.0,14.114999771118164,J,69.170232,1.039121,0.14268401932133107,I/304/out,MJD-51263,MJD-51263.0 -> JD
2451541.5,278.0,14.293000221252441,J,69.449707,1.004629,0.14284226751937584,I/304/out,MJD-51263,MJD-51263.0 -> JD
2451541.5,278.0,12.843000411987305,J,69.167389,1.032216,0.14362621986329444,I/304/out,MJD-51263,MJD-51263.0 -> JD
2451539.5,276.0,14.899999618530273,J,69.25464,0.864368,0.14381998637191565,I/304/out,MJD-51263,MJD-51263.0 -> JD
2451539.5,276.0,14.034000396728516,J,69.224099,0.879922,0.14452569445343824,I/304/out,MJD-51263,MJD-51263.0 -> JD
2451540.5,277.0,15.678000450134277,J,69.221471,1.115281,0.14487127545381076,I/304/out,MJD-51263,MJD-51263.0 -> JD
2451539.5,276.0,15.041999816894531,J,69.316322,0.851827,0.1467981625152036,I/304/out,MJD-51263,MJD-51263.0 -> JD
2451539.5,276.0,12.119000434875488,J,69.29421,0.850189,0.14868822403278273,I/304/out,MJD-51263,MJD-51263.0 -> JD
2451539.5,276.0,12.89900016784668,J,69.42434,0.906506,0.14899778975030734,I/304/out,MJD-51263,MJD-51263.0 -> JD
2451540.5,277.0,13.439000129699707,J,69.431087,1.082095,0.14971278928940626,I/304/out,MJD-51263,MJD-51263.0 -> JD
2451540.5,277.0,14.9399995803833,J,69.225587,1.124945,0.1505150442734191,I/304/out,MJD-51263,MJD-51263.0 -> JD
2451539.5,276.0,13.461000442504883,J,69.390705,0.872613,0.1510360431612306,I/304/out,MJD-51263,MJD-51263.0 -> JD
2451541.5,278.0,15.493000030517578,J,69.269879,1.145275,0.15155733353372158,I/304/out,MJD-51263,MJD-51263.0 -> JD
2451540.5,277.0,15.609999656677246,J,69.18441,1.088551,0.15218123720909843,I/304/out,MJD-51263,MJD-51263.0 -> JD
2451541.5,278.0,11.656999588012695,J,69.165031,0.941332,0.15294714343750934,I/304/out,MJD-51263,MJD-51263.0 -> JD
2451541.5,278.0,15.164999961853027,J,69.317009,1.151386,0.15338616370799382,I/304/out,MJD-51263,MJD-51263.0 -> JD
2451539.5,276.0,14.11400032043457,J,69.22868,0.864568,0.1549879473304275,I/304/out,MJD-51263,MJD-51263.0 -> JD
2451540.5,277.0,14.03600025177002,J,69.385418,1.132129,0.15508977592567655,I/304/out,MJD-51263,MJD-51263.0 -> JD
2451539.5,276.0,12.480999946594238,J,69.380123,0.86113,0.15547165926851317,I/304/out,MJD-51263,MJD-51263.0 -> JD
2451541.5,278.0,9.574999809265137,J,69.463789,0.996369,0.15679549994914518,I/304/out,MJD-51263,MJD-51263.0 -> JD
2451539.5,276.0,15.404999732971191,J,69.395461,0.866625,0.15865714715200102,I/304/out,MJD-51263,MJD-51263.0 -> JD
2451541.5,278.0,15.869999885559082,J,69.14692,0.994261,0.16008944572598754,I/304/out,MJD-51263,MJD-51263.0 -> JD
2451539.5,276.0,14.315999984741211,J,69.420649,0.885337,0.16026109800686805,I/304/out,MJD-51263,MJD-51263.0 -> JD
2451540.5,277.0,13.878000259399414,J,69.160042,1.062965,0.1605064986276477,I/304/out,MJD-51263,MJD-51263.0 -> JD
2451541.5,278.0,15.692000389099121,J,69.239028,0.852312,0.16105015795868824,I/304/out,MJD-51263,MJD-51263.0 -> JD
2451540.5,277.0,14.29800033569336,J,69.164282,1.075265,0.16209856647343865,I/304/out,MJD-51263,MJD-51263.0 -> JD
2451539.5,276.0,11.638999938964844,J,69.182904,0.893894,0.16216523685505668,I/304/out,MJD-51263,MJD-51263.0 -> JD
2451539.5,276.0,15.173999786376953,J,69.395667,0.862456,0.16224704657559016,I/304/out,MJD-51263,MJD-51263.0 -> JD
2451538.5,275.0,13.574000358581543,J,69.435505,1.097889,0.16255788561677154,I/304/out,MJD-51263,MJD-51263.0 -> JD
2451539.5,276.0,11.404999732971191,J,69.436911,0.900407,0.16268188814373652,I/304/out,MJD-51263,MJD-51263.0 -> JD
2451540.5,277.0,14.338000297546387,J,69.450587,1.075971,0.16323022681434748,I/304/out,MJD-51263,MJD-51263.0 -> JD
2451539.5,276.0,15.22599983215332,J,69.236066,0.849071,0.16524334096105192,I/304/out,MJD-51263,MJD-51263.0 -> JD
2451541.5,278.0,11.057999610900879,J,69.472042,1.014921,0.16586661889166862,I/304/out,MJD-51263,MJD-51263.0 -> JD
2451541.5,278.0,14.467000007629395,J,69.147371,1.044875,0.16623539353538966,I/304/out,MJD-51263,MJD-51263.0 -> JD
2451540.5,277.0,13.963000297546387,J,69.268498,1.160143,0.16632692517882952,I/304/out,MJD-51263,MJD-51263.0 -> JD
2451541.5,278.0,14.130000114440918,H,69.29449,0.987263,0.01668630384248902,I/304/out,MJD-51263,MJD-51263.0 -> JD
2451541.5,278.0,15.140999794006348,H,69.281524,1.005516,0.026449587060936305,I/304/out,MJD-51263,MJD-51263.0 -> JD
2451541.5,278.0,12.380999565124512,H,69.335585,1.007724,0.030102664922252043,I/304/out,MJD-51263,MJD-51263.0 -> JD
2451541.5,278.0,15.029000282287598,H,69.338213,0.987166,0.03316126982820332,I/304/out,MJD-51263,MJD-51263.0 -> JD
2451541.5,278.0,13.638999938964844,H,69.292158,1.030167,0.03512001628146931,I/304/out,MJD-51263,MJD-51263.0 -> JD
2451541.5,278.0,13.5600004196167,H,69.276114,1.019299,0.037313906672589714,I/304/out,MJD-51263,MJD-51263.0 -> JD
2451541.5,278.0,14.428000450134277,H,69.322596,1.03323,0.038234589846205286,I/304/out,MJD-51263,MJD-51263.0 -> JD
2451541.5,278.0,13.862000465393066,H,69.27156,0.982113,0.0389520473140905,I/304/out,MJD-51263,MJD-51263.0 -> JD
2451541.5,278.0,13.177000045776367,H,69.278295,0.971366,0.03936545294671014,I/304/out,MJD-51263,MJD-51263.0 -> JD
2451541.5,278.0,14.26200008392334,H,69.331077,1.030773,0.04041136363365925,I/304/out,MJD-51263,MJD-51263.0 -> JD
2451541.5,278.0,12.36400032043457,H,69.327335,1.037279,0.04394667113512041,I/304/out,MJD-51263,MJD-51263.0 -> JD
2451541.5,278.0,13.187999725341797,H,69.269524,0.973838,0.044748580806210754,I/304/out,MJD-51263,MJD-51263.0 -> JD
2451541.5,278.0,14.793000221252441,H,69.276027,1.035354,0.04825813640452567,I/304/out,MJD-51263,MJD-51263.0 -> JD
2451541.5,278.0,13.536999702453613,H,69.325999,0.946447,0.055255418893105195,I/304/out,MJD-51263,MJD-51263.0 -> JD
2451541.5,278.0,14.310999870300293,H,69.354195,0.961769,0.059707316513241224,I/304/out,MJD-51263,MJD-51263.0 -> JD
2451538.5,275.0,14.197999954223633,H,69.297878,1.05757,0.059937407725668114,I/304/out,MJD-51263,MJD-51263.0 -> JD
2451541.5,278.0,11.178999900817871,H,69.361035,0.968908,0.061533674714728384,I/304/out,MJD-51263,MJD-51263.0 -> JD
2451541.5,278.0,12.199000358581543,H,69.255257,1.033111,0.06232578157262689,I/304/out,MJD-51263,MJD-51263.0 -> JD
2451541.5,278.0,14.541999816894531,H,69.252642,0.96758,0.062429097222510825,I/304/out,MJD-51263,MJD-51263.0 -> JD
2451541.5,278.0,13.848999977111816,H,69.359617,0.951429,0.07049213839434297,I/304/out,MJD-51263,MJD-51263.0 -> JD
2451536.5,273.0,12.927000045776367,H,69.300249,0.92705,0.0715950166942804,I/304/out,MJD-51263,MJD-51263.0 -> JD
2451539.5,276.0,14.680000305175781,H,69.32028,0.925195,0.07433165804842895,I/304/out,MJD-51263,MJD-51263.0 -> JD
2451539.5,276.0,10.550000190734863,H,69.315758,0.922898,0.0759384823730991,I/304/out,MJD-51263,MJD-51263.0 -> JD
2451541.5,278.0,13.824000358581543,H,69.369123,1.04521,0.07783455510268103,I/304/out,MJD-51263,MJD-51263.0 -> JD
2451540.5,277.0,14.098999977111816,H,69.331625,1.074208,0.07978021655056211,I/304/out,MJD-51263,MJD-51263.0 -> JD
2451540.5,277.0,10.51200008392334,H,69.325282,1.079558,0.08326538501506123,I/304/out,MJD-51263,MJD-51263.0 -> JD
2451540.5,277.0,14.24899959564209,H,69.269074,1.072724,0.08349454167067881,I/304/out,MJD-51263,MJD-51263.0 -> JD
2451541.5,278.0,14.430000305175781,H,69.375939,0.951224,0.08350127581397333,I/304/out,MJD-51263,MJD-51263.0 -> JD
2451541.5,278.0,11.729000091552734,H,69.391654,1.012209,0.08578946098684466,I/304/out,MJD-51263,MJD-51263.0 -> JD
2451541.5,278.0,14.16100025177002,H,69.237187,1.048978,0.08622775600830151,I/304/out,MJD-51263,MJD-51263.0 -> JD
2451541.5,278.0,12.798999786376953,H,69.391759,0.979911,0.0867420325755906,I/304/out,MJD-51263,MJD-51263.0 -> JD
2451541.5,278.0,15.050000190734863,H,69.217473,1.009121,0.09014372919902289,I/304/out,MJD-51263,MJD-51263.0 -> JD
2451541.5,278.0,12.395999908447266,H,69.222883,0.960422,0.09223568895837429,I/304/out,MJD-51263,MJD-51263.0 -> JD
2451541.5,278.0,14.20300006866455,H,69.399079,1.008896,0.09268735379551522,I/304/out,MJD-51263,MJD-51263.0 -> JD
2451541.5,278.0,13.675999641418457,H,69.215163,0.982296,0.09319455772441335,I/304/out,MJD-51263,MJD-51263.0 -> JD
2451540.5,277.0,15.0600004196167,H,69.363734,1.074146,0.09470024208587327,I/304/out,MJD-51263,MJD-51263.0 -> JD
2451539.5,276.0,12.670000076293945,H,69.369599,0.925205,0.09626386300004558,I/304/out,MJD-51263,MJD-51263.0 -> JD
2451541.5,278.0,10.484000205993652,H,69.396716,1.034637,0.09678851820925842,I/304/out,MJD-51263,MJD-51263.0 -> JD
2451541.5,278.0,14.032999992370605,H,69.388135,0.945296,0.09693446543883286,I/304/out,MJD-51263,MJD-51263.0 -> JD
2451539.5,276.0,14.008000373840332,H,69.316964,0.901861,0.0969817443409913,I/304/out,MJD-51263,MJD-51263.0 -> JD
2451541.5,278.0,12.71500015258789,H,69.401125,0.969299,0.09850363946917079,I/304/out,MJD-51263,MJD-51263.0 -> JD
2451541.5,278.0,14.61299991607666,H,69.209004,0.987476,0.09856248646813014,I/304/out,MJD-51263,MJD-51263.0 -> JD
2451540.5,277.0,13.413999557495117,H,69.331921,1.096359,0.10115266175737829,I/304/out,MJD-51263,MJD-51263.0 -> JD
2451541.5,278.0,8.711999893188477,H,69.206622,0.96677,0.10519058417033478,I/304/out,MJD-51263,MJD-51263.0 -> JD
2451540.5,277.0,14.135000228881836,H,69.28608,1.101662,0.10542628118190148,I/304/out,MJD-51263,MJD-51263.0 -> JD
2451540.5,277.0,14.791999816894531,H,69.24684,1.086139,0.10642680780600686,I/304/out,MJD-51263,MJD-51263.0 -> JD
2451540.5,277.0,9.765000343322754,H,69.268297,1.101096,0.10980585544052589,I/304/out,MJD-51263,MJD-51263.0 -> JD
2451541.5,278.0,14.420999526977539,H,69.207277,0.946234,0.11248104280978262,I/304/out,MJD-51263,MJD-51263.0 -> JD
2451539.5,276.0,11.437999725341797,H,69.276542,0.889233,0.11326084178716399,I/304/out,MJD-51263,MJD-51263.0 -> JD
2451541.5,278.0,14.156999588012695,H,69.410414,1.046979,0.11428784972188552,I/304/out,MJD-51263,MJD-51263.0 -> JD
2451541.5,278.0,15.029999732971191,H,69.213139,0.931988,0.11491290441867998,I/304/out,MJD-51263,MJD-51263.0 -> JD
2451541.5,278.0,14.913000106811523,H,69.421574,1.013617,0.11558997690400523,I/304/out,MJD-51263,MJD-51263.0 -> JD
2451541.5,278.0,13.470999717712402,H,69.423098,1.003901,0.11623198638819647,I/304/out,MJD-51263,MJD-51263.0 -> JD
2451539.5,276.0,11.720999717712402,H,69.21016,0.932527,0.11705374848134377,I/304/out,MJD-51263,MJD-51263.0 -> JD
2451540.5,277.0,13.812000274658203,H,69.407375,1.058819,0.11719511005781198,I/304/out,MJD-51263,MJD-51263.0 -> JD
2451541.5,278.0,14.699000358581543,H,69.399546,0.920405,0.12098619270382023,I/304/out,MJD-51263,MJD-51263.0 -> JD
2451541.5,278.0,12.444999694824219,H,69.19014,1.035918,0.1227223221242765,I/304/out,MJD-51263,MJD-51263.0 -> JD
2451539.5,276.0,12.104000091552734,H,69.350825,0.883695,0.12272885740623042,I/304/out,MJD-51263,MJD-51263.0 -> JD
2451540.5,277.0,13.97700023651123,H,69.376046,1.104407,0.12657419225576785,I/304/out,MJD-51263,MJD-51263.0 -> JD
2451539.5,276.0,10.439000129699707,H,69.194974,0.933076,0.12961489598857437,I/304/out,MJD-51263,MJD-51263.0 -> JD
2451539.5,276.0,12.185999870300293,H,69.257936,0.878104,0.12984077483046058,I/304/out,MJD-51263,MJD-51263.0 -> JD
2451540.5,277.0,13.317999839782715,H,69.353131,1.122464,0.13243411750840836,I/304/out,MJD-51263,MJD-51263.0 -> JD
2451540.5,277.0,14.85099983215332,H,69.298233,1.132785,0.13474143418955706,I/304/out,MJD-51263,MJD-51263.0 -> JD
2451539.5,276.0,12.574000358581543,H,69.396614,0.896467,0.13567359777610555,I/304/out,MJD-51263,MJD-51263.0 -> JD
2451541.5,278.0,14.402999877929688,H,69.176016,1.043305,0.13845429071381535,I/304/out,MJD-51263,MJD-51263.0 -> JD
2451539.5,276.0,13.57699966430664,H,69.411901,0.907726,0.13861327899397305,I/304/out,MJD-51263,MJD-51263.0 -> JD
2451540.5,277.0,14.36299991607666,H,69.192782,1.079488,0.14008683841208736,I/304/out,MJD-51263,MJD-51263.0 -> JD
2451539.5,276.0,14.258999824523926,H,69.266588,0.86381,0.14045028743325616,I/304/out,MJD-51263,MJD-51263.0 -> JD
2451541.5,278.0,14.265999794006348,H,69.443615,0.965059,0.1406055312277237,I/304/out,MJD-51263,MJD-51263.0 -> JD
2451540.5,277.0,13.871999740600586,H,69.186482,1.071831,0.141131937412725,I/304/out,MJD-51263,MJD-51263.0 -> JD
2451539.5,276.0,12.87600040435791,H,69.435533,0.939526,0.14134458130296454,I/304/out,MJD-51263,MJD-51263.0 -> JD
2451541.5,278.0,12.793999671936035,H,69.174021,1.046375,0.14135602423193164,I/304/out,MJD-51263,MJD-51263.0 -> JD
2451539.5,276.0,12.54699993133545,H,69.421034,0.913328,0.1422294231779478,I/304/out,MJD-51263,MJD-51263.0 -> JD
2451540.5,277.0,14.232000350952148,H,69.25437,1.130857,0.14258699058584096,I/304/out,MJD-51263,MJD-51263.0 -> JD
2451541.5,278.0,13.60099983215332,H,69.170232,1.039121,0.14268401932133107,I/304/out,MJD-51263,MJD-51263.0 -> JD
2451541.5,278.0,13.654000282287598,H,69.449707,1.004629,0.14284226751937584,I/304/out,MJD-51263,MJD-51263.0 -> JD
2451541.5,278.0,12.604000091552734,H,69.167389,1.032216,0.14362621986329444,I/304/out,MJD-51263,MJD-51263.0 -> JD
2451539.5,276.0,14.576000213623047,H,69.25464,0.864368,0.14381998637191565,I/304/out,MJD-51263,MJD-51263.0 -> JD
2451539.5,276.0,13.74899959564209,H,69.224099,0.879922,0.14452569445343824,I/304/out,MJD-51263,MJD-51263.0 -> JD
2451540.5,277.0,14.765999794006348,H,69.221471,1.115281,0.14487127545381076,I/304/out,MJD-51263,MJD-51263.0 -> JD
2451539.5,276.0,14.640999794006348,H,69.316322,0.851827,0.1467981625152036,I/304/out,MJD-51263,MJD-51263.0 -> JD
2451539.5,276.0,11.880999565124512,H,69.29421,0.850189,0.14868822403278273,I/304/out,MJD-51263,MJD-51263.0 -> JD
2451539.5,276.0,12.670000076293945,H,69.42434,0.906506,0.14899778975030734,I/304/out,MJD-51263,MJD-51263.0 -> JD
2451540.5,277.0,13.185999870300293,H,69.431087,1.082095,0.14971278928940626,I/304/out,MJD-51263,MJD-51263.0 -> JD
2451540.5,277.0,14.727999687194824,H,69.225587,1.124945,0.1505150442734191,I/304/out,MJD-51263,MJD-51263.0 -> JD
2451539.5,276.0,13.098999977111816,H,69.390705,0.872613,0.1510360431612306,I/304/out,MJD-51263,MJD-51263.0 -> JD
2451541.5,278.0,15.020000457763672,H,69.269879,1.145275,0.15155733353372158,I/304/out,MJD-51263,MJD-51263.0 -> JD
2451540.5,277.0,15.04699993133545,H,69.18441,1.088551,0.15218123720909843,I/304/out,MJD-51263,MJD-51263.0 -> JD
2451541.5,278.0,11.335000038146973,H,69.165031,0.941332,0.15294714343750934,I/304/out,MJD-51263,MJD-51263.0 -> JD
2451541.5,278.0,14.550000190734863,H,69.317009,1.151386,0.15338616370799382,I/304/out,MJD-51263,MJD-51263.0 -> JD
2451539.5,276.0,13.666000366210938,H,69.22868,0.864568,0.1549879473304275,I/304/out,MJD-51263,MJD-51263.0 -> JD
2451540.5,277.0,13.595999717712402,H,69.385418,1.132129,0.15508977592567655,I/304/out,MJD-51263,MJD-51263.0 -> JD
2451539.5,276.0,12.189000129699707,H,69.380123,0.86113,0.15547165926851317,I/304/out,MJD-51263,MJD-51263.0 -> JD
2451541.5,278.0,9.388999938964844,H,69.463789,0.996369,0.15679549994914518,I/304/out,MJD-51263,MJD-51263.0 -> JD
2451539.5,276.0,15.182000160217285,H,69.395461,0.866625,0.15865714715200102,I/304/out,MJD-51263,MJD-51263.0 -> JD
2451541.5,278.0,15.461000442504883,H,69.14692,0.994261,0.16008944572598754,I/304/out,MJD-51263,MJD-51263.0 -> JD
2451539.5,276.0,13.876999855041504,H,69.420649,0.885337,0.16026109800686805,I/304/out,MJD-51263,MJD-51263.0 -> JD
2451540.5,277.0,13.532999992370605,H,69.160042,1.062965,0.1605064986276477,I/304/out,MJD-51263,MJD-51263.0 -> JD
2451540.5,277.0,13.942000389099121,H,69.164282,1.075265,0.16209856647343865,I/304/out,MJD-51263,MJD-51263.0 -> JD
2451539.5,276.0,11.276000022888184,H,69.182904,0.893894,0.16216523685505668,I/304/out,MJD-51263,MJD-51263.0 -> JD
2451539.5,276.0,14.71399974822998,H,69.395667,0.862456,0.16224704657559016,I/304/out,MJD-51263,MJD-51263.0 -> JD
2451538.5,275.0,12.866999626159668,H,69.435505,1.097889,0.16255788561677154,I/304/out,MJD-51263,MJD-51263.0 -> JD
2451539.5,276.0,10.821999549865723,H,69.436911,0.900407,0.16268188814373652,I/304/out,MJD-51263,MJD-51263.0 -> JD
2451540.5,277.0,14.137999534606934,H,69.450587,1.075971,0.16323022681434748,I/304/out,MJD-51263,MJD-51263.0 -> JD
2451539.5,276.0,14.961000442504883,H,69.236066,0.849071,0.16524334096105192,I/304/out,MJD-51263,MJD-51263.0 -> JD
2451541.5,278.0,10.859000205993652,H,69.472042,1.014921,0.16586661889166862,I/304/out,MJD-51263,MJD-51263.0 -> JD
2451541.5,278.0,14.135000228881836,H,69.147371,1.044875,0.16623539353538966,I/304/out,MJD-51263,MJD-51263.0 -> JD
2451540.5,277.0,13.342000007629395,H,69.268498,1.160143,0.16632692517882952,I/304/out,MJD-51263,MJD-51263.0 -> JD
2451541.5,278.0,13.968000411987305,Ks,69.29449,0.987263,0.01668630384248902,I/304/out,MJD-51263,MJD-51263.0 -> JD
2451541.5,278.0,12.319000244140625,Ks,69.335585,1.007724,0.030102664922252043,I/304/out,MJD-51263,MJD-51263.0 -> JD
2451541.5,278.0,13.607999801635742,Ks,69.292158,1.030167,0.03512001628146931,I/304/out,MJD-51263,MJD-51263.0 -> JD
2451541.5,278.0,13.366000175476074,Ks,69.276114,1.019299,0.037313906672589714,I/304/out,MJD-51263,MJD-51263.0 -> JD
2451541.5,278.0,13.819999694824219,Ks,69.27156,0.982113,0.0389520473140905,I/304/out,MJD-51263,MJD-51263.0 -> JD
2451541.5,278.0,13.142999649047852,Ks,69.278295,0.971366,0.03936545294671014,I/304/out,MJD-51263,MJD-51263.0 -> JD
2451541.5,278.0,14.22700023651123,Ks,69.331077,1.030773,0.04041136363365925,I/304/out,MJD-51263,MJD-51263.0 -> JD
2451541.5,278.0,12.258000373840332,Ks,69.327335,1.037279,0.04394667113512041,I/304/out,MJD-51263,MJD-51263.0 -> JD
2451541.5,278.0,13.161999702453613,Ks,69.269524,0.973838,0.044748580806210754,I/304/out,MJD-51263,MJD-51263.0 -> JD
2451541.5,278.0,13.38700008392334,Ks,69.325999,0.946447,0.055255418893105195,I/304/out,MJD-51263,MJD-51263.0 -> JD
2451541.5,278.0,14.315999984741211,Ks,69.354195,0.961769,0.059707316513241224,I/304/out,MJD-51263,MJD-51263.0 -> JD
2451538.5,275.0,13.977999687194824,Ks,69.297878,1.05757,0.059937407725668114,I/304/out,MJD-51263,MJD-51263.0 -> JD
2451541.5,278.0,11.079999923706055,Ks,69.361035,0.968908,0.061533674714728384,I/304/out,MJD-51263,MJD-51263.0 -> JD
2451541.5,278.0,12.137999534606934,Ks,69.255257,1.033111,0.06232578157262689,I/304/out,MJD-51263,MJD-51263.0 -> JD
2451541.5,278.0,13.871000289916992,Ks,69.359617,0.951429,0.07049213839434297,I/304/out,MJD-51263,MJD-51263.0 -> JD
2451536.5,273.0,12.748000144958496,Ks,69.300249,0.92705,0.0715950166942804,I/304/out,MJD-51263,MJD-51263.0 -> JD
2451539.5,276.0,10.470999717712402,Ks,69.315758,0.922898,0.0759384823730991,I/304/out,MJD-51263,MJD-51263.0 -> JD
2451541.5,278.0,13.586999893188477,Ks,69.369123,1.04521,0.07783455510268103,I/304/out,MJD-51263,MJD-51263.0 -> JD
2451540.5,277.0,14.015999794006348,Ks,69.331625,1.074208,0.07978021655056211,I/304/out,MJD-51263,MJD-51263.0 -> JD
2451540.5,277.0,10.420999526977539,Ks,69.325282,1.079558,0.08326538501506123,I/304/out,MJD-51263,MJD-51263.0 -> JD
2451540.5,277.0,14.215999603271484,Ks,69.269074,1.072724,0.08349454167067881,I/304/out,MJD-51263,MJD-51263.0 -> JD
2451541.5,278.0,11.670999526977539,Ks,69.391654,1.012209,0.08578946098684466,I/304/out,MJD-51263,MJD-51263.0 -> JD
2451541.5,278.0,14.104000091552734,Ks,69.237187,1.048978,0.08622775600830151,I/304/out,MJD-51263,MJD-51263.0 -> JD
2451541.5,278.0,12.864999771118164,Ks,69.391759,0.979911,0.0867420325755906,I/304/out,MJD-51263,MJD-51263.0 -> JD
2451541.5,278.0,12.32699966430664,Ks,69.222883,0.960422,0.09223568895837429,I/304/out,MJD-51263,MJD-51263.0 -> JD
2451541.5,278.0,13.967000007629395,Ks,69.399079,1.008896,0.09268735379551522,I/304/out,MJD-51263,MJD-51263.0 -> JD
2451541.5,278.0,13.444000244140625,Ks,69.215163,0.982296,0.09319455772441335,I/304/out,MJD-51263,MJD-51263.0 -> JD
2451539.5,276.0,12.491000175476074,Ks,69.369599,0.925205,0.09626386300004558,I/304/out,MJD-51263,MJD-51263.0 -> JD
2451541.5,278.0,10.430000305175781,Ks,69.396716,1.034637,0.09678851820925842,I/304/out,MJD-51263,MJD-51263.0 -> JD
2451541.5,278.0,13.98900032043457,Ks,69.388135,0.945296,0.09693446543883286,I/304/out,MJD-51263,MJD-51263.0 -> JD
2451539.5,276.0,13.92199993133545,Ks,69.316964,0.901861,0.0969817443409913,I/304/out,MJD-51263,MJD-51263.0 -> JD
2451541.5,278.0,12.51099967956543,Ks,69.401125,0.969299,0.09850363946917079,I/304/out,MJD-51263,MJD-51263.0 -> JD
2451540.5,277.0,13.416999816894531,Ks,69.331921,1.096359,0.10115266175737829,I/304/out,MJD-51263,MJD-51263.0 -> JD
2451541.5,278.0,8.598999977111816,Ks,69.206622,0.96677,0.10519058417033478,I/304/out,MJD-51263,MJD-51263.0 -> JD
2451540.5,277.0,14.088000297546387,Ks,69.28608,1.101662,0.10542628118190148,I/304/out,MJD-51263,MJD-51263.0 -> JD
2451540.5,277.0,9.638999938964844,Ks,69.268297,1.101096,0.10980585544052589,I/304/out,MJD-51263,MJD-51263.0 -> JD
2451541.5,278.0,14.394000053405762,Ks,69.207277,0.946234,0.11248104280978262,I/304/out,MJD-51263,MJD-51263.0 -> JD
2451539.5,276.0,11.279000282287598,Ks,69.276542,0.889233,0.11326084178716399,I/304/out,MJD-51263,MJD-51263.0 -> JD
2451541.5,278.0,14.114999771118164,Ks,69.410414,1.046979,0.11428784972188552,I/304/out,MJD-51263,MJD-51263.0 -> JD
2451541.5,278.0,13.175000190734863,Ks,69.423098,1.003901,0.11623198638819647,I/304/out,MJD-51263,MJD-51263.0 -> JD
2451539.5,276.0,11.630000114440918,Ks,69.21016,0.932527,0.11705374848134377,I/304/out,MJD-51263,MJD-51263.0 -> JD
2451540.5,277.0,13.555999755859375,Ks,69.407375,1.058819,0.11719511005781198,I/304/out,MJD-51263,MJD-51263.0 -> JD
2451541.5,278.0,14.5649995803833,Ks,69.399546,0.920405,0.12098619270382023,I/304/out,MJD-51263,MJD-51263.0 -> JD
2451541.5,278.0,12.348999977111816,Ks,69.19014,1.035918,0.1227223221242765,I/304/out,MJD-51263,MJD-51263.0 -> JD
2451539.5,276.0,12.081999778747559,Ks,69.350825,0.883695,0.12272885740623042,I/304/out,MJD-51263,MJD-51263.0 -> JD
2451540.5,277.0,13.906000137329102,Ks,69.376046,1.104407,0.12657419225576785,I/304/out,MJD-51263,MJD-51263.0 -> JD
2451539.5,276.0,10.414999961853027,Ks,69.194974,0.933076,0.12961489598857437,I/304/out,MJD-51263,MJD-51263.0 -> JD
2451539.5,276.0,12.208000183105469,Ks,69.257936,0.878104,0.12984077483046058,I/304/out,MJD-51263,MJD-51263.0 -> JD
2451540.5,277.0,13.206000328063965,Ks,69.353131,1.122464,0.13243411750840836,I/304/out,MJD-51263,MJD-51263.0 -> JD
2451539.5,276.0,12.534000396728516,Ks,69.396614,0.896467,0.13567359777610555,I/304/out,MJD-51263,MJD-51263.0 -> JD
2451541.5,278.0,14.204999923706055,Ks,69.176016,1.043305,0.13845429071381535,I/304/out,MJD-51263,MJD-51263.0 -> JD
2451539.5,276.0,13.46500015258789,Ks,69.411901,0.907726,0.13861327899397305,I/304/out,MJD-51263,MJD-51263.0 -> JD
2451540.5,277.0,14.279999732971191,Ks,69.192782,1.079488,0.14008683841208736,I/304/out,MJD-51263,MJD-51263.0 -> JD
2451539.5,276.0,14.119999885559082,Ks,69.266588,0.86381,0.14045028743325616,I/304/out,MJD-51263,MJD-51263.0 -> JD
2451541.5,278.0,14.185999870300293,Ks,69.443615,0.965059,0.1406055312277237,I/304/out,MJD-51263,MJD-51263.0 -> JD
2451540.5,277.0,13.87600040435791,Ks,69.186482,1.071831,0.141131937412725,I/304/out,MJD-51263,MJD-51263.0 -> JD
2451539.5,276.0,12.763999938964844,Ks,69.435533,0.939526,0.14134458130296454,I/304/out,MJD-51263,MJD-51263.0 -> JD
2451541.5,278.0,12.664999961853027,Ks,69.174021,1.046375,0.14135602423193164,I/304/out,MJD-51263,MJD-51263.0 -> JD
2451539.5,276.0,12.267999649047852,Ks,69.421034,0.913328,0.1422294231779478,I/304/out,MJD-51263,MJD-51263.0 -> JD
2451540.5,277.0,14.277999877929688,Ks,69.25437,1.130857,0.14258699058584096,I/304/out,MJD-51263,MJD-51263.0 -> JD
2451541.5,278.0,13.456999778747559,Ks,69.170232,1.039121,0.14268401932133107,I/304/out,MJD-51263,MJD-51263.0 -> JD
2451541.5,278.0,13.451000213623047,Ks,69.449707,1.004629,0.14284226751937584,I/304/out,MJD-51263,MJD-51263.0 -> JD
2451541.5,278.0,12.505000114440918,Ks,69.167389,1.032216,0.14362621986329444,I/304/out,MJD-51263,MJD-51263.0 -> JD
2451539.5,276.0,14.517999649047852,Ks,69.25464,0.864368,0.14381998637191565,I/304/out,MJD-51263,MJD-51263.0 -> JD
2451539.5,276.0,13.635000228881836,Ks,69.224099,0.879922,0.14452569445343824,I/304/out,MJD-51263,MJD-51263.0 -> JD
2451539.5,276.0,11.842000007629395,Ks,69.29421,0.850189,0.14868822403278273,I/304/out,MJD-51263,MJD-51263.0 -> JD
2451539.5,276.0,12.54800033569336,Ks,69.42434,0.906506,0.14899778975030734,I/304/out,MJD-51263,MJD-51263.0 -> JD
2451540.5,277.0,13.100000381469727,Ks,69.431087,1.082095,0.14971278928940626,I/304/out,MJD-51263,MJD-51263.0 -> JD
2451539.5,276.0,13.100000381469727,Ks,69.390705,0.872613,0.1510360431612306,I/304/out,MJD-51263,MJD-51263.0 -> JD
2451541.5,278.0,11.24899959564209,Ks,69.165031,0.941332,0.15294714343750934,I/304/out,MJD-51263,MJD-51263.0 -> JD
2451541.5,278.0,14.434000015258789,Ks,69.317009,1.151386,0.15338616370799382,I/304/out,MJD-51263,MJD-51263.0 -> JD
2451539.5,276.0,13.571999549865723,Ks,69.22868,0.864568,0.1549879473304275,I/304/out,MJD-51263,MJD-51263.0 -> JD
2451540.5,277.0,13.618000030517578,Ks,69.385418,1.132129,0.15508977592567655,I/304/out,MJD-51263,MJD-51263.0 -> JD
2451539.5,276.0,12.095999717712402,Ks,69.380123,0.86113,0.15547165926851317,I/304/out,MJD-51263,MJD-51263.0 -> JD
2451541.5,278.0,9.29699993133545,Ks,69.463789,0.996369,0.15679549994914518,I/304/out,MJD-51263,MJD-51263.0 -> JD
2451539.5,276.0,13.906000137329102,Ks,69.420649,0.885337,0.16026109800686805,I/304/out,MJD-51263,MJD-51263.0 -> JD
2451540.5,277.0,13.411999702453613,Ks,69.160042,1.062965,0.1605064986276477,I/304/out,MJD-51263,MJD-51263.0 -> JD
2451540.5,277.0,14.027000427246094,Ks,69.164282,1.075265,0.16209856647343865,I/304/out,MJD-51263,MJD-51263.0 -> JD
2451539.5,276.0,11.206999778747559,Ks,69.182904,0.893894,0.16216523685505668,I/304/out,MJD-51263,MJD-51263.0 -> JD
2451538.5,275.0,12.440999984741211,Ks,69.435505,1.097889,0.16255788561677154,I/304/out,MJD-51263,MJD-51263.0 -> JD
2451539.5,276.0,10.722000122070312,Ks,69.436911,0.900407,0.16268188814373652,I/304/out,MJD-51263,MJD-51263.0 -> JD
2451540.5,277.0,14.083000183105469,Ks,69.450587,1.075971,0.16323022681434748,I/304/out,MJD-51263,MJD-51263.0 -> JD
2451541.5,278.0,10.819999694824219,Ks,69.472042,1.014921,0.16586661889166862,I/304/out,MJD-51263,MJD-51263.0 -> JD
2451541.5,278.0,14.029999732971191,Ks,69.147371,1.044875,0.16623539353538966,I/304/out,MJD-51263,MJD-51263.0 -> JD
2451540.5,277.0,13.154000282287598,Ks,69.268498,1.160143,0.16632692517882952,I/304/out,MJD-51263,MJD-51263.0 -> JD
2451541.5,278.0,5.633999824523926,r,69.300182,0.999123,0.006845290864193162,I/327/cmc15,MJD-51263,MJD-51263.0 -> JD
2451541.5,278.0,16.413000106811523,r,69.303686,0.987067,0.011733118309146254,I/327/cmc15,MJD-51263,MJD-51263.0 -> JD
2451541.5,278.0,15.666000366210938,r,69.303022,1.009634,0.011979422332067927,I/327/cmc15,MJD-51263,MJD-51263.0 -> JD
2451541.5,278.0,17.18199920654297,r,69.294797,0.997791,0.012194952021714745,I/327/cmc15,MJD-51263,MJD-51263.0 -> JD
2451541.5,278.0,16.840999603271484,r,69.294448,0.999027,0.012551565521275884,I/327/cmc15,MJD-51263,MJD-51263.0 -> JD
2451541.5,278.0,16.277999877929688,r,69.296663,0.99082,0.012759956006206117,I/327/cmc15,MJD-51263,MJD-51263.0 -> JD
2451541.5,278.0,15.503000259399414,r,69.298555,1.008546,0.013244003163153925,I/327/cmc15,MJD-51263,MJD-51263.0 -> JD
2451541.5,278.0,16.91900062561035,r,69.299231,0.987395,0.01340096961859996,I/327/cmc15,MJD-51263,MJD-51263.0 -> JD
2451541.5,278.0,17.1200008392334,r,69.30271,1.011204,0.013566151635901856,I/327/cmc15,MJD-51263,MJD-51263.0 -> JD
2451541.5,278.0,17.062999725341797,r,69.293918,0.993468,0.013936777572218008,I/327/cmc15,MJD-51263,MJD-51263.0 -> JD
2451541.5,278.0,17.340999603271484,r,69.304463,1.012044,0.013945507360806183,I/327/cmc15,MJD-51263,MJD-51263.0 -> JD
2451541.5,278.0,6.813000202178955,r,69.320446,1.002742,0.01416720273584036,I/327/cmc15,MJD-51263,MJD-51263.0 -> JD
2451541.5,278.0,16.334999084472656,r,69.318676,0.990159,0.014263182892751792,I/327/cmc15,MJD-51263,MJD-51263.0 -> JD
2451541.5,278.0,16.725000381469727,r,69.304686,0.984245,0.014268688932480294,I/327/cmc15,MJD-51263,MJD-51263.0 -> JD
2451541.5,278.0,17.253000259399414,r,69.293877,0.991303,0.014867302621347047,I/327/cmc15,MJD-51263,MJD-51263.0 -> JD
2451541.5,278.0,16.04400062561035,r,69.321524,0.994314,0.015083669259434856,I/327/cmc15,MJD-51263,MJD-51263.0 -> JD
2451541.5,278.0,17.069000244140625,r,69.320849,0.990656,0.01584591383351237,I/327/cmc15,MJD-51263,MJD-51263.0 -> JD
2451541.5,278.0,17.128000259399414,r,69.299568,1.012696,0.016167716466448552,I/327/cmc15,MJD-51263,MJD-51263.0 -> JD
2451541.5,278.0,15.380999565124512,r,69.319581,0.987876,0.01636850490503266,I/327/cmc15,MJD-51263,MJD-51263.0 -> JD
2451541.5,278.0,15.505000114440918,r,69.314794,1.012886,0.01652119108965824,I/327/cmc15,MJD-51263,MJD-51263.0 -> JD
2451541.5,278.0,14.732999801635742,r,69.294483,0.987272,0.016685578627074486,I/327/cmc15,MJD-51263,MJD-51263.0 -> JD
2451541.5,278.0,17.128999710083008,r,69.323199,0.993302,0.016975602167523633,I/327/cmc15,MJD-51263,MJD-51263.0 -> JD
2451541.5,278.0,17.125999450683594,r,69.324868,0.997537,0.017900783619461208,I/327/cmc15,MJD-51263,MJD-51263.0 -> JD
2451541.5,278.0,16.570999145507812,r,69.315961,1.013847,0.01792883714734847,I/327/cmc15,MJD-51263,MJD-51263.0 -> JD
2451541.5,278.0,17.466999053955078,r,69.301158,0.981148,0.01813985926521087,I/327/cmc15,MJD-51263,MJD-51263.0 -> JD
2451541.5,278.0,15.968000411987305,r,69.319534,1.011434,0.018145990289328232,I/327/cmc15,MJD-51263,MJD-51263.0 -> JD
2451541.5,278.0,15.869999885559082,r,69.321607,1.00916,0.01819785461267516,I/327/cmc15,MJD-51263,MJD-51263.0 -> JD
2451541.5,278.0,17.226999282836914,r,69.325114,0.99625,0.018247954594296827,I/327/cmc15,MJD-51263,MJD-51263.0 -> JD
2451541.5,278.0,16.788999557495117,r,69.314148,1.015391,0.01850644317173064,I/327/cmc15,MJD-51263,MJD-51263.0 -> JD
2451541.5,278.0,16.889999389648438,r,69.325241,1.002205,0.018663408391294715,I/327/cmc15,MJD-51263,MJD-51263.0 -> JD
2451541.5,278.0,14.861000061035156,r,69.311032,1.016597,0.018712586519583106,I/327/cmc15,MJD-51263,MJD-51263.0 -> JD
2451541.5,278.0,15.97700023651123,r,69.320998,1.010746,0.018724312510154842,I/327/cmc15,MJD-51263,MJD-51263.0 -> JD
2451541.5,278.0,16.474000930786133,r,69.316802,1.014291,0.018741037411361943,I/327/cmc15,MJD-51263,MJD-51263.0 -> JD
2451541.5,278.0,16.750999450683594,r,69.322537,1.008926,0.018820362508444,I/327/cmc15,MJD-51263,MJD-51263.0 -> JD
2451541.5,278.0,15.51099967956543,r,69.323766,1.007218,0.018990853733952644,I/327/cmc15,MJD-51263,MJD-51263.0 -> JD
2451541.5,278.0,16.43400001525879,r,69.307851,1.017971,0.019662397497322036,I/327/cmc15,MJD-51263,MJD-51263.0 -> JD
2451541.5,278.0,16.52199935913086,r,69.325313,1.005556,0.019702037395913745,I/327/cmc15,MJD-51263,MJD-51263.0 -> JD
2451541.5,278.0,16.756000518798828,r,69.327199,0.998736,0.020218070852262723,I/327/cmc15,MJD-51263,MJD-51263.0 -> JD
2451541.5,278.0,16.98699951171875,r,69.32704,1.00148,0.020301180976875065,I/327/cmc15,MJD-51263,MJD-51263.0 -> JD
2451541.5,278.0,17.30699920654297,r,69.326506,1.004579,0.02049751913703651,I/327/cmc15,MJD-51263,MJD-51263.0 -> JD
2451541.5,278.0,16.38599967956543,r,69.32112,1.013261,0.020562640457805516,I/327/cmc15,MJD-51263,MJD-51263.0 -> JD
2451541.5,278.0,16.445999145507812,r,69.324435,1.009437,0.02068643293146106,I/327/cmc15,MJD-51263,MJD-51263.0 -> JD
2451541.5,278.0,16.722000122070312,r,69.310964,1.019177,0.0212259344243576,I/327/cmc15,MJD-51263,MJD-51263.0 -> JD
2451541.5,278.0,17.30900001525879,r,69.326256,1.007924,0.02152814088583843,I/327/cmc15,MJD-51263,MJD-51263.0 -> JD
2451541.5,278.0,16.201000213623047,r,69.308259,1.020192,0.021901440100195912,I/327/cmc15,MJD-51263,MJD-51263.0 -> JD
2451541.5,278.0,16.961999893188477,r,69.31109,1.020449,0.022499280833368017,I/327/cmc15,MJD-51263,MJD-51263.0 -> JD
2451541.5,278.0,16.18600082397461,r,69.285599,1.007143,0.023125729783233327,I/327/cmc15,MJD-51263,MJD-51263.0 -> JD
2451541.5,278.0,17.049999237060547,r,69.308242,1.021498,0.023204414705055288,I/327/cmc15,MJD-51263,MJD-51263.0 -> JD
2451541.5,278.0,15.845000267028809,r,69.281517,1.005526,0.026459041351538433,I/327/cmc15,MJD-51263,MJD-51263.0 -> JD
2451541.5,278.0,13.85200023651123,r,69.335578,1.007731,0.0300982019187908,I/327/cmc15,MJD-51263,MJD-51263.0 -> JD
2451541.5,278.0,17.006999969482422,r,69.307371,1.028648,0.030322684756567728,I/327/cmc15,MJD-51263,MJD-51263.0 -> JD
2451541.5,278.0,16.76799964904785,r,69.308777,1.029192,0.030916327603392947,I/327/cmc15,MJD-51263,MJD-51263.0 -> JD
2451541.5,278.0,16.100000381469727,r,69.338206,0.987173,0.03315232336017644,I/327/cmc15,MJD-51263,MJD-51263.0 -> JD
2451541.5,278.0,16.10099983215332,r,69.330781,1.022122,0.033650865683093306,I/327/cmc15,MJD-51263,MJD-51263.0 -> JD
2451541.5,278.0,17.280000686645508,r,69.276414,0.981981,0.0346603600984138,I/327/cmc15,MJD-51263,MJD-51263.0 -> JD
2451541.5,278.0,14.866000175476074,r,69.292151,1.030176,0.035131129345475125,I/327/cmc15,MJD-51263,MJD-51263.0 -> JD
2451541.5,278.0,16.440000534057617,r,69.276107,1.019309,0.03732531605726787,I/327/cmc15,MJD-51263,MJD-51263.0 -> JD
2451541.5,278.0,15.753000259399414,r,69.322589,1.033238,0.038239036082923866,I/327/cmc15,MJD-51263,MJD-51263.0 -> JD
2451541.5,278.0,16.281999588012695,r,69.271553,0.982123,0.03895425007079645,I/327/cmc15,MJD-51263,MJD-51263.0 -> JD
2451541.5,278.0,15.017000198364258,r,69.278288,0.971376,0.03936370530185228,I/327/cmc15,MJD-51263,MJD-51263.0 -> JD
2451541.5,278.0,15.557999610900879,r,69.33107,1.030781,0.04041361553735514,I/327/cmc15,MJD-51263,MJD-51263.0 -> JD
2451541.5,278.0,17.16200065612793,r,69.281583,0.963213,0.043335540130888556,I/327/cmc15,MJD-51263,MJD-51263.0 -> JD
2451541.5,278.0,13.970999717712402,r,69.327328,1.037286,0.04394963555294191,I/327/cmc15,MJD-51263,MJD-51263.0 -> JD
2451541.5,278.0,13.77299976348877,r,69.269517,0.973848,0.0447489674646968,I/327/cmc15,MJD-51263,MJD-51263.0 -> JD
2451541.5,278.0,17.301000595092773,r,69.311439,0.951765,0.04677557641372839,I/327/cmc15,MJD-51263,MJD-51263.0 -> JD
2451541.5,278.0,17.368999481201172,r,69.310424,0.950716,0.04773602963596117,I/327/cmc15,MJD-51263,MJD-51263.0 -> JD
2451541.5,278.0,16.466999053955078,r,69.3116,0.950363,0.048186543133380555,I/327/cmc15,MJD-51263,MJD-51263.0 -> JD
2451541.5,278.0,16.73900032043457,r,69.27602,1.035364,0.04827029761933444,I/327/cmc15,MJD-51263,MJD-51263.0 -> JD
2451541.5,278.0,16.55299949645996,r,69.311478,0.946558,0.051964618728113435,I/327/cmc15,MJD-51263,MJD-51263.0 -> JD
2451541.5,278.0,16.886999130249023,r,69.310395,0.94414,0.05429515733820634,I/327/cmc15,MJD-51263,MJD-51263.0 -> JD
2451541.5,278.0,16.74799919128418,r,69.325992,0.946454,0.055246438087636004,I/327/cmc15,MJD-51263,MJD-51263.0 -> JD
2451541.5,278.0,16.663999557495117,r,69.341984,1.042581,0.05641894705409715,I/327/cmc15,MJD-51263,MJD-51263.0 -> JD
2451541.5,278.0,16.242000579833984,r,69.278083,1.049784,0.05901375871858703,I/327/cmc15,MJD-51263,MJD-51263.0 -> JD
2451541.5,278.0,15.645000457763672,r,69.354188,0.961774,0.05969872141769616,I/327/cmc15,MJD-51263,MJD-51263.0 -> JD
2451538.5,275.0,16.878000259399414,r,69.297877,1.057577,0.059944478373301906,I/327/cmc15,MJD-51263,MJD-51263.0 -> JD
2451540.5,277.0,17.16699981689453,r,69.330425,1.053873,0.06028819976961118,I/327/cmc15,MJD-51263,MJD-51263.0 -> JD
2451541.5,278.0,12.616999626159668,r,69.361028,0.968913,0.06152513694556712,I/327/cmc15,MJD-51263,MJD-51263.0 -> JD
2451541.5,278.0,14.057999610900879,r,69.25525,1.033121,0.06233717009330092,I/327/cmc15,MJD-51263,MJD-51263.0 -> JD
2451541.5,278.0,15.76099967956543,r,69.252635,0.967591,0.06242977193873773,I/327/cmc15,MJD-51263,MJD-51263.0 -> JD
2451541.5,278.0,14.097000122070312,r,69.30818,0.935108,0.06323115703246758,I/327/cmc15,MJD-51263,MJD-51263.0 -> JD
2451541.5,278.0,15.932999610900879,r,69.310049,0.932908,0.06549164434933692,I/327/cmc15,MJD-51263,MJD-51263.0 -> JD
2451541.5,278.0,16.610000610351562,r,69.310373,0.931579,0.06683486657787929,I/327/cmc15,MJD-51263,MJD-51263.0 -> JD
2451541.5,278.0,14.173999786376953,r,69.307573,0.930133,0.0681973703057255,I/327/cmc15,MJD-51263,MJD-51263.0 -> JD
2451541.5,278.0,16.243000030517578,r,69.35961,0.951434,0.07048358660205352,I/327/cmc15,MJD-51263,MJD-51263.0 -> JD
2451541.5,278.0,16.45199966430664,r,69.308124,0.926906,0.07143093717070693,I/327/cmc15,MJD-51263,MJD-51263.0 -> JD
2451536.5,273.0,15.166000366210938,r,69.30025,0.927056,0.0715889492624245,I/327/cmc15,MJD-51263,MJD-51263.0 -> JD
2451541.5,278.0,16.482999801635742,r,69.236417,0.978981,0.07315895683609264,I/327/cmc15,MJD-51263,MJD-51263.0 -> JD
2451541.5,278.0,17.049999237060547,r,69.265628,1.059233,0.07361414517287869,I/327/cmc15,MJD-51263,MJD-51263.0 -> JD
2452364.5,1101.0,15.984999656677246,r,69.320265,0.925191,0.07433291238543756,I/327/cmc15,MJD-51263,MJD-51263.0 -> JD
2451541.5,278.0,14.17199993133545,r,69.307545,0.923638,0.07469193142600404,I/327/cmc15,MJD-51263,MJD-51263.0 -> JD
2452364.5,1101.0,11.784000396728516,r,69.315766,0.922899,0.07593841377920872,I/327/cmc15,MJD-51263,MJD-51263.0 -> JD
2451541.5,278.0,15.512999534606934,r,69.369117,1.045215,0.07783277837641894,I/327/cmc15,MJD-51263,MJD-51263.0 -> JD
2451541.5,278.0,16.60300064086914,r,69.306622,0.918953,0.07937562605638367,I/327/cmc15,MJD-51263,MJD-51263.0 -> JD
2451540.5,277.0,16.516000747680664,r,69.331622,1.074215,0.07978594815139316,I/327/cmc15,MJD-51263,MJD-51263.0 -> JD
2451541.5,278.0,16.402999877929688,r,69.307546,0.917065,0.0812647667733832,I/327/cmc15,MJD-51263,MJD-51263.0 -> JD
2451541.5,278.0,17.11199951171875,r,69.307742,0.915074,0.08325727805291924,I/327/cmc15,MJD-51263,MJD-51263.0 -> JD
2451540.5,277.0,12.324000358581543,r,69.325278,1.079566,0.08327231083546613,I/327/cmc15,MJD-51263,MJD-51263.0 -> JD
2451541.5,278.0,15.88700008392334,r,69.375932,0.951228,0.08349324028113189,I/327/cmc15,MJD-51263,MJD-51263.0 -> JD
2451540.5,277.0,16.67099952697754,r,69.269071,1.072733,0.08350392254048719,I/327/cmc15,MJD-51263,MJD-51263.0 -> JD
2451541.5,278.0,15.788999557495117,r,69.30741,0.912774,0.08555488037307844,I/327/cmc15,MJD-51263,MJD-51263.0 -> JD
2451541.5,278.0,13.053000450134277,r,69.391648,1.012212,0.08578402642948726,I/327/cmc15,MJD-51263,MJD-51263.0 -> JD
2451541.5,278.0,15.49899959564209,r,69.237181,1.048989,0.08623907248424,I/327/cmc15,MJD-51263,MJD-51263.0 -> JD
2451541.5,278.0,16.69300079345703,r,69.22282,0.97855,0.08644242423822619,I/327/cmc15,MJD-51263,MJD-51263.0 -> JD
2451541.5,278.0,14.031999588012695,r,69.391753,0.979914,0.08673553327170294,I/327/cmc15,MJD-51263,MJD-51263.0 -> JD
2451541.5,278.0,16.341999053955078,r,69.217467,1.009131,0.090150882787211,I/327/cmc15,MJD-51263,MJD-51263.0 -> JD
2454016.5,2753.0,14.553999900817871,r,69.361296,0.924985,0.09125978955027572,I/327/cmc15,MJD-51263,MJD-51263.0 -> JD
2453993.5,2730.0,17.117000579833984,r,69.321191,0.908152,0.0912880991037846,I/327/cmc15,MJD-51263,MJD-51263.0 -> JD
2451541.5,278.0,13.97599983215332,r,69.222876,0.960431,0.09223837143978067,I/327/cmc15,MJD-51263,MJD-51263.0 -> JD
2451541.5,278.0,16.195999145507812,r,69.399072,1.008899,0.09268074260727643,I/327/cmc15,MJD-51263,MJD-51263.0 -> JD
2451541.5,278.0,17.48900032043457,r,69.215157,0.982305,0.09319891957342212,I/327/cmc15,MJD-51263,MJD-51263.0 -> JD
2451541.5,278.0,16.92300033569336,r,69.308175,0.904904,0.09343142500645102,I/327/cmc15,MJD-51263,MJD-51263.0 -> JD
2454016.5,2753.0,14.883999824523926,r,69.361303,0.921486,0.09409892872356358,I/327/cmc15,MJD-51263,MJD-51263.0 -> JD
2451540.5,277.0,16.572999954223633,r,69.363731,1.074152,0.09470324866405734,I/327/cmc15,MJD-51263,MJD-51263.0 -> JD
2454016.5,2753.0,14.119000434875488,r,69.36129,0.920029,0.09528503412482234,I/327/cmc15,MJD-51263,MJD-51263.0 -> JD
2451541.5,278.0,15.972999572753906,r,69.307729,0.902732,0.0955987278928719,I/327/cmc15,MJD-51263,MJD-51263.0 -> JD
2451539.5,276.0,15.774999618530273,r,69.369595,0.925209,0.09625822338749267,I/327/cmc15,MJD-51263,MJD-51263.0 -> JD
2451541.5,278.0,11.682000160217285,r,69.39671,1.03464,0.09678408278445574,I/327/cmc15,MJD-51263,MJD-51263.0 -> JD
2451541.5,278.0,15.751999855041504,r,69.388128,0.945299,0.09692696547332345,I/327/cmc15,MJD-51263,MJD-51263.0 -> JD
2452772.5,1509.0,15.258000373840332,r,69.31697,0.901868,0.09697539912859583,I/327/cmc15,MJD-51263,MJD-51263.0 -> JD
2454016.5,2753.0,14.07699966430664,r,69.361271,0.917844,0.09707789059232454,I/327/cmc15,MJD-51263,MJD-51263.0 -> JD
2451541.5,278.0,16.9950008392334,r,69.306911,0.900774,0.09755383581536742,I/327/cmc15,MJD-51263,MJD-51263.0 -> JD
2451541.5,278.0,16.101999282836914,r,69.401118,0.969302,0.09849606719142655,I/327/cmc15,MJD-51263,MJD-51263.0 -> JD
2451541.5,278.0,16.336999893188477,r,69.208998,0.987486,0.09856734851003095,I/327/cmc15,MJD-51263,MJD-51263.0 -> JD
2454016.5,2753.0,14.449000358581543,r,69.3613,0.914883,0.09956234589229623,I/327/cmc15,MJD-51263,MJD-51263.0 -> JD
2453993.5,2730.0,17.077999114990234,r,69.299468,0.897583,0.101024557257999,I/327/cmc15,MJD-51263,MJD-51263.0 -> JD
2451540.5,277.0,14.75100040435791,r,69.331917,1.096366,0.10115846002878237,I/327/cmc15,MJD-51263,MJD-51263.0 -> JD
2453993.5,2730.0,14.5649995803833,r,69.361277,0.909938,0.10372988812433717,I/327/cmc15,MJD-51263,MJD-51263.0 -> JD
2451541.5,278.0,10.609999656677246,r,69.206616,0.966779,0.1051936072825765,I/327/cmc15,MJD-51263,MJD-51263.0 -> JD
2451540.5,277.0,16.082000732421875,r,69.286076,1.10167,0.10543491522919367,I/327/cmc15,MJD-51263,MJD-51263.0 -> JD
2454016.5,2753.0,14.567000389099121,r,69.358687,0.905632,0.10613756986233937,I/327/cmc15,MJD-51263,MJD-51263.0 -> JD
2451540.5,277.0,16.214000701904297,r,69.246837,1.086147,0.10643510320809906,I/327/cmc15,MJD-51263,MJD-51263.0 -> JD
2453993.5,2730.0,16.65999984741211,r,69.286387,0.89349,0.10684102158828104,I/327/cmc15,MJD-51263,MJD-51263.0 -> JD
2453993.5,2730.0,13.881999969482422,r,69.361277,0.905844,0.10723987009731242,I/327/cmc15,MJD-51263,MJD-51263.0 -> JD
2453993.5,2730.0,13.557000160217285,r,69.361313,0.902939,0.10977281812994338,I/327/cmc15,MJD-51263,MJD-51263.0 -> JD
2451540.5,277.0,11.812999725341797,r,69.268293,1.101104,0.10981475143194339,I/327/cmc15,MJD-51263,MJD-51263.0 -> JD
2453993.5,2730.0,14.390000343322754,r,69.361299,0.900757,0.11166732140048023,I/327/cmc15,MJD-51263,MJD-51263.0 -> JD
2451540.5,277.0,17.150999069213867,r,69.214142,1.060901,0.11194588891570466,I/327/cmc15,MJD-51263,MJD-51263.0 -> JD
2451541.5,278.0,17.336000442504883,r,69.407482,0.948926,0.11197265709431321,I/327/cmc15,MJD-51263,MJD-51263.0 -> JD
2454016.5,2753.0,14.152000427246094,r,69.358712,0.898511,0.1124217803025336,I/327/cmc15,MJD-51263,MJD-51263.0 -> JD
2451541.5,278.0,16.195999145507812,r,69.20727,0.946244,0.11248261511401916,I/327/cmc15,MJD-51263,MJD-51263.0 -> JD
2452772.5,1509.0,14.142000198364258,r,69.276547,0.889232,0.11326046168495678,I/327/cmc15,MJD-51263,MJD-51263.0 -> JD
2451541.5,278.0,15.42199993133545,r,69.410408,1.046981,0.11428327280616443,I/327/cmc15,MJD-51263,MJD-51263.0 -> JD
2453993.5,2730.0,14.76200008392334,r,69.361365,0.897263,0.11476410017611459,I/327/cmc15,MJD-51263,MJD-51263.0 -> JD
2451541.5,278.0,16.805999755859375,r,69.213132,0.931998,0.11491284679239776,I/327/cmc15,MJD-51263,MJD-51263.0 -> JD
2451541.5,278.0,17.194000244140625,r,69.421567,1.013619,0.11558330402169815,I/327/cmc15,MJD-51263,MJD-51263.0 -> JD
2451541.5,278.0,16.320999145507812,r,69.423092,1.003902,0.1162260421425303,I/327/cmc15,MJD-51263,MJD-51263.0 -> JD
2453993.5,2730.0,14.460000038146973,r,69.361331,0.894721,0.1169930775617673,I/327/cmc15,MJD-51263,MJD-51263.0 -> JD
2451539.5,276.0,13.545000076293945,r,69.210157,0.932535,0.11705173231809013,I/327/cmc15,MJD-51263,MJD-51263.0 -> JD
2451540.5,277.0,16.663000106811523,r,69.407372,1.058823,0.11719460567478164,I/327/cmc15,MJD-51263,MJD-51263.0 -> JD
2453993.5,2730.0,14.60099983215332,r,69.361214,0.893716,0.11783013296779817,I/327/cmc15,MJD-51263,MJD-51263.0 -> JD
2454016.5,2753.0,16.173999786376953,r,69.358675,0.892195,0.11804920017478328,I/327/cmc15,MJD-51263,MJD-51263.0 -> JD
2454005.5,2742.0,16.166000366210938,r,69.358718,0.890064,0.11998725226571752,I/327/cmc15,MJD-51263,MJD-51263.0 -> JD
2452779.5,1516.0,16.67300033569336,r,69.399581,0.92041,0.12100974546751447,I/327/cmc15,MJD-51263,MJD-51263.0 -> JD
2454016.5,2753.0,16.465999603271484,r,69.358776,0.8884,0.12151549666730119,I/327/cmc15,MJD-51263,MJD-51263.0 -> JD
2452364.5,1101.0,13.35200023651123,r,69.35082,0.883696,0.12272613775504185,I/327/cmc15,MJD-51263,MJD-51263.0 -> JD
2451541.5,278.0,13.519000053405762,r,69.190135,1.035926,0.12272953147937705,I/327/cmc15,MJD-51263,MJD-51263.0 -> JD
2454016.5,2753.0,16.416000366210938,r,69.358636,0.886431,0.12324086696678035,I/327/cmc15,MJD-51263,MJD-51263.0 -> JD
2451541.5,278.0,17.10099983215332,r,69.299217,0.87315,0.12541835163186826,I/327/cmc15,MJD-51263,MJD-51263.0 -> JD
2454005.5,2742.0,15.711000442504883,r,69.358731,0.883161,0.12625621734108292,I/327/cmc15,MJD-51263,MJD-51263.0 -> JD
2451540.5,277.0,16.643999099731445,r,69.376042,1.104412,0.1265762009397779,I/327/cmc15,MJD-51263,MJD-51263.0 -> JD
2453993.5,2730.0,17.81100082397461,r,69.356065,0.880711,0.1274449225217258,I/327/cmc15,MJD-51263,MJD-51263.0 -> JD
2454005.5,2742.0,17.132999420166016,r,69.398938,0.907513,0.12923195728491302,I/327/cmc15,MJD-51263,MJD-51263.0 -> JD
2451539.5,276.0,11.39900016784668,r,69.194972,0.933084,0.1296125965197275,I/327/cmc15,MJD-51263,MJD-51263.0 -> JD
2452772.5,1509.0,13.354000091552734,r,69.257925,0.878118,0.12983196667733207,I/327/cmc15,MJD-51263,MJD-51263.0 -> JD
2451541.5,278.0,17.485000610351562,r,69.20389,1.079099,0.13095207946356105,I/327/cmc15,MJD-51263,MJD-51263.0 -> JD
2454016.5,2753.0,16.38800048828125,r,69.361435,0.878281,0.13181643200316687,I/327/cmc15,MJD-51263,MJD-51263.0 -> JD
2451540.5,277.0,16.445999145507812,r,69.353127,1.12247,0.13243834828600753,I/327/cmc15,MJD-51263,MJD-51263.0 -> JD
2453993.5,2730.0,15.10200023651123,r,69.358659,0.875572,0.13318704211723534,I/327/cmc15,MJD-51263,MJD-51263.0 -> JD
2454016.5,2753.0,15.99899959564209,r,69.361325,0.876209,0.13366142401601797,I/327/cmc15,MJD-51263,MJD-51263.0 -> JD
2451540.5,277.0,16.929000854492188,r,69.29823,1.132793,0.13474961206250177,I/327/cmc15,MJD-51263,MJD-51263.0 -> JD
2454016.5,2753.0,16.58799934387207,r,69.361363,0.874482,0.13525638247611432,I/327/cmc15,MJD-51263,MJD-51263.0 -> JD
2452779.5,1516.0,17.160999298095703,r,69.199008,0.916779,0.13529719451365285,I/327/cmc15,MJD-51263,MJD-51263.0 -> JD
2452772.5,1509.0,14.137999534606934,r,69.396594,0.896467,0.13566038933203162,I/327/cmc15,MJD-51263,MJD-51263.0 -> JD
2453993.5,2730.0,17.277000427246094,r,69.247319,0.876374,0.13576247260585247,I/327/cmc15,MJD-51263,MJD-51263.0 -> JD
2454016.5,2753.0,16.80900001525879,r,69.361324,0.873439,0.13619647940920476,I/327/cmc15,MJD-51263,MJD-51263.0 -> JD
2453993.5,2730.0,16.589000701904297,r,69.358756,0.871253,0.13721458350328283,I/327/cmc15,MJD-51263,MJD-51263.0 -> JD
2452779.5,1516.0,16.621000289916992,r,69.19061,0.923569,0.13830222875207596,I/327/cmc15,MJD-51263,MJD-51263.0 -> JD
2451541.5,278.0,15.786999702453613,r,69.176011,1.043313,0.13846161757747902,I/327/cmc15,MJD-51263,MJD-51263.0 -> JD
2452772.5,1509.0,15.45199966430664,r,69.411917,0.907717,0.13863126916537746,I/327/cmc15,MJD-51263,MJD-51263.0 -> JD
2454016.5,2753.0,16.409000396728516,r,69.361279,0.870653,0.1387380196085404,I/327/cmc15,MJD-51263,MJD-51263.0 -> JD
2453993.5,2730.0,15.979000091552734,r,69.358757,0.868688,0.13959376905551554,I/327/cmc15,MJD-51263,MJD-51263.0 -> JD
2451540.5,277.0,16.829999923706055,r,69.192778,1.079495,0.1400941536040236,I/327/cmc15,MJD-51263,MJD-51263.0 -> JD
2452772.5,1509.0,15.692999839782715,r,69.266602,0.863804,0.14045200944160233,I/327/cmc15,MJD-51263,MJD-51263.0 -> JD
2451541.5,278.0,15.793000221252441,r,69.443609,0.96506,0.1405994658266549,I/327/cmc15,MJD-51263,MJD-51263.0 -> JD
2452772.5,1509.0,16.658000946044922,r,69.382121,0.879116,0.14091064741337186,I/327/cmc15,MJD-51263,MJD-51263.0 -> JD
2451540.5,277.0,16.22800064086914,r,69.186479,1.071838,0.14113814364639057,I/327/cmc15,MJD-51263,MJD-51263.0 -> JD
2451539.5,276.0,14.185999870300293,r,69.435528,0.939527,0.1413396191404488,I/327/cmc15,MJD-51263,MJD-51263.0 -> JD
2454016.5,2753.0,16.364999771118164,r,69.361338,0.867852,0.1413425947563055,I/327/cmc15,MJD-51263,MJD-51263.0 -> JD
2451541.5,278.0,15.545000076293945,r,69.174016,1.046382,0.1413631050483444,I/327/cmc15,MJD-51263,MJD-51263.0 -> JD
2453993.5,2730.0,17.334999084472656,r,69.358789,0.866487,0.14165187816310773,I/327/cmc15,MJD-51263,MJD-51263.0 -> JD
2452364.5,1101.0,16.3799991607666,r,69.421058,0.913305,0.1422624088507124,I/327/cmc15,MJD-51263,MJD-51263.0 -> JD
2451540.5,277.0,15.751999855041504,r,69.254366,1.130866,0.14259683113187632,I/327/cmc15,MJD-51263,MJD-51263.0 -> JD
2451541.5,278.0,15.529000282287598,r,69.170227,1.039128,0.1426908111089608,I/327/cmc15,MJD-51263,MJD-51263.0 -> JD
2451541.5,278.0,16.358999252319336,r,69.449702,1.00463,0.14283731724601004,I/327/cmc15,MJD-51263,MJD-51263.0 -> JD
2453993.5,2730.0,17.41200065612793,r,69.358856,0.865169,0.1429037083365412,I/327/cmc15,MJD-51263,MJD-51263.0 -> JD
2451541.5,278.0,13.89799976348877,r,69.167385,1.032223,0.14363175791814178,I/327/cmc15,MJD-51263,MJD-51263.0 -> JD
2452772.5,1509.0,15.87600040435791,r,69.254664,0.864384,0.14379635195551993,I/327/cmc15,MJD-51263,MJD-51263.0 -> JD
2453993.5,2730.0,17.003999710083008,r,69.421262,0.90998,0.14443557173659125,I/327/cmc15,MJD-51263,MJD-51263.0 -> JD
2452772.5,1509.0,14.932999610900879,r,69.224096,0.879935,0.14451676416003517,I/327/cmc15,MJD-51263,MJD-51263.0 -> JD
2453993.5,2730.0,16.527000427246094,r,69.358756,0.863316,0.14459609030555756,I/327/cmc15,MJD-51263,MJD-51263.0 -> JD
2451540.5,277.0,17.16900062561035,r,69.221467,1.115289,0.14488009393414614,I/327/cmc15,MJD-51263,MJD-51263.0 -> JD
2453993.5,2730.0,16.850000381469727,r,69.36139,0.862282,0.146519327430892,I/327/cmc15,MJD-51263,MJD-51263.0 -> JD
2451536.5,273.0,16.490999221801758,r,69.188128,0.912241,0.14674221697189024,I/327/cmc15,MJD-51263,MJD-51263.0 -> JD
2452772.5,1509.0,16.049999237060547,r,69.316333,0.851837,0.14678888292080017,I/327/cmc15,MJD-51263,MJD-51263.0 -> JD
2453993.5,2730.0,17.290000915527344,r,69.358796,0.86087,0.14689667887099855,I/327/cmc15,MJD-51263,MJD-51263.0 -> JD
2451541.5,278.0,17.273000717163086,r,69.44614,0.94987,0.14733470730981918,I/327/cmc15,MJD-51263,MJD-51263.0 -> JD
2453993.5,2730.0,16.909000396728516,r,69.410034,0.892668,0.14758326323931983,I/327/cmc15,MJD-51263,MJD-51263.0 -> JD
2452772.5,1509.0,13.003999710083008,r,69.294208,0.850201,0.14867644015325435,I/327/cmc15,MJD-51263,MJD-51263.0 -> JD
2452772.5,1509.0,13.878999710083008,r,69.424329,0.906498,0.1489940587852723,I/327/cmc15,MJD-51263,MJD-51263.0 -> JD
2453993.5,2730.0,17.01099967956543,r,69.358748,0.858552,0.14905130988160123,I/327/cmc15,MJD-51263,MJD-51263.0 -> JD
2454016.5,2753.0,16.429000854492188,r,69.330546,0.850644,0.14955141563239993,I/327/cmc15,MJD-51263,MJD-51263.0 -> JD
2451540.5,277.0,14.425999641418457,r,69.431083,1.082099,0.14971171268066955,I/327/cmc15,MJD-51263,MJD-51263.0 -> JD
2453993.5,2730.0,15.555000305175781,r,69.361376,0.85842,0.15010705019773007,I/327/cmc15,MJD-51263,MJD-51263.0 -> JD
2454016.5,2753.0,16.680999755859375,r,69.358743,0.857386,0.15014357490120916,I/327/cmc15,MJD-51263,MJD-51263.0 -> JD
2451540.5,277.0,16.172000885009766,r,69.225584,1.124953,0.15052339580682392,I/327/cmc15,MJD-51263,MJD-51263.0 -> JD
2452772.5,1509.0,14.446999549865723,r,69.3907,0.872627,0.15102161933340003,I/327/cmc15,MJD-51263,MJD-51263.0 -> JD
2451541.5,278.0,17.198999404907227,r,69.269874,1.145285,0.15156825298136298,I/327/cmc15,MJD-51263,MJD-51263.0 -> JD
2453993.5,2730.0,17.402999877929688,r,69.358758,0.855598,0.15182836331716726,I/327/cmc15,MJD-51263,MJD-51263.0 -> JD
2451541.5,278.0,15.906999588012695,r,69.155377,0.989532,0.15183715049542681,I/327/cmc15,MJD-51263,MJD-51263.0 -> JD
2451540.5,277.0,17.041000366210938,r,69.184407,1.088557,0.15218720984548925,I/327/cmc15,MJD-51263,MJD-51263.0 -> JD
2451541.5,278.0,12.746000289916992,r,69.165025,0.941339,0.15295010203234127,I/327/cmc15,MJD-51263,MJD-51263.0 -> JD
2451541.5,278.0,17.334999084472656,r,69.317003,1.151394,0.15339375465117766,I/327/cmc15,MJD-51263,MJD-51263.0 -> JD
2453993.5,2730.0,16.79599952697754,r,69.358709,0.852551,0.1546798742558739,I/327/cmc15,MJD-51263,MJD-51263.0 -> JD
2453993.5,2730.0,17.047000885009766,r,69.249857,0.854489,0.15476437522365216,I/327/cmc15,MJD-51263,MJD-51263.0 -> JD
2453993.5,2730.0,15.979000091552734,r,69.369383,0.856554,0.15489570149213652,I/327/cmc15,MJD-51263,MJD-51263.0 -> JD
2454005.5,2742.0,16.391000747680664,r,69.361378,0.853239,0.15494810662842667,I/327/cmc15,MJD-51263,MJD-51263.0 -> JD
2452772.5,1509.0,15.213000297546387,r,69.228696,0.864562,0.15498504520585932,I/327/cmc15,MJD-51263,MJD-51263.0 -> JD
2451540.5,277.0,15.470999717712402,r,69.385414,1.132134,0.15509206739345086,I/327/cmc15,MJD-51263,MJD-51263.0 -> JD
2452772.5,1509.0,13.434000015258789,r,69.38012,0.861137,0.15546407103782148,I/327/cmc15,MJD-51263,MJD-51263.0 -> JD
2451541.5,278.0,10.368000030517578,r,69.463783,0.99637,0.15678948881243202,I/327/cmc15,MJD-51263,MJD-51263.0 -> JD
2453993.5,2730.0,16.555999755859375,r,69.361424,0.850216,0.15779819048309818,I/327/cmc15,MJD-51263,MJD-51263.0 -> JD
2452772.5,1509.0,16.516000747680664,r,69.176133,0.909779,0.15797973639283913,I/327/cmc15,MJD-51263,MJD-51263.0 -> JD
2453993.5,2730.0,17.08300018310547,r,69.358864,0.848918,0.15815920578258555,I/327/cmc15,MJD-51263,MJD-51263.0 -> JD
2452772.5,1509.0,16.29400062561035,r,69.395433,0.866622,0.15864402871806427,I/327/cmc15,MJD-51263,MJD-51263.0 -> JD
2454016.5,2753.0,16.68000030517578,r,69.302312,0.839479,0.15891742361558925,I/327/cmc15,MJD-51263,MJD-51263.0 -> JD
2451541.5,278.0,17.125999450683594,r,69.146915,0.994267,0.16009429090815275,I/327/cmc15,MJD-51263,MJD-51263.0 -> JD
2452772.5,1509.0,15.355999946594238,r,69.420654,0.885344,0.160259708206123,I/327/cmc15,MJD-51263,MJD-51263.0 -> JD
2453993.5,2730.0,17.41699981689453,r,69.358812,0.846621,0.1603140958111509,I/327/cmc15,MJD-51263,MJD-51263.0 -> JD
2451536.5,273.0,16.363000869750977,r,69.179016,0.901702,0.16033506706884518,I/327/cmc15,MJD-51263,MJD-51263.0 -> JD
2451540.5,277.0,15.02299976348877,r,69.160039,1.062971,0.16051166034415718,I/327/cmc15,MJD-51263,MJD-51263.0 -> JD
2453183.5,1920.0,16.917999267578125,r,69.239122,0.852306,0.16101596950597666,I/327/cmc15,MJD-51263,MJD-51263.0 -> JD
2453993.5,2730.0,17.42099952697754,r,69.172984,0.908497,0.16130734036355293,I/327/cmc15,MJD-51263,MJD-51263.0 -> JD
2453993.5,2730.0,15.770999908447266,r,69.36136,0.845924,0.1618119982136682,I/327/cmc15,MJD-51263,MJD-51263.0 -> JD
2451540.5,277.0,15.503000259399414,r,69.16428,1.075271,0.16210317428388196,I/327/cmc15,MJD-51263,MJD-51263.0 -> JD
2451538.5,275.0,15.307999610900879,r,69.314668,1.160294,0.16214839070059192,I/327/cmc15,MJD-51263,MJD-51263.0 -> JD
2452772.5,1509.0,12.779999732971191,r,69.182909,0.8939,0.16215754818151673,I/327/cmc15,MJD-51263,MJD-51263.0 -> JD
2452772.5,1509.0,16.305999755859375,r,69.395681,0.862441,0.16226725872784117,I/327/cmc15,MJD-51263,MJD-51263.0 -> JD
2451538.5,275.0,14.937999725341797,r,69.435503,1.097896,0.16256059217541594,I/327/cmc15,MJD-51263,MJD-51263.0 -> JD
2452772.5,1509.0,12.88700008392334,r,69.436919,0.900353,0.16272078450419486,I/327/cmc15,MJD-51263,MJD-51263.0 -> JD
2452364.5,1101.0,8.91100025177002,r,69.174848,0.903308,0.16273703095300537,I/327/cmc15,MJD-51263,MJD-51263.0 -> JD
2453993.5,2730.0,16.677000045776367,r,69.358852,0.843787,0.1630112391099073,I/327/cmc15,MJD-51263,MJD-51263.0 -> JD
2451540.5,277.0,15.302000045776367,r,69.450584,1.075974,0.16322901536041798,I/327/cmc15,MJD-51263,MJD-51263.0 -> JD
2451538.5,275.0,15.638999938964844,r,69.314435,1.161869,0.1637108687851511,I/327/cmc15,MJD-51263,MJD-51263.0 -> JD
2453993.5,2730.0,17.420000076293945,r,69.35879,0.842334,0.1643698438529966,I/327/cmc15,MJD-51263,MJD-51263.0 -> JD
2453993.5,2730.0,16.68899917602539,r,69.285862,0.834464,0.16521890746089932,I/327/cmc15,MJD-51263,MJD-51263.0 -> JD
2452772.5,1509.0,16.339000701904297,r,69.236055,0.849087,0.16523360921497043,I/327/cmc15,MJD-51263,MJD-51263.0 -> JD
2451541.5,278.0,11.918000221252441,r,69.472037,1.014922,0.16586174476291457,I/327/cmc15,MJD-51263,MJD-51263.0 -> JD
2453993.5,2730.0,16.16200065612793,r,69.361338,0.841413,0.16606044431680614,I/327/cmc15,MJD-51263,MJD-51263.0 -> JD
2451541.5,278.0,15.729000091552734,r,69.147367,1.044881,0.16624091288273252,I/327/cmc15,MJD-51263,MJD-51263.0 -> JD
2451540.5,277.0,16.208999633789062,r,69.268494,1.160151,0.1663356333468551,I/327/cmc15,MJD-51263,MJD-51263.0 -> JD
2451541.5,278.0,14.354999542236328,J,69.294483,0.987272,0.016685578627074486,I/327/cmc15,MJD-51263,MJD-51263.0 -> JD
2451541.5,278.0,15.831999778747559,J,69.285599,1.007143,0.023125729783233327,I/327/cmc15,MJD-51263,MJD-51263.0 -> JD
2451541.5,278.0,15.465999603271484,J,69.281517,1.005526,0.026459041351538433,I/327/cmc15,MJD-51263,MJD-51263.0 -> JD
2451541.5,278.0,12.732000350952148,J,69.335578,1.007731,0.0300982019187908,I/327/cmc15,MJD-51263,MJD-51263.0 -> JD
2451541.5,278.0,15.538000106811523,J,69.338206,0.987173,0.03315232336017644,I/327/cmc15,MJD-51263,MJD-51263.0 -> JD
2451541.5,278.0,15.958000183105469,J,69.276414,0.981981,0.0346603600984138,I/327/cmc15,MJD-51263,MJD-51263.0 -> JD
2451541.5,278.0,13.951000213623047,J,69.292151,1.030176,0.035131129345475125,I/327/cmc15,MJD-51263,MJD-51263.0 -> JD
2451541.5,278.0,14.161999702453613,J,69.276107,1.019309,0.03732531605726787,I/327/cmc15,MJD-51263,MJD-51263.0 -> JD
2451541.5,278.0,14.78499984741211,J,69.322589,1.033238,0.038239036082923866,I/327/cmc15,MJD-51263,MJD-51263.0 -> JD
2451541.5,278.0,14.487000465393066,J,69.271553,0.982123,0.03895425007079645,I/327/cmc15,MJD-51263,MJD-51263.0 -> JD
2451541.5,278.0,13.71399974822998,J,69.278288,0.971376,0.03936370530185228,I/327/cmc15,MJD-51263,MJD-51263.0 -> JD
2451541.5,278.0,14.604000091552734,J,69.33107,1.030781,0.04041361553735514,I/327/cmc15,MJD-51263,MJD-51263.0 -> JD
2451541.5,278.0,15.857000350952148,J,69.281583,0.963213,0.043335540130888556,I/327/cmc15,MJD-51263,MJD-51263.0 -> JD
2451541.5,278.0,12.72599983215332,J,69.327328,1.037286,0.04394963555294191,I/327/cmc15,MJD-51263,MJD-51263.0 -> JD
2451541.5,278.0,13.220999717712402,J,69.269517,0.973848,0.0447489674646968,I/327/cmc15,MJD-51263,MJD-51263.0 -> JD
2451541.5,278.0,15.36400032043457,J,69.27602,1.035364,0.04827029761933444,I/327/cmc15,MJD-51263,MJD-51263.0 -> JD
2451541.5,278.0,14.255000114440918,J,69.325992,0.946454,0.055246438087636004,I/327/cmc15,MJD-51263,MJD-51263.0 -> JD
2451541.5,278.0,15.75100040435791,J,69.341984,1.042581,0.05641894705409715,I/327/cmc15,MJD-51263,MJD-51263.0 -> JD
2451541.5,278.0,15.293000221252441,J,69.278083,1.049784,0.05901375871858703,I/327/cmc15,MJD-51263,MJD-51263.0 -> JD
2451541.5,278.0,14.654999732971191,J,69.354188,0.961774,0.05969872141769616,I/327/cmc15,MJD-51263,MJD-51263.0 -> JD
2451538.5,275.0,14.92300033569336,J,69.297877,1.057577,0.059944478373301906,I/327/cmc15,MJD-51263,MJD-51263.0 -> JD
2451540.5,277.0,15.687000274658203,J,69.330425,1.053873,0.06028819976961118,I/327/cmc15,MJD-51263,MJD-51263.0 -> JD
2451541.5,278.0,11.475000381469727,J,69.361028,0.968913,0.06152513694556712,I/327/cmc15,MJD-51263,MJD-51263.0 -> JD
2451541.5,278.0,12.666000366210938,J,69.25525,1.033121,0.06233717009330092,I/327/cmc15,MJD-51263,MJD-51263.0 -> JD
2451541.5,278.0,14.741999626159668,J,69.252635,0.967591,0.06242977193873773,I/327/cmc15,MJD-51263,MJD-51263.0 -> JD
2451541.5,278.0,14.472000122070312,J,69.35961,0.951434,0.07048358660205352,I/327/cmc15,MJD-51263,MJD-51263.0 -> JD
2451536.5,273.0,13.505999565124512,J,69.30025,0.927056,0.0715889492624245,I/327/cmc15,MJD-51263,MJD-51263.0 -> JD
2452364.5,1101.0,15.027999877929688,J,69.320265,0.925191,0.07433291238543756,I/327/cmc15,MJD-51263,MJD-51263.0 -> JD
2452364.5,1101.0,10.850000381469727,J,69.315766,0.922899,0.07593841377920872,I/327/cmc15,MJD-51263,MJD-51263.0 -> JD
2451541.5,278.0,14.192999839782715,J,69.369117,1.045215,0.07783277837641894,I/327/cmc15,MJD-51263,MJD-51263.0 -> JD
2451540.5,277.0,14.689000129699707,J,69.331622,1.074215,0.07978594815139316,I/327/cmc15,MJD-51263,MJD-51263.0 -> JD
2451540.5,277.0,10.944000244140625,J,69.325278,1.079566,0.08327231083546613,I/327/cmc15,MJD-51263,MJD-51263.0 -> JD
2451541.5,278.0,14.807000160217285,J,69.375932,0.951228,0.08349324028113189,I/327/cmc15,MJD-51263,MJD-51263.0 -> JD
2451540.5,277.0,14.951000213623047,J,69.269071,1.072733,0.08350392254048719,I/327/cmc15,MJD-51263,MJD-51263.0 -> JD
2451541.5,278.0,12.031000137329102,J,69.391648,1.012212,0.08578402642948726,I/327/cmc15,MJD-51263,MJD-51263.0 -> JD
2451541.5,278.0,14.451000213623047,J,69.237181,1.048989,0.08623907248424,I/327/cmc15,MJD-51263,MJD-51263.0 -> JD
2451541.5,278.0,15.890999794006348,J,69.22282,0.97855,0.08644242423822619,I/327/cmc15,MJD-51263,MJD-51263.0 -> JD
2451541.5,278.0,13.130999565124512,J,69.391753,0.979914,0.08673553327170294,I/327/cmc15,MJD-51263,MJD-51263.0 -> JD
2451541.5,278.0,15.567000389099121,J,69.217467,1.009131,0.090150882787211,I/327/cmc15,MJD-51263,MJD-51263.0 -> JD
2451541.5,278.0,12.79699993133545,J,69.222876,0.960431,0.09223837143978067,I/327/cmc15,MJD-51263,MJD-51263.0 -> JD
2451541.5,278.0,14.67300033569336,J,69.399072,1.008899,0.09268074260727643,I/327/cmc15,MJD-51263,MJD-51263.0 -> JD
2451541.5,278.0,14.303000450134277,J,69.215157,0.982305,0.09319891957342212,I/327/cmc15,MJD-51263,MJD-51263.0 -> JD
2451540.5,277.0,15.392999649047852,J,69.363731,1.074152,0.09470324866405734,I/327/cmc15,MJD-51263,MJD-51263.0 -> JD
2451539.5,276.0,13.36299991607666,J,69.369595,0.925209,0.09625822338749267,I/327/cmc15,MJD-51263,MJD-51263.0 -> JD
2451541.5,278.0,10.746999740600586,J,69.39671,1.03464,0.09678408278445574,I/327/cmc15,MJD-51263,MJD-51263.0 -> JD
2451541.5,278.0,14.470000267028809,J,69.388128,0.945299,0.09692696547332345,I/327/cmc15,MJD-51263,MJD-51263.0 -> JD
2452772.5,1509.0,14.354000091552734,J,69.31697,0.901868,0.09697539912859583,I/327/cmc15,MJD-51263,MJD-51263.0 -> JD
2451541.5,278.0,13.37600040435791,J,69.401118,0.969302,0.09849606719142655,I/327/cmc15,MJD-51263,MJD-51263.0 -> JD
2451541.5,278.0,15.163000106811523,J,69.208998,0.987486,0.09856734851003095,I/327/cmc15,MJD-51263,MJD-51263.0 -> JD
2453993.5,2730.0,15.687000274658203,J,69.299468,0.897583,0.101024557257999,I/327/cmc15,MJD-51263,MJD-51263.0 -> JD
2451540.5,277.0,13.6899995803833,J,69.331917,1.096366,0.10115846002878237,I/327/cmc15,MJD-51263,MJD-51263.0 -> JD
2451541.5,278.0,9.213000297546387,J,69.206616,0.966779,0.1051936072825765,I/327/cmc15,MJD-51263,MJD-51263.0 -> JD
2451540.5,277.0,14.604999542236328,J,69.286076,1.10167,0.10543491522919367,I/327/cmc15,MJD-51263,MJD-51263.0 -> JD
2451540.5,277.0,15.24899959564209,J,69.246837,1.086147,0.10643510320809906,I/327/cmc15,MJD-51263,MJD-51263.0 -> JD
2451540.5,277.0,10.270000457763672,J,69.268293,1.101104,0.10981475143194339,I/327/cmc15,MJD-51263,MJD-51263.0 -> JD
2451540.5,277.0,15.97599983215332,J,69.214142,1.060901,0.11194588891570466,I/327/cmc15,MJD-51263,MJD-51263.0 -> JD
2451541.5,278.0,15.869999885559082,J,69.407482,0.948926,0.11197265709431321,I/327/cmc15,MJD-51263,MJD-51263.0 -> JD
2451541.5,278.0,14.777000427246094,J,69.20727,0.946244,0.11248261511401916,I/327/cmc15,MJD-51263,MJD-51263.0 -> JD
2452772.5,1509.0,12.076000213623047,J,69.276547,0.889232,0.11326046168495678,I/327/cmc15,MJD-51263,MJD-51263.0 -> JD
2451541.5,278.0,14.420999526977539,J,69.410408,1.046981,0.11428327280616443,I/327/cmc15,MJD-51263,MJD-51263.0 -> JD
2451541.5,278.0,15.451000213623047,J,69.213132,0.931998,0.11491284679239776,I/327/cmc15,MJD-51263,MJD-51263.0 -> JD
2451541.5,278.0,15.67199993133545,J,69.421567,1.013619,0.11558330402169815,I/327/cmc15,MJD-51263,MJD-51263.0 -> JD
2451541.5,278.0,14.104000091552734,J,69.423092,1.003902,0.1162260421425303,I/327/cmc15,MJD-51263,MJD-51263.0 -> JD
2451539.5,276.0,12.218000411987305,J,69.210157,0.932535,0.11705173231809013,I/327/cmc15,MJD-51263,MJD-51263.0 -> JD
2451540.5,277.0,14.432000160217285,J,69.407372,1.058823,0.11719460567478164,I/327/cmc15,MJD-51263,MJD-51263.0 -> JD
2452779.5,1516.0,15.291000366210938,J,69.399581,0.92041,0.12100974546751447,I/327/cmc15,MJD-51263,MJD-51263.0 -> JD
2452364.5,1101.0,12.4350004196167,J,69.35082,0.883696,0.12272613775504185,I/327/cmc15,MJD-51263,MJD-51263.0 -> JD
2451541.5,278.0,12.612000465393066,J,69.190135,1.035926,0.12272953147937705,I/327/cmc15,MJD-51263,MJD-51263.0 -> JD
2451540.5,277.0,14.503000259399414,J,69.376042,1.104412,0.1265762009397779,I/327/cmc15,MJD-51263,MJD-51263.0 -> JD
2454005.5,2742.0,15.355999946594238,J,69.398938,0.907513,0.12923195728491302,I/327/cmc15,MJD-51263,MJD-51263.0 -> JD
2451539.5,276.0,10.609000205993652,J,69.194972,0.933084,0.1296125965197275,I/327/cmc15,MJD-51263,MJD-51263.0 -> JD
2452772.5,1509.0,12.460000038146973,J,69.257925,0.878118,0.12983196667733207,I/327/cmc15,MJD-51263,MJD-51263.0 -> JD
2451541.5,278.0,16.06999969482422,J,69.20389,1.079099,0.13095207946356105,I/327/cmc15,MJD-51263,MJD-51263.0 -> JD
2451540.5,277.0,14.062999725341797,J,69.353127,1.12247,0.13243834828600753,I/327/cmc15,MJD-51263,MJD-51263.0 -> JD
2451540.5,277.0,15.38599967956543,J,69.29823,1.132793,0.13474961206250177,I/327/cmc15,MJD-51263,MJD-51263.0 -> JD
2452779.5,1516.0,15.996999740600586,J,69.199008,0.916779,0.13529719451365285,I/327/cmc15,MJD-51263,MJD-51263.0 -> JD
2452772.5,1509.0,12.993000030517578,J,69.396594,0.896467,0.13566038933203162,I/327/cmc15,MJD-51263,MJD-51263.0 -> JD
2453993.5,2730.0,15.968000411987305,J,69.247319,0.876374,0.13576247260585247,I/327/cmc15,MJD-51263,MJD-51263.0 -> JD
2452779.5,1516.0,15.677000045776367,J,69.19061,0.923569,0.13830222875207596,I/327/cmc15,MJD-51263,MJD-51263.0 -> JD
2451541.5,278.0,14.692000389099121,J,69.176011,1.043313,0.13846161757747902,I/327/cmc15,MJD-51263,MJD-51263.0 -> JD
2452772.5,1509.0,14.083999633789062,J,69.411917,0.907717,0.13863126916537746,I/327/cmc15,MJD-51263,MJD-51263.0 -> JD
2451540.5,277.0,14.973999977111816,J,69.192778,1.079495,0.1400941536040236,I/327/cmc15,MJD-51263,MJD-51263.0 -> JD
2452772.5,1509.0,14.63700008392334,J,69.266602,0.863804,0.14045200944160233,I/327/cmc15,MJD-51263,MJD-51263.0 -> JD
2451541.5,278.0,14.545000076293945,J,69.443609,0.96506,0.1405994658266549,I/327/cmc15,MJD-51263,MJD-51263.0 -> JD
2452772.5,1509.0,15.383999824523926,J,69.382121,0.879116,0.14091064741337186,I/327/cmc15,MJD-51263,MJD-51263.0 -> JD
2451540.5,277.0,14.470000267028809,J,69.186479,1.071838,0.14113814364639057,I/327/cmc15,MJD-51263,MJD-51263.0 -> JD
2451539.5,276.0,13.142999649047852,J,69.435528,0.939527,0.1413396191404488,I/327/cmc15,MJD-51263,MJD-51263.0 -> JD
2451541.5,278.0,13.45300006866455,J,69.174016,1.046382,0.1413631050483444,I/327/cmc15,MJD-51263,MJD-51263.0 -> JD
2452364.5,1101.0,13.112000465393066,J,69.421058,0.913305,0.1422624088507124,I/327/cmc15,MJD-51263,MJD-51263.0 -> JD
2451540.5,277.0,14.559000015258789,J,69.254366,1.130866,0.14259683113187632,I/327/cmc15,MJD-51263,MJD-51263.0 -> JD
2451541.5,278.0,14.114999771118164,J,69.170227,1.039128,0.1426908111089608,I/327/cmc15,MJD-51263,MJD-51263.0 -> JD
2451541.5,278.0,14.293000221252441,J,69.449702,1.00463,0.14283731724601004,I/327/cmc15,MJD-51263,MJD-51263.0 -> JD
2451541.5,278.0,12.843000411987305,J,69.167385,1.032223,0.14363175791814178,I/327/cmc15,MJD-51263,MJD-51263.0 -> JD
2452772.5,1509.0,14.899999618530273,J,69.254664,0.864384,0.14379635195551993,I/327/cmc15,MJD-51263,MJD-51263.0 -> JD
2452772.5,1509.0,14.034000396728516,J,69.224096,0.879935,0.14451676416003517,I/327/cmc15,MJD-51263,MJD-51263.0 -> JD
2451540.5,277.0,15.678000450134277,J,69.221467,1.115289,0.14488009393414614,I/327/cmc15,MJD-51263,MJD-51263.0 -> JD
2452772.5,1509.0,15.041999816894531,J,69.316333,0.851837,0.14678888292080017,I/327/cmc15,MJD-51263,MJD-51263.0 -> JD
2452772.5,1509.0,12.119000434875488,J,69.294208,0.850201,0.14867644015325435,I/327/cmc15,MJD-51263,MJD-51263.0 -> JD
2452772.5,1509.0,12.89900016784668,J,69.424329,0.906498,0.1489940587852723,I/327/cmc15,MJD-51263,MJD-51263.0 -> JD
2451540.5,277.0,13.439000129699707,J,69.431083,1.082099,0.14971171268066955,I/327/cmc15,MJD-51263,MJD-51263.0 -> JD
2451540.5,277.0,14.9399995803833,J,69.225584,1.124953,0.15052339580682392,I/327/cmc15,MJD-51263,MJD-51263.0 -> JD
2452772.5,1509.0,13.461000442504883,J,69.3907,0.872627,0.15102161933340003,I/327/cmc15,MJD-51263,MJD-51263.0 -> JD
2451541.5,278.0,15.493000030517578,J,69.269874,1.145285,0.15156825298136298,I/327/cmc15,MJD-51263,MJD-51263.0 -> JD
2451540.5,277.0,15.609999656677246,J,69.184407,1.088557,0.15218720984548925,I/327/cmc15,MJD-51263,MJD-51263.0 -> JD
2451541.5,278.0,11.656999588012695,J,69.165025,0.941339,0.15295010203234127,I/327/cmc15,MJD-51263,MJD-51263.0 -> JD
2451541.5,278.0,15.164999961853027,J,69.317003,1.151394,0.15339375465117766,I/327/cmc15,MJD-51263,MJD-51263.0 -> JD
2452772.5,1509.0,14.11400032043457,J,69.228696,0.864562,0.15498504520585932,I/327/cmc15,MJD-51263,MJD-51263.0 -> JD
2451540.5,277.0,14.03600025177002,J,69.385414,1.132134,0.15509206739345086,I/327/cmc15,MJD-51263,MJD-51263.0 -> JD
2452772.5,1509.0,12.480999946594238,J,69.38012,0.861137,0.15546407103782148,I/327/cmc15,MJD-51263,MJD-51263.0 -> JD
2451541.5,278.0,9.574999809265137,J,69.463783,0.99637,0.15678948881243202,I/327/cmc15,MJD-51263,MJD-51263.0 -> JD
2452772.5,1509.0,15.404999732971191,J,69.395433,0.866622,0.15864402871806427,I/327/cmc15,MJD-51263,MJD-51263.0 -> JD
2451541.5,278.0,15.869999885559082,J,69.146915,0.994267,0.16009429090815275,I/327/cmc15,MJD-51263,MJD-51263.0 -> JD
2452772.5,1509.0,14.315999984741211,J,69.420654,0.885344,0.160259708206123,I/327/cmc15,MJD-51263,MJD-51263.0 -> JD
2451540.5,277.0,13.878000259399414,J,69.160039,1.062971,0.16051166034415718,I/327/cmc15,MJD-51263,MJD-51263.0 -> JD
2453183.5,1920.0,15.692000389099121,J,69.239122,0.852306,0.16101596950597666,I/327/cmc15,MJD-51263,MJD-51263.0 -> JD
2451540.5,277.0,14.29800033569336,J,69.16428,1.075271,0.16210317428388196,I/327/cmc15,MJD-51263,MJD-51263.0 -> JD
2452772.5,1509.0,11.638999938964844,J,69.182909,0.8939,0.16215754818151673,I/327/cmc15,MJD-51263,MJD-51263.0 -> JD
2452772.5,1509.0,15.173999786376953,J,69.395681,0.862441,0.16226725872784117,I/327/cmc15,MJD-51263,MJD-51263.0 -> JD
2451538.5,275.0,13.574000358581543,J,69.435503,1.097896,0.16256059217541594,I/327/cmc15,MJD-51263,MJD-51263.0 -> JD
2452772.5,1509.0,11.404999732971191,J,69.436919,0.900353,0.16272078450419486,I/327/cmc15,MJD-51263,MJD-51263.0 -> JD
2451540.5,277.0,14.338000297546387,J,69.450584,1.075974,0.16322901536041798,I/327/cmc15,MJD-51263,MJD-51263.0 -> JD
2452772.5,1509.0,15.22599983215332,J,69.236055,0.849087,0.16523360921497043,I/327/cmc15,MJD-51263,MJD-51263.0 -> JD
2451541.5,278.0,11.057999610900879,J,69.472037,1.014922,0.16586174476291457,I/327/cmc15,MJD-51263,MJD-51263.0 -> JD
2451541.5,278.0,14.467000007629395,J,69.147367,1.044881,0.16624091288273252,I/327/cmc15,MJD-51263,MJD-51263.0 -> JD
2451540.5,277.0,13.963000297546387,J,69.268494,1.160151,0.1663356333468551,I/327/cmc15,MJD-51263,MJD-51263.0 -> JD
2451541.5,278.0,14.130000114440918,H,69.294483,0.987272,0.016685578627074486,I/327/cmc15,MJD-51263,MJD-51263.0 -> JD
2451541.5,278.0,15.140999794006348,H,69.281517,1.005526,0.026459041351538433,I/327/cmc15,MJD-51263,MJD-51263.0 -> JD
2451541.5,278.0,12.380999565124512,H,69.335578,1.007731,0.0300982019187908,I/327/cmc15,MJD-51263,MJD-51263.0 -> JD
2451541.5,278.0,15.029000282287598,H,69.338206,0.987173,0.03315232336017644,I/327/cmc15,MJD-51263,MJD-51263.0 -> JD
2451541.5,278.0,13.638999938964844,H,69.292151,1.030176,0.035131129345475125,I/327/cmc15,MJD-51263,MJD-51263.0 -> JD
2451541.5,278.0,13.5600004196167,H,69.276107,1.019309,0.03732531605726787,I/327/cmc15,MJD-51263,MJD-51263.0 -> JD
2451541.5,278.0,14.428000450134277,H,69.322589,1.033238,0.038239036082923866,I/327/cmc15,MJD-51263,MJD-51263.0 -> JD
2451541.5,278.0,13.862000465393066,H,69.271553,0.982123,0.03895425007079645,I/327/cmc15,MJD-51263,MJD-51263.0 -> JD
2451541.5,278.0,13.177000045776367,H,69.278288,0.971376,0.03936370530185228,I/327/cmc15,MJD-51263,MJD-51263.0 -> JD
2451541.5,278.0,14.26200008392334,H,69.33107,1.030781,0.04041361553735514,I/327/cmc15,MJD-51263,MJD-51263.0 -> JD
2451541.5,278.0,12.36400032043457,H,69.327328,1.037286,0.04394963555294191,I/327/cmc15,MJD-51263,MJD-51263.0 -> JD
2451541.5,278.0,13.187999725341797,H,69.269517,0.973848,0.0447489674646968,I/327/cmc15,MJD-51263,MJD-51263.0 -> JD
2451541.5,278.0,14.793000221252441,H,69.27602,1.035364,0.04827029761933444,I/327/cmc15,MJD-51263,MJD-51263.0 -> JD
2451541.5,278.0,13.536999702453613,H,69.325992,0.946454,0.055246438087636004,I/327/cmc15,MJD-51263,MJD-51263.0 -> JD
2451541.5,278.0,14.310999870300293,H,69.354188,0.961774,0.05969872141769616,I/327/cmc15,MJD-51263,MJD-51263.0 -> JD
2451538.5,275.0,14.197999954223633,H,69.297877,1.057577,0.059944478373301906,I/327/cmc15,MJD-51263,MJD-51263.0 -> JD
2451541.5,278.0,11.178999900817871,H,69.361028,0.968913,0.06152513694556712,I/327/cmc15,MJD-51263,MJD-51263.0 -> JD
2451541.5,278.0,12.199000358581543,H,69.25525,1.033121,0.06233717009330092,I/327/cmc15,MJD-51263,MJD-51263.0 -> JD
2451541.5,278.0,14.541999816894531,H,69.252635,0.967591,0.06242977193873773,I/327/cmc15,MJD-51263,MJD-51263.0 -> JD
2451541.5,278.0,13.848999977111816,H,69.35961,0.951434,0.07048358660205352,I/327/cmc15,MJD-51263,MJD-51263.0 -> JD
2451536.5,273.0,12.927000045776367,H,69.30025,0.927056,0.0715889492624245,I/327/cmc15,MJD-51263,MJD-51263.0 -> JD
2452364.5,1101.0,14.680000305175781,H,69.320265,0.925191,0.07433291238543756,I/327/cmc15,MJD-51263,MJD-51263.0 -> JD
2452364.5,1101.0,10.550000190734863,H,69.315766,0.922899,0.07593841377920872,I/327/cmc15,MJD-51263,MJD-51263.0 -> JD
2451541.5,278.0,13.824000358581543,H,69.369117,1.045215,0.07783277837641894,I/327/cmc15,MJD-51263,MJD-51263.0 -> JD
2451540.5,277.0,14.098999977111816,H,69.331622,1.074215,0.07978594815139316,I/327/cmc15,MJD-51263,MJD-51263.0 -> JD
2451540.5,277.0,10.51200008392334,H,69.325278,1.079566,0.08327231083546613,I/327/cmc15,MJD-51263,MJD-51263.0 -> JD
2451541.5,278.0,14.430000305175781,H,69.375932,0.951228,0.08349324028113189,I/327/cmc15,MJD-51263,MJD-51263.0 -> JD
2451540.5,277.0,14.24899959564209,H,69.269071,1.072733,0.08350392254048719,I/327/cmc15,MJD-51263,MJD-51263.0 -> JD
2451541.5,278.0,11.729000091552734,H,69.391648,1.012212,0.08578402642948726,I/327/cmc15,MJD-51263,MJD-51263.0 -> JD
2451541.5,278.0,14.16100025177002,H,69.237181,1.048989,0.08623907248424,I/327/cmc15,MJD-51263,MJD-51263.0 -> JD
2451541.5,278.0,12.798999786376953,H,69.391753,0.979914,0.08673553327170294,I/327/cmc15,MJD-51263,MJD-51263.0 -> JD
2451541.5,278.0,15.050000190734863,H,69.217467,1.009131,0.090150882787211,I/327/cmc15,MJD-51263,MJD-51263.0 -> JD
2451541.5,278.0,12.395999908447266,H,69.222876,0.960431,0.09223837143978067,I/327/cmc15,MJD-51263,MJD-51263.0 -> JD
2451541.5,278.0,14.20300006866455,H,69.399072,1.008899,0.09268074260727643,I/327/cmc15,MJD-51263,MJD-51263.0 -> JD
2451541.5,278.0,13.675999641418457,H,69.215157,0.982305,0.09319891957342212,I/327/cmc15,MJD-51263,MJD-51263.0 -> JD
2451540.5,277.0,15.0600004196167,H,69.363731,1.074152,0.09470324866405734,I/327/cmc15,MJD-51263,MJD-51263.0 -> JD
2451539.5,276.0,12.670000076293945,H,69.369595,0.925209,0.09625822338749267,I/327/cmc15,MJD-51263,MJD-51263.0 -> JD
2451541.5,278.0,10.484000205993652,H,69.39671,1.03464,0.09678408278445574,I/327/cmc15,MJD-51263,MJD-51263.0 -> JD
2451541.5,278.0,14.032999992370605,H,69.388128,0.945299,0.09692696547332345,I/327/cmc15,MJD-51263,MJD-51263.0 -> JD
2452772.5,1509.0,14.008000373840332,H,69.31697,0.901868,0.09697539912859583,I/327/cmc15,MJD-51263,MJD-51263.0 -> JD
2451541.5,278.0,12.71500015258789,H,69.401118,0.969302,0.09849606719142655,I/327/cmc15,MJD-51263,MJD-51263.0 -> JD
2451541.5,278.0,14.61299991607666,H,69.208998,0.987486,0.09856734851003095,I/327/cmc15,MJD-51263,MJD-51263.0 -> JD
2453993.5,2730.0,15.069000244140625,H,69.299468,0.897583,0.101024557257999,I/327/cmc15,MJD-51263,MJD-51263.0 -> JD
2451540.5,277.0,13.413999557495117,H,69.331917,1.096366,0.10115846002878237,I/327/cmc15,MJD-51263,MJD-51263.0 -> JD
2451541.5,278.0,8.711999893188477,H,69.206616,0.966779,0.1051936072825765,I/327/cmc15,MJD-51263,MJD-51263.0 -> JD
2451540.5,277.0,14.135000228881836,H,69.286076,1.10167,0.10543491522919367,I/327/cmc15,MJD-51263,MJD-51263.0 -> JD
2451540.5,277.0,14.791999816894531,H,69.246837,1.086147,0.10643510320809906,I/327/cmc15,MJD-51263,MJD-51263.0 -> JD
2451540.5,277.0,9.765000343322754,H,69.268293,1.101104,0.10981475143194339,I/327/cmc15,MJD-51263,MJD-51263.0 -> JD
2451541.5,278.0,14.420999526977539,H,69.20727,0.946244,0.11248261511401916,I/327/cmc15,MJD-51263,MJD-51263.0 -> JD
2452772.5,1509.0,11.437999725341797,H,69.276547,0.889232,0.11326046168495678,I/327/cmc15,MJD-51263,MJD-51263.0 -> JD
2451541.5,278.0,14.156999588012695,H,69.410408,1.046981,0.11428327280616443,I/327/cmc15,MJD-51263,MJD-51263.0 -> JD
2451541.5,278.0,15.029999732971191,H,69.213132,0.931998,0.11491284679239776,I/327/cmc15,MJD-51263,MJD-51263.0 -> JD
2451541.5,278.0,14.913000106811523,H,69.421567,1.013619,0.11558330402169815,I/327/cmc15,MJD-51263,MJD-51263.0 -> JD
2451541.5,278.0,13.470999717712402,H,69.423092,1.003902,0.1162260421425303,I/327/cmc15,MJD-51263,MJD-51263.0 -> JD
2451539.5,276.0,11.720999717712402,H,69.210157,0.932535,0.11705173231809013,I/327/cmc15,MJD-51263,MJD-51263.0 -> JD
2451540.5,277.0,13.812000274658203,H,69.407372,1.058823,0.11719460567478164,I/327/cmc15,MJD-51263,MJD-51263.0 -> JD
2452779.5,1516.0,14.699000358581543,H,69.399581,0.92041,0.12100974546751447,I/327/cmc15,MJD-51263,MJD-51263.0 -> JD
2452364.5,1101.0,12.104000091552734,H,69.35082,0.883696,0.12272613775504185,I/327/cmc15,MJD-51263,MJD-51263.0 -> JD
2451541.5,278.0,12.444999694824219,H,69.190135,1.035926,0.12272953147937705,I/327/cmc15,MJD-51263,MJD-51263.0 -> JD
2451540.5,277.0,13.97700023651123,H,69.376042,1.104412,0.1265762009397779,I/327/cmc15,MJD-51263,MJD-51263.0 -> JD
2454005.5,2742.0,14.904000282287598,H,69.398938,0.907513,0.12923195728491302,I/327/cmc15,MJD-51263,MJD-51263.0 -> JD
2451539.5,276.0,10.439000129699707,H,69.194972,0.933084,0.1296125965197275,I/327/cmc15,MJD-51263,MJD-51263.0 -> JD
2452772.5,1509.0,12.185999870300293,H,69.257925,0.878118,0.12983196667733207,I/327/cmc15,MJD-51263,MJD-51263.0 -> JD
2451540.5,277.0,13.317999839782715,H,69.353127,1.12247,0.13243834828600753,I/327/cmc15,MJD-51263,MJD-51263.0 -> JD
2451540.5,277.0,14.85099983215332,H,69.29823,1.132793,0.13474961206250177,I/327/cmc15,MJD-51263,MJD-51263.0 -> JD
2452779.5,1516.0,14.975000381469727,H,69.199008,0.916779,0.13529719451365285,I/327/cmc15,MJD-51263,MJD-51263.0 -> JD
2452772.5,1509.0,12.574000358581543,H,69.396594,0.896467,0.13566038933203162,I/327/cmc15,MJD-51263,MJD-51263.0 -> JD
2451541.5,278.0,14.402999877929688,H,69.176011,1.043313,0.13846161757747902,I/327/cmc15,MJD-51263,MJD-51263.0 -> JD
2452772.5,1509.0,13.57699966430664,H,69.411917,0.907717,0.13863126916537746,I/327/cmc15,MJD-51263,MJD-51263.0 -> JD
2451540.5,277.0,14.36299991607666,H,69.192778,1.079495,0.1400941536040236,I/327/cmc15,MJD-51263,MJD-51263.0 -> JD
2452772.5,1509.0,14.258999824523926,H,69.266602,0.863804,0.14045200944160233,I/327/cmc15,MJD-51263,MJD-51263.0 -> JD
2451541.5,278.0,14.265999794006348,H,69.443609,0.96506,0.1405994658266549,I/327/cmc15,MJD-51263,MJD-51263.0 -> JD
2451540.5,277.0,13.871999740600586,H,69.186479,1.071838,0.14113814364639057,I/327/cmc15,MJD-51263,MJD-51263.0 -> JD
2451539.5,276.0,12.87600040435791,H,69.435528,0.939527,0.1413396191404488,I/327/cmc15,MJD-51263,MJD-51263.0 -> JD
2451541.5,278.0,12.793999671936035,H,69.174016,1.046382,0.1413631050483444,I/327/cmc15,MJD-51263,MJD-51263.0 -> JD
2452364.5,1101.0,12.54699993133545,H,69.421058,0.913305,0.1422624088507124,I/327/cmc15,MJD-51263,MJD-51263.0 -> JD
2451540.5,277.0,14.232000350952148,H,69.254366,1.130866,0.14259683113187632,I/327/cmc15,MJD-51263,MJD-51263.0 -> JD
2451541.5,278.0,13.60099983215332,H,69.170227,1.039128,0.1426908111089608,I/327/cmc15,MJD-51263,MJD-51263.0 -> JD
2451541.5,278.0,13.654000282287598,H,69.449702,1.00463,0.14283731724601004,I/327/cmc15,MJD-51263,MJD-51263.0 -> JD
2451541.5,278.0,12.604000091552734,H,69.167385,1.032223,0.14363175791814178,I/327/cmc15,MJD-51263,MJD-51263.0 -> JD
2452772.5,1509.0,14.576000213623047,H,69.254664,0.864384,0.14379635195551993,I/327/cmc15,MJD-51263,MJD-51263.0 -> JD
2452772.5,1509.0,13.74899959564209,H,69.224096,0.879935,0.14451676416003517,I/327/cmc15,MJD-51263,MJD-51263.0 -> JD
2451540.5,277.0,14.765999794006348,H,69.221467,1.115289,0.14488009393414614,I/327/cmc15,MJD-51263,MJD-51263.0 -> JD
2452772.5,1509.0,14.640999794006348,H,69.316333,0.851837,0.14678888292080017,I/327/cmc15,MJD-51263,MJD-51263.0 -> JD
2452772.5,1509.0,11.880999565124512,H,69.294208,0.850201,0.14867644015325435,I/327/cmc15,MJD-51263,MJD-51263.0 -> JD
2452772.5,1509.0,12.670000076293945,H,69.424329,0.906498,0.1489940587852723,I/327/cmc15,MJD-51263,MJD-51263.0 -> JD
2451540.5,277.0,13.185999870300293,H,69.431083,1.082099,0.14971171268066955,I/327/cmc15,MJD-51263,MJD-51263.0 -> JD
2451540.5,277.0,14.727999687194824,H,69.225584,1.124953,0.15052339580682392,I/327/cmc15,MJD-51263,MJD-51263.0 -> JD
2452772.5,1509.0,13.098999977111816,H,69.3907,0.872627,0.15102161933340003,I/327/cmc15,MJD-51263,MJD-51263.0 -> JD
2451541.5,278.0,15.020000457763672,H,69.269874,1.145285,0.15156825298136298,I/327/cmc15,MJD-51263,MJD-51263.0 -> JD
2451540.5,277.0,15.04699993133545,H,69.184407,1.088557,0.15218720984548925,I/327/cmc15,MJD-51263,MJD-51263.0 -> JD
2451541.5,278.0,11.335000038146973,H,69.165025,0.941339,0.15295010203234127,I/327/cmc15,MJD-51263,MJD-51263.0 -> JD
2451541.5,278.0,14.550000190734863,H,69.317003,1.151394,0.15339375465117766,I/327/cmc15,MJD-51263,MJD-51263.0 -> JD
2452772.5,1509.0,13.666000366210938,H,69.228696,0.864562,0.15498504520585932,I/327/cmc15,MJD-51263,MJD-51263.0 -> JD
2451540.5,277.0,13.595999717712402,H,69.385414,1.132134,0.15509206739345086,I/327/cmc15,MJD-51263,MJD-51263.0 -> JD
2452772.5,1509.0,12.189000129699707,H,69.38012,0.861137,0.15546407103782148,I/327/cmc15,MJD-51263,MJD-51263.0 -> JD
2451541.5,278.0,9.388999938964844,H,69.463783,0.99637,0.15678948881243202,I/327/cmc15,MJD-51263,MJD-51263.0 -> JD
2452772.5,1509.0,15.182000160217285,H,69.395433,0.866622,0.15864402871806427,I/327/cmc15,MJD-51263,MJD-51263.0 -> JD
2451541.5,278.0,15.461000442504883,H,69.146915,0.994267,0.16009429090815275,I/327/cmc15,MJD-51263,MJD-51263.0 -> JD
2452772.5,1509.0,13.876999855041504,H,69.420654,0.885344,0.160259708206123,I/327/cmc15,MJD-51263,MJD-51263.0 -> JD
2451540.5,277.0,13.532999992370605,H,69.160039,1.062971,0.16051166034415718,I/327/cmc15,MJD-51263,MJD-51263.0 -> JD
2451540.5,277.0,13.942000389099121,H,69.16428,1.075271,0.16210317428388196,I/327/cmc15,MJD-51263,MJD-51263.0 -> JD
2452772.5,1509.0,11.276000022888184,H,69.182909,0.8939,0.16215754818151673,I/327/cmc15,MJD-51263,MJD-51263.0 -> JD
2452772.5,1509.0,14.71399974822998,H,69.395681,0.862441,0.16226725872784117,I/327/cmc15,MJD-51263,MJD-51263.0 -> JD
2451538.5,275.0,12.866999626159668,H,69.435503,1.097896,0.16256059217541594,I/327/cmc15,MJD-51263,MJD-51263.0 -> JD
2452772.5,1509.0,10.821999549865723,H,69.436919,0.900353,0.16272078450419486,I/327/cmc15,MJD-51263,MJD-51263.0 -> JD
2451540.5,277.0,14.137999534606934,H,69.450584,1.075974,0.16322901536041798,I/327/cmc15,MJD-51263,MJD-51263.0 -> JD
2452772.5,1509.0,14.961000442504883,H,69.236055,0.849087,0.16523360921497043,I/327/cmc15,MJD-51263,MJD-51263.0 -> JD
2451541.5,278.0,10.859000205993652,H,69.472037,1.014922,0.16586174476291457,I/327/cmc15,MJD-51263,MJD-51263.0 -> JD
2451541.5,278.0,14.135000228881836,H,69.147367,1.044881,0.16624091288273252,I/327/cmc15,MJD-51263,MJD-51263.0 -> JD
2451540.5,277.0,13.342000007629395,H,69.268494,1.160151,0.1663356333468551,I/327/cmc15,MJD-51263,MJD-51263.0 -> JD
2451541.5,278.0,13.968000411987305,Ks,69.294483,0.987272,0.016685578627074486,I/327/cmc15,MJD-51263,MJD-51263.0 -> JD
2451541.5,278.0,12.319000244140625,Ks,69.335578,1.007731,0.0300982019187908,I/327/cmc15,MJD-51263,MJD-51263.0 -> JD
2451541.5,278.0,13.607999801635742,Ks,69.292151,1.030176,0.035131129345475125,I/327/cmc15,MJD-51263,MJD-51263.0 -> JD
2451541.5,278.0,13.366000175476074,Ks,69.276107,1.019309,0.03732531605726787,I/327/cmc15,MJD-51263,MJD-51263.0 -> JD
2451541.5,278.0,13.819999694824219,Ks,69.271553,0.982123,0.03895425007079645,I/327/cmc15,MJD-51263,MJD-51263.0 -> JD
2451541.5,278.0,13.142999649047852,Ks,69.278288,0.971376,0.03936370530185228,I/327/cmc15,MJD-51263,MJD-51263.0 -> JD
2451541.5,278.0,14.22700023651123,Ks,69.33107,1.030781,0.04041361553735514,I/327/cmc15,MJD-51263,MJD-51263.0 -> JD
2451541.5,278.0,12.258000373840332,Ks,69.327328,1.037286,0.04394963555294191,I/327/cmc15,MJD-51263,MJD-51263.0 -> JD
2451541.5,278.0,13.161999702453613,Ks,69.269517,0.973848,0.0447489674646968,I/327/cmc15,MJD-51263,MJD-51263.0 -> JD
2451541.5,278.0,13.38700008392334,Ks,69.325992,0.946454,0.055246438087636004,I/327/cmc15,MJD-51263,MJD-51263.0 -> JD
2451541.5,278.0,14.315999984741211,Ks,69.354188,0.961774,0.05969872141769616,I/327/cmc15,MJD-51263,MJD-51263.0 -> JD
2451538.5,275.0,13.977999687194824,Ks,69.297877,1.057577,0.059944478373301906,I/327/cmc15,MJD-51263,MJD-51263.0 -> JD
2451541.5,278.0,11.079999923706055,Ks,69.361028,0.968913,0.06152513694556712,I/327/cmc15,MJD-51263,MJD-51263.0 -> JD
2451541.5,278.0,12.137999534606934,Ks,69.25525,1.033121,0.06233717009330092,I/327/cmc15,MJD-51263,MJD-51263.0 -> JD
2451541.5,278.0,13.871000289916992,Ks,69.35961,0.951434,0.07048358660205352,I/327/cmc15,MJD-51263,MJD-51263.0 -> JD
2451536.5,273.0,12.748000144958496,Ks,69.30025,0.927056,0.0715889492624245,I/327/cmc15,MJD-51263,MJD-51263.0 -> JD
2452364.5,1101.0,10.470999717712402,Ks,69.315766,0.922899,0.07593841377920872,I/327/cmc15,MJD-51263,MJD-51263.0 -> JD
2451541.5,278.0,13.586999893188477,Ks,69.369117,1.045215,0.07783277837641894,I/327/cmc15,MJD-51263,MJD-51263.0 -> JD
2451540.5,277.0,14.015999794006348,Ks,69.331622,1.074215,0.07978594815139316,I/327/cmc15,MJD-51263,MJD-51263.0 -> JD
2451540.5,277.0,10.420999526977539,Ks,69.325278,1.079566,0.08327231083546613,I/327/cmc15,MJD-51263,MJD-51263.0 -> JD
2451540.5,277.0,14.215999603271484,Ks,69.269071,1.072733,0.08350392254048719,I/327/cmc15,MJD-51263,MJD-51263.0 -> JD
2451541.5,278.0,11.670999526977539,Ks,69.391648,1.012212,0.08578402642948726,I/327/cmc15,MJD-51263,MJD-51263.0 -> JD
2451541.5,278.0,14.104000091552734,Ks,69.237181,1.048989,0.08623907248424,I/327/cmc15,MJD-51263,MJD-51263.0 -> JD
2451541.5,278.0,12.864999771118164,Ks,69.391753,0.979914,0.08673553327170294,I/327/cmc15,MJD-51263,MJD-51263.0 -> JD
2451541.5,278.0,12.32699966430664,Ks,69.222876,0.960431,0.09223837143978067,I/327/cmc15,MJD-51263,MJD-51263.0 -> JD
2451541.5,278.0,13.967000007629395,Ks,69.399072,1.008899,0.09268074260727643,I/327/cmc15,MJD-51263,MJD-51263.0 -> JD
2451541.5,278.0,13.444000244140625,Ks,69.215157,0.982305,0.09319891957342212,I/327/cmc15,MJD-51263,MJD-51263.0 -> JD
2451539.5,276.0,12.491000175476074,Ks,69.369595,0.925209,0.09625822338749267,I/327/cmc15,MJD-51263,MJD-51263.0 -> JD
2451541.5,278.0,10.430000305175781,Ks,69.39671,1.03464,0.09678408278445574,I/327/cmc15,MJD-51263,MJD-51263.0 -> JD
2451541.5,278.0,13.98900032043457,Ks,69.388128,0.945299,0.09692696547332345,I/327/cmc15,MJD-51263,MJD-51263.0 -> JD
2452772.5,1509.0,13.92199993133545,Ks,69.31697,0.901868,0.09697539912859583,I/327/cmc15,MJD-51263,MJD-51263.0 -> JD
2451541.5,278.0,12.51099967956543,Ks,69.401118,0.969302,0.09849606719142655,I/327/cmc15,MJD-51263,MJD-51263.0 -> JD
2451540.5,277.0,13.416999816894531,Ks,69.331917,1.096366,0.10115846002878237,I/327/cmc15,MJD-51263,MJD-51263.0 -> JD
2451541.5,278.0,8.598999977111816,Ks,69.206616,0.966779,0.1051936072825765,I/327/cmc15,MJD-51263,MJD-51263.0 -> JD
2451540.5,277.0,14.088000297546387,Ks,69.286076,1.10167,0.10543491522919367,I/327/cmc15,MJD-51263,MJD-51263.0 -> JD
2451540.5,277.0,9.638999938964844,Ks,69.268293,1.101104,0.10981475143194339,I/327/cmc15,MJD-51263,MJD-51263.0 -> JD
2451541.5,278.0,14.394000053405762,Ks,69.20727,0.946244,0.11248261511401916,I/327/cmc15,MJD-51263,MJD-51263.0 -> JD
2452772.5,1509.0,11.279000282287598,Ks,69.276547,0.889232,0.11326046168495678,I/327/cmc15,MJD-51263,MJD-51263.0 -> JD
2451541.5,278.0,14.114999771118164,Ks,69.410408,1.046981,0.11428327280616443,I/327/cmc15,MJD-51263,MJD-51263.0 -> JD
2451541.5,278.0,13.175000190734863,Ks,69.423092,1.003902,0.1162260421425303,I/327/cmc15,MJD-51263,MJD-51263.0 -> JD
2451539.5,276.0,11.630000114440918,Ks,69.210157,0.932535,0.11705173231809013,I/327/cmc15,MJD-51263,MJD-51263.0 -> JD
2451540.5,277.0,13.555999755859375,Ks,69.407372,1.058823,0.11719460567478164,I/327/cmc15,MJD-51263,MJD-51263.0 -> JD
2452779.5,1516.0,14.5649995803833,Ks,69.399581,0.92041,0.12100974546751447,I/327/cmc15,MJD-51263,MJD-51263.0 -> JD
2452364.5,1101.0,12.081999778747559,Ks,69.35082,0.883696,0.12272613775504185,I/327/cmc15,MJD-51263,MJD-51263.0 -> JD
2451541.5,278.0,12.348999977111816,Ks,69.190135,1.035926,0.12272953147937705,I/327/cmc15,MJD-51263,MJD-51263.0 -> JD
2451540.5,277.0,13.906000137329102,Ks,69.376042,1.104412,0.1265762009397779,I/327/cmc15,MJD-51263,MJD-51263.0 -> JD
2451539.5,276.0,10.414999961853027,Ks,69.194972,0.933084,0.1296125965197275,I/327/cmc15,MJD-51263,MJD-51263.0 -> JD
2452772.5,1509.0,12.208000183105469,Ks,69.257925,0.878118,0.12983196667733207,I/327/cmc15,MJD-51263,MJD-51263.0 -> JD
2451540.5,277.0,13.206000328063965,Ks,69.353127,1.12247,0.13243834828600753,I/327/cmc15,MJD-51263,MJD-51263.0 -> JD
2452772.5,1509.0,12.534000396728516,Ks,69.396594,0.896467,0.13566038933203162,I/327/cmc15,MJD-51263,MJD-51263.0 -> JD
2451541.5,278.0,14.204999923706055,Ks,69.176011,1.043313,0.13846161757747902,I/327/cmc15,MJD-51263,MJD-51263.0 -> JD
2452772.5,1509.0,13.46500015258789,Ks,69.411917,0.907717,0.13863126916537746,I/327/cmc15,MJD-51263,MJD-51263.0 -> JD
2451540.5,277.0,14.279999732971191,Ks,69.192778,1.079495,0.1400941536040236,I/327/cmc15,MJD-51263,MJD-51263.0 -> JD
2452772.5,1509.0,14.119999885559082,Ks,69.266602,0.863804,0.14045200944160233,I/327/cmc15,MJD-51263,MJD-51263.0 -> JD
2451541.5,278.0,14.185999870300293,Ks,69.443609,0.96506,0.1405994658266549,I/327/cmc15,MJD-51263,MJD-51263.0 -> JD
2451540.5,277.0,13.87600040435791,Ks,69.186479,1.071838,0.14113814364639057,I/327/cmc15,MJD-51263,MJD-51263.0 -> JD
2451539.5,276.0,12.763999938964844,Ks,69.435528,0.939527,0.1413396191404488,I/327/cmc15,MJD-51263,MJD-51263.0 -> JD
2451541.5,278.0,12.664999961853027,Ks,69.174016,1.046382,0.1413631050483444,I/327/cmc15,MJD-51263,MJD-51263.0 -> JD
2452364.5,1101.0,12.267999649047852,Ks,69.421058,0.913305,0.1422624088507124,I/327/cmc15,MJD-51263,MJD-51263.0 -> JD
2451540.5,277.0,14.277999877929688,Ks,69.254366,1.130866,0.14259683113187632,I/327/cmc15,MJD-51263,MJD-51263.0 -> JD
2451541.5,278.0,13.456999778747559,Ks,69.170227,1.039128,0.1426908111089608,I/327/cmc15,MJD-51263,MJD-51263.0 -> JD
2451541.5,278.0,13.451000213623047,Ks,69.449702,1.00463,0.14283731724601004,I/327/cmc15,MJD-51263,MJD-51263.0 -> JD
2451541.5,278.0,12.505000114440918,Ks,69.167385,1.032223,0.14363175791814178,I/327/cmc15,MJD-51263,MJD-51263.0 -> JD
2452772.5,1509.0,14.517999649047852,Ks,69.254664,0.864384,0.14379635195551993,I/327/cmc15,MJD-51263,MJD-51263.0 -> JD
2452772.5,1509.0,13.635000228881836,Ks,69.224096,0.879935,0.14451676416003517,I/327/cmc15,MJD-51263,MJD-51263.0 -> JD
2452772.5,1509.0,11.842000007629395,Ks,69.294208,0.850201,0.14867644015325435,I/327/cmc15,MJD-51263,MJD-51263.0 -> JD
2452772.5,1509.0,12.54800033569336,Ks,69.424329,0.906498,0.1489940587852723,I/327/cmc15,MJD-51263,MJD-51263.0 -> JD
2451540.5,277.0,13.100000381469727,Ks,69.431083,1.082099,0.14971171268066955,I/327/cmc15,MJD-51263,MJD-51263.0 -> JD
2452772.5,1509.0,13.100000381469727,Ks,69.3907,0.872627,0.15102161933340003,I/327/cmc15,MJD-51263,MJD-51263.0 -> JD
2451541.5,278.0,11.24899959564209,Ks,69.165025,0.941339,0.15295010203234127,I/327/cmc15,MJD-51263,MJD-51263.0 -> JD
2451541.5,278.0,14.434000015258789,Ks,69.317003,1.151394,0.15339375465117766,I/327/cmc15,MJD-51263,MJD-51263.0 -> JD
2452772.5,1509.0,13.571999549865723,Ks,69.228696,0.864562,0.15498504520585932,I/327/cmc15,MJD-51263,MJD-51263.0 -> JD
2451540.5,277.0,13.618000030517578,Ks,69.385414,1.132134,0.15509206739345086,I/327/cmc15,MJD-51263,MJD-51263.0 -> JD
2452772.5,1509.0,12.095999717712402,Ks,69.38012,0.861137,0.15546407103782148,I/327/cmc15,MJD-51263,MJD-51263.0 -> JD
2451541.5,278.0,9.29699993133545,Ks,69.463783,0.99637,0.15678948881243202,I/327/cmc15,MJD-51263,MJD-51263.0 -> JD
2452772.5,1509.0,13.906000137329102,Ks,69.420654,0.885344,0.160259708206123,I/327/cmc15,MJD-51263,MJD-51263.0 -> JD
2451540.5,277.0,13.411999702453613,Ks,69.160039,1.062971,0.16051166034415718,I/327/cmc15,MJD-51263,MJD-51263.0 -> JD
2451540.5,277.0,14.027000427246094,Ks,69.16428,1.075271,0.16210317428388196,I/327/cmc15,MJD-51263,MJD-51263.0 -> JD
2452772.5,1509.0,11.206999778747559,Ks,69.182909,0.8939,0.16215754818151673,I/327/cmc15,MJD-51263,MJD-51263.0 -> JD
2451538.5,275.0,12.440999984741211,Ks,69.435503,1.097896,0.16256059217541594,I/327/cmc15,MJD-51263,MJD-51263.0 -> JD
2452772.5,1509.0,10.722000122070312,Ks,69.436919,0.900353,0.16272078450419486,I/327/cmc15,MJD-51263,MJD-51263.0 -> JD
2451540.5,277.0,14.083000183105469,Ks,69.450584,1.075974,0.16322901536041798,I/327/cmc15,MJD-51263,MJD-51263.0 -> JD
2451541.5,278.0,10.819999694824219,Ks,69.472037,1.014922,0.16586174476291457,I/327/cmc15,MJD-51263,MJD-51263.0 -> JD
2451541.5,278.0,14.029999732971191,Ks,69.147367,1.044881,0.16624091288273252,I/327/cmc15,MJD-51263,MJD-51263.0 -> JD
2451540.5,277.0,13.154000282287598,Ks,69.268494,1.160151,0.1663356333468551,I/327/cmc15,MJD-51263,MJD-51263.0 -> JD
2451572.5656,2451572.5656,5.51800012588501,J,69.306966,0.998292,3.921274006324825e-05,II/246/out,JD,JD
2451572.5656,2451572.5656,14.465999603271484,J,69.301836,0.99992,0.005385919372918359,II/246/out,JD,JD
2451572.5656,2451572.5656,15.0649995803833,J,69.319591,0.987833,0.016403678374825287,II/246/out,JD,JD
2451572.5656,2451572.5656,14.355999946594238,J,69.29444,0.987196,0.016768161344147024,II/246/out,JD,JD
2451572.5656,2451572.5656,15.574000358581543,J,69.313102,0.977741,0.021476970306482882,II/246/out,JD,JD
2451572.5638,2451572.5638,15.468000411987305,J,69.28452,0.998143,0.022459331375606104,II/246/out,JD,JD
2451572.5656,2451572.5656,15.831999778747559,J,69.285627,1.007228,0.023132420475560148,II/246/out,JD,JD
2451572.5656,2451572.5656,16.239999771118164,J,69.321653,1.01945,0.02571612347159182,II/246/out,JD,JD
2451572.5656,2451572.5656,15.465999603271484,J,69.281441,1.005489,0.026522157665648215,II/246/out,JD,JD
2451572.5656,2451572.5656,15.07800006866455,J,69.303102,1.025606,0.027552662275778444,II/246/out,JD,JD
2451572.5656,2451572.5656,12.732000350952148,J,69.335568,1.007744,0.030092769268726775,II/246/out,JD,JD
2451572.5656,2451572.5656,15.538000106811523,J,69.33813,0.987124,0.03309733038852056,II/246/out,JD,JD
2451572.5638,2451572.5638,16.275999069213867,J,69.273832,1.00303,0.03347680679271146,II/246/out,JD,JD
2451572.5656,2451572.5656,15.21399974822998,J,69.330732,1.022162,0.033644564356933304,II/246/out,JD,JD
2451572.5656,2451572.5656,15.772000312805176,J,69.292654,0.967338,0.034140868897575005,II/246/out,JD,JD
2451572.5638,2451572.5638,15.958000183105469,J,69.276474,0.982044,0.03457775805615534,II/246/out,JD,JD
2451572.5656,2451572.5656,14.666999816894531,J,69.33385,0.975941,0.03496920780033792,II/246/out,JD,JD
2451572.5656,2451572.5656,13.951000213623047,J,69.292119,1.030179,0.035147364851308205,II/246/out,JD,JD
2451572.5656,2451572.5656,14.54699993133545,J,69.311965,0.963382,0.035299190470388535,II/246/out,JD,JD
2451572.5638,2451572.5638,15.232000350952148,J,69.271723,0.986511,0.0371814432587388,II/246/out,JD,JD
2451572.5638,2451572.5638,14.161999702453613,J,69.27601,1.019294,0.03739715641510534,II/246/out,JD,JD
2451572.5657,2451572.5657,14.78499984741211,J,69.322566,1.033214,0.038207742681377846,II/246/out,JD,JD
2451572.5638,2451572.5638,14.487000465393066,J,69.271532,0.982111,0.03897833598498839,II/246/out,JD,JD
2451572.5638,2451572.5638,13.71399974822998,J,69.278216,0.971385,0.0394100512065772,II/246/out,JD,JD
2451572.5657,2451572.5657,14.604000091552734,J,69.331115,1.03074,0.040407550211154164,II/246/out,JD,JD
2451572.5639,2451572.5639,15.604000091552734,J,69.277997,0.966988,0.04268566083701487,II/246/out,JD,JD
2451572.5656,2451572.5656,15.857000350952148,J,69.281519,0.963058,0.04349865395610664,II/246/out,JD,JD
2451572.5657,2451572.5657,12.72599983215332,J,69.32731,1.037301,0.04395460763470217,II/246/out,JD,JD
2451572.5638,2451572.5638,13.220999717712402,J,69.269445,0.973838,0.04481471110293287,II/246/out,JD,JD
2451572.5638,2451572.5638,15.36400032043457,J,69.27603,1.035371,0.04826925772413821,II/246/out,JD,JD
2451572.5638,2451572.5638,15.793999671936035,J,69.257888,1.000912,0.049154484511012696,II/246/out,JD,JD
2451572.5656,2451572.5656,14.255000114440918,J,69.325842,0.946517,0.05513581335317276,II/246/out,JD,JD
2451572.5639,2451572.5639,15.553999900817871,J,69.262689,0.963867,0.056114528070120726,II/246/out,JD,JD
2451572.5638,2451572.5638,16.22100067138672,J,69.267967,1.038902,0.05628456665128359,II/246/out,JD,JD
2451572.5657,2451572.5657,15.75100040435791,J,69.341951,1.042542,0.05636789034514498,II/246/out,JD,JD
2451572.5656,2451572.5656,16.179000854492188,J,69.361182,1.018672,0.05788452438921672,II/246/out,JD,JD
2451572.5656,2451572.5656,15.359000205993652,J,69.360991,0.975861,0.05848817031491899,II/246/out,JD,JD
2451572.5638,2451572.5638,15.293000221252441,J,69.27803,1.049829,0.05907894641618448,II/246/out,JD,JD
2451572.5656,2451572.5656,15.692000389099121,J,69.364539,1.012461,0.059258228475616834,II/246/out,JD,JD
2451572.5656,2451572.5656,14.654999732971191,J,69.354141,0.961768,0.059665250903609,II/246/out,JD,JD
2451572.5657,2451572.5657,14.92300033569336,J,69.297802,1.057708,0.06008537145794169,II/246/out,JD,JD
2451572.5657,2451572.5657,15.687000274658203,J,69.330495,1.053921,0.06035965153797028,II/246/out,JD,JD
2451572.5656,2451572.5656,11.475000381469727,J,69.361025,0.96893,0.061514376167490316,II/246/out,JD,JD
2451572.5638,2451572.5638,15.388999938964844,J,69.245644,0.993476,0.06152033208954888,II/246/out,JD,JD
2451572.5638,2451572.5638,12.666000366210938,J,69.255234,1.033131,0.06235602528816981,II/246/out,JD,JD
2451572.5639,2451572.5639,14.741999626159668,J,69.252559,0.967582,0.06250035087745652,II/246/out,JD,JD
2451572.5656,2451572.5656,16.21500015258789,J,69.327543,0.938618,0.0631497912920473,II/246/out,JD,JD
2451572.5656,2451572.5656,14.472000122070312,J,69.359663,0.951416,0.07053512783912443,II/246/out,JD,JD
2451572.5656,2451572.5656,13.505999565124512,J,69.300236,0.927044,0.07160221338930231,II/246/out,JD,JD
2451572.5638,2451572.5638,16.336000442504883,J,69.246299,1.03677,0.07182662856622148,II/246/out,JD,JD
2451572.5639,2451572.5639,15.496999740600586,J,69.260391,0.941762,0.0732788369448156,II/246/out,JD,JD
2451572.5657,2451572.5657,16.2810001373291,J,69.370026,1.036076,0.07347259057255695,II/246/out,JD,JD
2451572.5656,2451572.5656,15.027999877929688,J,69.320169,0.925167,0.07433944175353245,II/246/out,JD,JD
2451572.5656,2451572.5656,10.850000381469727,J,69.3157,0.922919,0.07591094206148251,II/246/out,JD,JD
2451572.5638,2451572.5638,16.235000610351562,J,69.249194,1.048728,0.07667179400934292,II/246/out,JD,JD
2451572.5657,2451572.5657,14.192999839782715,J,69.369133,1.045212,0.07784374106801228,II/246/out,JD,JD
2451572.5656,2451572.5656,16.405000686645508,J,69.361948,0.942061,0.07865335858616765,II/246/out,JD,JD
2451572.5638,2451572.5638,15.871000289916992,J,69.258807,1.061534,0.07946761025185471,II/246/out,JD,JD
2451572.5657,2451572.5657,14.6899995803833,J,69.331681,1.074268,0.0798545829244039,II/246/out,JD,JD
2451572.5656,2451572.5656,16.14299964904785,J,69.38059,1.029455,0.07990835986431896,II/246/out,JD,JD
2451572.5639,2451572.5639,15.32699966430664,J,69.26415,0.930381,0.0803170443920193,II/246/out,JD,JD
2451572.5656,2451572.5656,16.486000061035156,J,69.386503,1.015975,0.08144361338676874,II/246/out,JD,JD
2451572.5657,2451572.5657,10.944000244140625,J,69.325282,1.079598,0.08330440776220976,II/246/out,JD,JD
2451572.5656,2451572.5656,15.180000305175781,J,69.387567,1.019737,0.08336836889126314,II/246/out,JD,JD
2451572.5656,2451572.5656,14.807000160217285,J,69.375954,0.951241,0.08350407256477874,II/246/out,JD,JD
2451572.5638,2451572.5638,14.951000213623047,J,69.269006,1.072758,0.08355571191294453,II/246/out,JD,JD
2451572.5657,2451572.5657,16.104000091552734,J,69.380133,1.041225,0.08479118719623698,II/246/out,JD,JD
2451572.5657,2451572.5657,16.250999450683594,J,69.367373,1.058651,0.08535096467944621,II/246/out,JD,JD
2451572.5656,2451572.5656,12.031000137329102,J,69.391644,1.012226,0.08578234672299791,II/246/out,JD,JD
2451572.5657,2451572.5657,14.652999877929688,J,69.337676,1.078802,0.08612728051968054,II/246/out,JD,JD
2451572.5638,2451572.5638,14.451000213623047,J,69.23715,1.049045,0.08629705653326016,II/246/out,JD,JD
2451572.5638,2451572.5638,15.890999794006348,J,69.222913,0.978546,0.08635282353161103,II/246/out,JD,JD
2451572.5656,2451572.5656,13.130999565124512,J,69.391789,0.979923,0.08676879816551873,II/246/out,JD,JD
2451572.5656,2451572.5656,16.243000030517578,J,69.39548,0.989841,0.08889076509513746,II/246/out,JD,JD
2451572.5638,2451572.5638,15.567000389099121,J,69.217428,1.009093,0.09018505257850828,II/246/out,JD,JD
2451572.5656,2451572.5656,16.18199920654297,J,69.297032,0.908397,0.09047941899161878,II/246/out,JD,JD
2451572.5639,2451572.5639,15.545999526977539,J,69.22755,0.954068,0.09092050665560705,II/246/out,JD,JD
2451572.5639,2451572.5639,12.79699993133545,J,69.222841,0.96041,0.0922789046311563,II/246/out,JD,JD
2451572.5656,2451572.5656,14.67300033569336,J,69.399092,1.008908,0.09270163569130345,II/246/out,JD,JD
2451572.5638,2451572.5638,15.994999885559082,J,69.21457,0.988754,0.0928927564166628,II/246/out,JD,JD
2451572.5638,2451572.5638,14.303000450134277,J,69.215253,0.982365,0.09309405676138102,II/246/out,JD,JD
2451572.5638,2451572.5638,15.6899995803833,J,69.212877,1.00911,0.09470631138787156,II/246/out,JD,JD
2451572.5657,2451572.5657,15.392999649047852,J,69.363751,1.074183,0.0947400493683348,II/246/out,JD,JD
2451572.5656,2451572.5656,13.36299991607666,J,69.369568,0.925195,0.09625130485887749,II/246/out,JD,JD
2451572.5657,2451572.5657,10.746999740600586,J,69.396706,1.03466,0.09678788114041945,II/246/out,JD,JD
2451572.5656,2451572.5656,16.18600082397461,J,69.391968,0.951968,0.09679753739745989,II/246/out,JD,JD
2451572.5656,2451572.5656,14.470000267028809,J,69.388118,0.945312,0.09691148372223793,II/246/out,JD,JD
2451572.5656,2451572.5656,14.354000091552734,J,69.316922,0.901866,0.09697245792880484,II/246/out,JD,JD
2451572.5657,2451572.5657,16.466999053955078,J,69.382064,1.060883,0.09771714666603602,II/246/out,JD,JD
2451572.5656,2451572.5656,13.37600040435791,J,69.401122,0.969316,0.09849576422683616,II/246/out,JD,JD
2451572.5639,2451572.5639,15.579999923706055,J,69.214384,0.964176,0.09868240536620827,II/246/out,JD,JD
2451572.5638,2451572.5638,15.163000106811523,J,69.208869,0.987551,0.0986884274107969,II/246/out,JD,JD
2451572.5656,2451572.5656,15.687000274658203,J,69.299351,0.897489,0.10112705625037607,II/246/out,JD,JD
2451572.5657,2451572.5657,13.6899995803833,J,69.33192,1.096393,0.1011853664830487,II/246/out,JD,JD
2451572.5638,2451572.5638,15.526000022888184,J,69.205509,1.014042,0.1026670648525796,II/246/out,JD,JD
2451572.5656,2451572.5656,16.559999465942383,J,69.376472,0.921091,0.10388951959275267,II/246/out,JD,JD
2451572.5639,2451572.5639,9.213000297546387,J,69.206613,0.96677,0.10519916837823132,II/246/out,JD,JD
2451572.5657,2451572.5657,14.605999946594238,J,69.286052,1.101692,0.10546123748664878,II/246/out,JD,JD
2451574.553,2451574.553,16.29599952697754,J,69.407749,1.03143,0.10604980688874838,II/246/out,JD,JD
2451572.5657,2451572.5657,15.029000282287598,J,69.386289,1.069234,0.10637313132495918,II/246/out,JD,JD
2451572.5638,2451572.5638,15.24899959564209,J,69.24678,1.08614,0.10646153901384191,II/246/out,JD,JD
2451572.5638,2451572.5638,15.956000328063965,J,69.209918,1.042109,0.10646699730962482,II/246/out,JD,JD
2451572.5656,2451572.5656,14.944999694824219,J,69.359147,0.905436,0.10653321585631616,II/246/out,JD,JD
2451572.5656,2451572.5656,15.633000373840332,J,69.383581,0.923889,0.10680306471453326,II/246/out,JD,JD
2451572.5638,2451572.5638,15.89799976348877,J,69.198278,1.013617,0.10975733346375331,II/246/out,JD,JD
2451572.5638,2451572.5638,10.270000457763672,J,69.268281,1.101133,0.10984611893714105,II/246/out,JD,JD
2451574.5531,2451574.5531,15.869999885559082,J,69.407399,0.948932,0.11189553983484586,II/246/out,JD,JD
2451572.5638,2451572.5638,15.97599983215332,J,69.214171,1.060912,0.11192799742424246,II/246/out,JD,JD
2451572.5637,2451572.5637,15.46399974822998,J,69.279105,1.107141,0.112326193632739,II/246/out,JD,JD
2451572.5639,2451572.5639,14.777000427246094,J,69.207189,0.946231,0.11256042082593894,II/246/out,JD,JD
2451572.5638,2451572.5638,15.468000411987305,J,69.199802,1.033123,0.11267050703330135,II/246/out,JD,JD
2451572.5655,2451572.5655,16.183000564575195,J,69.339652,0.890486,0.11268050372324201,II/246/out,JD,JD
2451572.5639,2451572.5639,12.076000213623047,J,69.276461,0.88925,0.113266260819105,II/246/out,JD,JD
2451572.5638,2451572.5638,15.74899959564209,J,69.212451,1.061992,0.11395764955838646,II/246/out,JD,JD
2451574.553,2451574.553,14.420999526977539,J,69.410393,1.046991,0.11427396031641021,II/246/out,JD,JD
2451572.5639,2451572.5639,15.451000213623047,J,69.213087,0.932009,0.11494324390774291,II/246/out,JD,JD
2451574.5531,2451574.5531,15.67199993133545,J,69.421501,1.013629,0.1155192185151047,II/246/out,JD,JD
2451574.5531,2451574.5531,14.104000091552734,J,69.4231,1.00393,0.11623537737164925,II/246/out,JD,JD
2451572.5639,2451572.5639,12.218000411987305,J,69.21012,0.932529,0.1170857035977298,II/246/out,JD,JD
2451574.553,2451574.553,14.432000160217285,J,69.407302,1.058868,0.11715791426105161,II/246/out,JD,JD
2451572.5638,2451572.5638,16.55500030517578,J,69.189738,0.996236,0.11724488196933318,II/246/out,JD,JD
2451572.5657,2451572.5657,16.006000518798828,J,69.340433,1.111613,0.11811911499959013,II/246/out,JD,JD
2451574.5531,2451574.5531,16.239999771118164,J,69.409662,0.937816,0.11917153658685135,II/246/out,JD,JD
2451574.553,2451574.553,15.51099967956543,J,69.413407,1.052764,0.1195238657602263,II/246/out,JD,JD
2451572.5656,2451572.5656,15.291000366210938,J,69.399642,0.920422,0.12104869357661494,II/246/out,JD,JD
2451572.5657,2451572.5657,16.19300079345703,J,69.355505,1.110563,0.12227192335041193,II/246/out,JD,JD
2451572.5655,2451572.5655,12.4350004196167,J,69.350787,0.883715,0.12269660871831183,II/246/out,JD,JD
2451572.5638,2451572.5638,12.612000465393066,J,69.190131,1.035936,0.12273640216185515,II/246/out,JD,JD
2451572.5638,2451572.5638,14.130000114440918,J,69.204808,1.067247,0.12323142470747175,II/246/out,JD,JD
2451574.553,2451574.553,16.21500015258789,J,69.422632,1.043913,0.12429275225634367,II/246/out,JD,JD
2451572.5657,2451572.5657,14.503000259399414,J,69.376007,1.104446,0.12658561578896946,II/246/out,JD,JD
2451572.5655,2451572.5655,14.741999626159668,J,69.355819,0.88093,0.12714817373232898,II/246/out,JD,JD
2451572.5639,2451572.5639,16.052000045776367,J,69.2039,0.923264,0.12750482703684668,II/246/out,JD,JD
2451572.5638,2451572.5638,16.32699966430664,J,69.186647,1.044302,0.1288003579434827,II/246/out,JD,JD
2451574.5531,2451574.5531,15.8149995803833,J,69.431541,0.964503,0.1290523736216898,II/246/out,JD,JD
2451572.5656,2451572.5656,15.355999946594238,J,69.398924,0.907438,0.12927471891798806,II/246/out,JD,JD
2451572.5639,2451572.5639,10.609000205993652,J,69.194951,0.933072,0.12963678003959153,II/246/out,JD,JD
2451572.5639,2451572.5639,12.460000038146973,J,69.257892,0.878109,0.12985276822248495,II/246/out,JD,JD
2451572.5638,2451572.5638,16.06999969482422,J,69.20386,1.079195,0.13103491312599902,II/246/out,JD,JD
2451572.5657,2451572.5657,14.064000129699707,J,69.353134,1.122512,0.1324801556195657,II/246/out,JD,JD
2451572.5639,2451572.5639,15.763999938964844,J,69.181735,0.952996,0.13318119202469014,II/246/out,JD,JD
2451572.5657,2451572.5657,15.918000221252441,J,69.356512,1.122885,0.13404057210426865,II/246/out,JD,JD
2451572.5657,2451572.5657,16.711999893188477,J,69.376595,1.11358,0.1346380051113401,II/246/out,JD,JD
2451572.5657,2451572.5657,15.38599967956543,J,69.298174,1.132813,0.13477321683226118,II/246/out,JD,JD
2451574.5531,2451574.5531,15.730999946594238,J,69.440483,1.01711,0.1347953271504887,II/246/out,JD,JD
2451572.5657,2451572.5657,15.803999900817871,J,69.319531,1.132933,0.13518868494778238,II/246/out,JD,JD
2451572.5639,2451572.5639,15.996999740600586,J,69.198964,0.916775,0.13533471193161756,II/246/out,JD,JD
2451574.553,2451574.553,15.869999885559082,J,69.436672,1.037365,0.1354182239518054,II/246/out,JD,JD
2451572.5656,2451572.5656,12.993000030517578,J,69.396575,0.896477,0.135640333716674,II/246/out,JD,JD
2451572.5639,2451572.5639,15.968000411987305,J,69.247407,0.876343,0.1357516886363506,II/246/out,JD,JD
2451572.5639,2451572.5639,16.14299964904785,J,69.174562,0.961832,0.13733850283055127,II/246/out,JD,JD
2451572.5639,2451572.5639,15.677000045776367,J,69.190507,0.923555,0.138396446714451,II/246/out,JD,JD
2451572.5638,2451572.5638,14.692000389099121,J,69.176079,1.043348,0.13840869830457517,II/246/out,JD,JD
2451572.5638,2451572.5638,15.545000076293945,J,69.169098,1.010917,0.13843639375973027,II/246/out,JD,JD
2451574.5531,2451574.5531,14.083999633789062,J,69.411921,0.907731,0.138625145999664,II/246/out,JD,JD
2451574.5531,2451574.5531,15.218000411987305,J,69.441499,0.962457,0.13919858346241235,II/246/out,JD,JD
2451574.5531,2451574.5531,16.902000427246094,J,69.414068,0.908917,0.13949383466796586,II/246/out,JD,JD
2451572.5638,2451572.5638,14.973999977111816,J,69.192755,1.07948,0.14010420882343097,II/246/out,JD,JD
2451572.5639,2451572.5639,14.63700008392334,J,69.266543,0.86377,0.14050154021949404,II/246/out,JD,JD
2451574.5531,2451574.5531,14.545000076293945,J,69.443591,0.965088,0.14057535565362672,II/246/out,JD,JD
2451572.5657,2451572.5657,15.276000022888184,J,69.342361,1.134386,0.14058119369743133,II/246/out,JD,JD
2451572.5655,2451572.5655,15.383999824523926,J,69.382072,0.879119,0.1408819933254224,II/246/out,JD,JD
2451574.5531,2451574.5531,15.199999809265137,J,69.447971,1.005291,0.14113933994186484,II/246/out,JD,JD
2451572.5638,2451572.5638,14.470000267028809,J,69.186468,1.071871,0.1411647212360158,II/246/out,JD,JD
2451574.5531,2451574.5531,13.142999649047852,J,69.435472,0.939551,0.1412787176442118,II/246/out,JD,JD
2451572.5638,2451572.5638,13.45300006866455,J,69.174045,1.046398,0.14134127719731024,II/246/out,JD,JD
2451572.5637,2451572.5637,15.463000297546387,J,69.264597,1.133214,0.14138652138815527,II/246/out,JD,JD
2451572.5655,2451572.5655,14.835000038146973,J,69.393301,0.88584,0.14178315835590083,II/246/out,JD,JD
2451574.5531,2451574.5531,13.112000465393066,J,69.421041,0.913335,0.1422308517014372,II/246/out,JD,JD
2451572.5637,2451572.5637,14.559000015258789,J,69.254325,1.130906,0.1426491344762271,II/246/out,JD,JD
2451572.5638,2451572.5638,14.114999771118164,J,69.170211,1.039131,0.1427069984245039,II/246/out,JD,JD
2451574.5531,2451574.5531,14.293000221252441,J,69.449727,1.004647,0.14286303966236255,II/246/out,JD,JD
2451572.5655,2451572.5655,16.809999465942383,J,69.363277,0.8669,0.14297397508504206,II/246/out,JD,JD
2451572.5638,2451572.5638,12.843000411987305,J,69.1674,1.0322,0.14361175788473388,II/246/out,JD,JD
2451574.5531,2451574.5531,15.718000411987305,J,69.441217,0.946804,0.14376561130733703,II/246/out,JD,JD
2451572.5639,2451572.5639,14.899999618530273,J,69.254627,0.864378,0.14381540277901142,II/246/out,JD,JD
2451571.5659,2451571.5659,16.349000930786133,J,69.162495,0.99471,0.14451041976736997,II/246/out,JD,JD
2451572.5639,2451572.5639,14.034000396728516,J,69.224054,0.87994,0.1445367549225847,II/246/out,JD,JD
2451572.5655,2451572.5655,16.558000564575195,J,69.293046,0.854363,0.14463757185727733,II/246/out,JD,JD
2451572.5639,2451572.5639,15.340999603271484,J,69.175571,0.937818,0.14465597732709917,II/246/out,JD,JD
2451572.5637,2451572.5637,15.678000450134277,J,69.22148,1.115287,0.14487080906438277,II/246/out,JD,JD
2451572.5657,2451572.5657,14.925000190734863,J,69.32659,1.142964,0.1459587868799149,II/246/out,JD,JD
2451572.5655,2451572.5655,15.041999816894531,J,69.316271,0.851819,0.14680291128623718,II/246/out,JD,JD
2451572.5638,2451572.5638,16.41900062561035,J,69.169094,1.05049,0.14740390264503297,II/246/out,JD,JD
2451571.5659,2451571.5659,16.719999313354492,J,69.159519,1.006718,0.1476789386589726,II/246/out,JD,JD
2451574.5531,2451574.5531,15.61400032043457,J,69.444326,0.943463,0.14787869953059013,II/246/out,JD,JD
2451572.5639,2451572.5639,15.57800006866455,J,69.212597,0.883654,0.14851330416366224,II/246/out,JD,JD
2451572.5655,2451572.5655,12.119000434875488,J,69.294135,0.850202,0.14868173205324936,II/246/out,JD,JD
2451571.5659,2451571.5659,16.065000534057617,J,69.159351,1.016573,0.1487314873037159,II/246/out,JD,JD
2451574.5531,2451574.5531,12.89900016784668,J,69.424292,0.906524,0.14894890085961024,II/246/out,JD,JD
2451574.553,2451574.553,13.4399995803833,J,69.431083,1.082128,0.1497279410811676,II/246/out,JD,JD
2451572.5637,2451572.5637,14.9399995803833,J,69.22555,1.124981,0.15056533045324078,II/246/out,JD,JD
2451572.5655,2451572.5655,13.461000442504883,J,69.390666,0.872643,0.15098946041034778,II/246/out,JD,JD
2451572.5637,2451572.5637,16.378999710083008,J,69.279605,1.147513,0.15167549813588885,II/246/out,JD,JD
2451572.5637,2451572.5637,15.493000030517578,J,69.2697,1.145377,0.15170010933761865,II/246/out,JD,JD
2451572.5638,2451572.5638,15.609999656677246,J,69.184384,1.088552,0.1522027651022912,II/246/out,JD,JD
2451572.5639,2451572.5639,11.656999588012695,J,69.165002,0.941319,0.1529788954745948,II/246/out,JD,JD
2451572.5657,2451572.5657,15.164999961853027,J,69.316887,1.151455,0.15344709562016515,II/246/out,JD,JD
2451572.5639,2451572.5639,14.11400032043457,J,69.228657,0.864562,0.15500474330830666,II/246/out,JD,JD
2451572.5657,2451572.5657,14.03600025177002,J,69.385395,1.132167,0.1551109363464063,II/246/out,JD,JD
2451572.5657,2451572.5657,14.451000213623047,J,69.316222,1.153319,0.1552662770776124,II/246/out,JD,JD
2451572.5655,2451572.5655,12.480999946594238,J,69.380086,0.861141,0.15544455265276896,II/246/out,JD,JD
2451574.5531,2451574.5531,9.574999809265137,J,69.463781,0.996379,0.15678737693206382,II/246/out,JD,JD
2451571.5659,2451571.5659,16.450000762939453,J,69.153407,1.030739,0.1569342697604428,II/246/out,JD,JD
2451571.5659,2451571.5659,16.832000732421875,J,69.149246,0.997628,0.15771360570006931,II/246/out,JD,JD
2451571.5659,2451571.5659,16.48900032043457,J,69.156986,1.048767,0.15822681542514044,II/246/out,JD,JD
2451572.5655,2451572.5655,15.404999732971191,J,69.395353,0.866616,0.15860443359525278,II/246/out,JD,JD
2451571.5659,2451571.5659,15.555000305175781,J,69.157569,1.054187,0.159490828992617,II/246/out,JD,JD
2451571.5659,2451571.5659,15.309000015258789,J,69.156733,1.053626,0.16007937484625698,II/246/out,JD,JD
2451571.5659,2451571.5659,15.869999885559082,J,69.146871,0.994244,0.16013885555170493,II/246/out,JD,JD
2451574.5532,2451574.5532,14.315999984741211,J,69.420633,0.88536,0.16023353674503452,II/246/out,JD,JD
2451571.5659,2451571.5659,13.878000259399414,J,69.160005,1.06301,0.16055848334291767,II/246/out,JD,JD
2451572.5639,2451572.5639,15.692000389099121,J,69.239123,0.852229,0.1610853815139292,II/246/out,JD,JD
2451572.5638,2451572.5638,14.29800033569336,J,69.1643,1.075294,0.1620964930817473,II/246/out,JD,JD
2451572.5637,2451572.5637,15.758000373840332,J,69.208113,1.1268,0.16210124365508408,II/246/out,JD,JD
2451572.5639,2451572.5639,11.638999938964844,J,69.182856,0.893899,0.16219873688747452,II/246/out,JD,JD
2451572.5655,2451572.5655,15.173999786376953,J,69.395657,0.862491,0.16221227176998024,II/246/out,JD,JD
2451574.553,2451574.553,13.574000358581543,J,69.435446,1.097898,0.1625167719102073,II/246/out,JD,JD
2451574.5531,2451574.5531,11.404999732971191,J,69.436884,0.900426,0.16264889332140656,II/246/out,JD,JD
2451572.5639,2451572.5639,8.07800006866455,J,69.174834,0.903322,0.1627402216504927,II/246/out,JD,JD
2451571.5659,2451571.5659,16.357999801635742,J,69.151224,1.046247,0.1629388634764335,II/246/out,JD,JD
2451571.5658,2451571.5658,16.57699966430664,J,69.156398,0.935751,0.1630488608092431,II/246/out,JD,JD
2451574.5531,2451574.5531,16.493999481201172,J,69.445298,0.91168,0.16319879327230258,II/246/out,JD,JD
2451574.553,2451574.553,14.338000297546387,J,69.450599,1.075997,0.16325314830330243,II/246/out,JD,JD
2451572.5655,2451572.5655,16.222000122070312,J,69.362636,0.84482,0.1632826217465794,II/246/out,JD,JD
2451572.5657,2451572.5657,15.079000473022461,J,69.281586,1.160025,0.1636786725435003,II/246/out,JD,JD
2451572.5637,2451572.5637,16.538999557495117,J,69.222913,1.139215,0.16405587832702453,II/246/out,JD,JD
2451572.5639,2451572.5639,15.22599983215332,J,69.236011,0.849107,0.16523443417859845,II/246/out,JD,JD
2451571.5659,2451571.5659,15.793999671936035,J,69.142922,1.021116,0.16560984260349915,II/246/out,JD,JD
2451574.5531,2451574.5531,11.057999610900879,J,69.472034,1.014938,0.16586036143821153,II/246/out,JD,JD
2451572.5655,2451572.5655,15.22700023651123,J,69.286256,0.833659,0.16596768708268936,II/246/out,JD,JD
2451574.553,2451574.553,16.43199920654297,J,69.455072,1.073411,0.16601496552446035,II/246/out,JD,JD
2451571.5659,2451571.5659,14.467000007629395,J,69.147382,1.044877,0.16622539528151667,II/246/out,JD,JD
2451572.5637,2451572.5637,13.963000297546387,J,69.268472,1.160169,0.16635823461369623,II/246/out,JD,JD
2451572.5656,2451572.5656,5.572999954223633,H,69.306966,0.998292,3.921274006324825e-05,II/246/out,JD,JD
2451572.5656,2451572.5656,14.02299976348877,H,69.301836,0.99992,0.005385919372918359,II/246/out,JD,JD
2451572.5656,2451572.5656,14.609000205993652,H,69.319591,0.987833,0.016403678374825287,II/246/out,JD,JD
2451572.5656,2451572.5656,14.130000114440918,H,69.29444,0.987196,0.016768161344147024,II/246/out,JD,JD
2451572.5656,2451572.5656,15.074999809265137,H,69.313102,0.977741,0.021476970306482882,II/246/out,JD,JD
2451572.5638,2451572.5638,14.71399974822998,H,69.28452,0.998143,0.022459331375606104,II/246/out,JD,JD
2451572.5656,2451572.5656,15.201000213623047,H,69.285627,1.007228,0.023132420475560148,II/246/out,JD,JD
2451572.5656,2451572.5656,15.741999626159668,H,69.321653,1.01945,0.02571612347159182,II/246/out,JD,JD
2451572.5656,2451572.5656,15.140999794006348,H,69.281441,1.005489,0.026522157665648215,II/246/out,JD,JD
2451572.5656,2451572.5656,14.218000411987305,H,69.303102,1.025606,0.027552662275778444,II/246/out,JD,JD
2451572.5656,2451572.5656,12.380999565124512,H,69.335568,1.007744,0.030092769268726775,II/246/out,JD,JD
2451572.5656,2451572.5656,15.029000282287598,H,69.33813,0.987124,0.03309733038852056,II/246/out,JD,JD
2451572.5638,2451572.5638,15.758000373840332,H,69.273832,1.00303,0.03347680679271146,II/246/out,JD,JD
2451572.5656,2451572.5656,14.663000106811523,H,69.330732,1.022162,0.033644564356933304,II/246/out,JD,JD
2451572.5656,2451572.5656,15.166999816894531,H,69.292654,0.967338,0.034140868897575005,II/246/out,JD,JD
2451572.5638,2451572.5638,15.414999961853027,H,69.276474,0.982044,0.03457775805615534,II/246/out,JD,JD
2451572.5656,2451572.5656,14.020000457763672,H,69.33385,0.975941,0.03496920780033792,II/246/out,JD,JD
2451572.5656,2451572.5656,13.638999938964844,H,69.292119,1.030179,0.035147364851308205,II/246/out,JD,JD
2451572.5656,2451572.5656,13.939000129699707,H,69.311965,0.963382,0.035299190470388535,II/246/out,JD,JD
2451572.5638,2451572.5638,14.826000213623047,H,69.271723,0.986511,0.0371814432587388,II/246/out,JD,JD
2451572.5638,2451572.5638,13.5600004196167,H,69.27601,1.019294,0.03739715641510534,II/246/out,JD,JD
2451572.5657,2451572.5657,14.428000450134277,H,69.322566,1.033214,0.038207742681377846,II/246/out,JD,JD
2451572.5638,2451572.5638,13.862000465393066,H,69.271532,0.982111,0.03897833598498839,II/246/out,JD,JD
2451572.5638,2451572.5638,13.177000045776367,H,69.278216,0.971385,0.0394100512065772,II/246/out,JD,JD
2451572.5657,2451572.5657,14.26200008392334,H,69.331115,1.03074,0.040407550211154164,II/246/out,JD,JD
2451572.5639,2451572.5639,15.199999809265137,H,69.277997,0.966988,0.04268566083701487,II/246/out,JD,JD
2451572.5656,2451572.5656,15.187000274658203,H,69.281519,0.963058,0.04349865395610664,II/246/out,JD,JD
2451572.5657,2451572.5657,12.36400032043457,H,69.32731,1.037301,0.04395460763470217,II/246/out,JD,JD
2451572.5638,2451572.5638,13.189000129699707,H,69.269445,0.973838,0.04481471110293287,II/246/out,JD,JD
2451572.5638,2451572.5638,14.793000221252441,H,69.27603,1.035371,0.04826925772413821,II/246/out,JD,JD
2451572.5638,2451572.5638,15.232999801635742,H,69.257888,1.000912,0.049154484511012696,II/246/out,JD,JD
2451572.5656,2451572.5656,13.536999702453613,H,69.325842,0.946517,0.05513581335317276,II/246/out,JD,JD
2451572.5639,2451572.5639,14.918999671936035,H,69.262689,0.963867,0.056114528070120726,II/246/out,JD,JD
2451572.5638,2451572.5638,15.444999694824219,H,69.267967,1.038902,0.05628456665128359,II/246/out,JD,JD
2451572.5657,2451572.5657,15.36400032043457,H,69.341951,1.042542,0.05636789034514498,II/246/out,JD,JD
2451572.5656,2451572.5656,15.784000396728516,H,69.361182,1.018672,0.05788452438921672,II/246/out,JD,JD
2451572.5656,2451572.5656,14.666000366210938,H,69.360991,0.975861,0.05848817031491899,II/246/out,JD,JD
2451572.5638,2451572.5638,15.241000175476074,H,69.27803,1.049829,0.05907894641618448,II/246/out,JD,JD
2451572.5656,2451572.5656,15.11400032043457,H,69.364539,1.012461,0.059258228475616834,II/246/out,JD,JD
2451572.5656,2451572.5656,14.310999870300293,H,69.354141,0.961768,0.059665250903609,II/246/out,JD,JD
2451572.5657,2451572.5657,14.197999954223633,H,69.297802,1.057708,0.06008537145794169,II/246/out,JD,JD
2451572.5657,2451572.5657,15.279999732971191,H,69.330495,1.053921,0.06035965153797028,II/246/out,JD,JD
2451572.5656,2451572.5656,11.178999900817871,H,69.361025,0.96893,0.061514376167490316,II/246/out,JD,JD
2451572.5638,2451572.5638,14.571999549865723,H,69.245644,0.993476,0.06152033208954888,II/246/out,JD,JD
2451572.5638,2451572.5638,12.199000358581543,H,69.255234,1.033131,0.06235602528816981,II/246/out,JD,JD
2451572.5639,2451572.5639,14.541999816894531,H,69.252559,0.967582,0.06250035087745652,II/246/out,JD,JD
2451572.5656,2451572.5656,15.998000144958496,H,69.327543,0.938618,0.0631497912920473,II/246/out,JD,JD
2451572.5656,2451572.5656,13.848999977111816,H,69.359663,0.951416,0.07053512783912443,II/246/out,JD,JD
2451572.5656,2451572.5656,12.927000045776367,H,69.300236,0.927044,0.07160221338930231,II/246/out,JD,JD
2451572.5638,2451572.5638,15.77299976348877,H,69.246299,1.03677,0.07182662856622148,II/246/out,JD,JD
2451572.5639,2451572.5639,15.012999534606934,H,69.260391,0.941762,0.0732788369448156,II/246/out,JD,JD
2451572.5657,2451572.5657,15.855999946594238,H,69.370026,1.036076,0.07347259057255695,II/246/out,JD,JD
2451572.5656,2451572.5656,14.680000305175781,H,69.320169,0.925167,0.07433944175353245,II/246/out,JD,JD
2451572.5656,2451572.5656,10.550000190734863,H,69.3157,0.922919,0.07591094206148251,II/246/out,JD,JD
2451572.5638,2451572.5638,15.527999877929688,H,69.249194,1.048728,0.07667179400934292,II/246/out,JD,JD
2451572.5657,2451572.5657,13.824000358581543,H,69.369133,1.045212,0.07784374106801228,II/246/out,JD,JD
2451572.5656,2451572.5656,16.68199920654297,H,69.361948,0.942061,0.07865335858616765,II/246/out,JD,JD
2451572.5638,2451572.5638,15.654000282287598,H,69.258807,1.061534,0.07946761025185471,II/246/out,JD,JD
2451572.5657,2451572.5657,14.098999977111816,H,69.331681,1.074268,0.0798545829244039,II/246/out,JD,JD
2451572.5656,2451572.5656,16.016000747680664,H,69.38059,1.029455,0.07990835986431896,II/246/out,JD,JD
2451572.5639,2451572.5639,14.675000190734863,H,69.26415,0.930381,0.0803170443920193,II/246/out,JD,JD
2451572.5656,2451572.5656,15.668999671936035,H,69.386503,1.015975,0.08144361338676874,II/246/out,JD,JD
2451572.5657,2451572.5657,10.51200008392334,H,69.325282,1.079598,0.08330440776220976,II/246/out,JD,JD
2451572.5656,2451572.5656,14.46500015258789,H,69.387567,1.019737,0.08336836889126314,II/246/out,JD,JD
2451572.5656,2451572.5656,14.430000305175781,H,69.375954,0.951241,0.08350407256477874,II/246/out,JD,JD
2451572.5638,2451572.5638,14.24899959564209,H,69.269006,1.072758,0.08355571191294453,II/246/out,JD,JD
2451572.5657,2451572.5657,15.63700008392334,H,69.380133,1.041225,0.08479118719623698,II/246/out,JD,JD
2451572.5657,2451572.5657,15.6850004196167,H,69.367373,1.058651,0.08535096467944621,II/246/out,JD,JD
2451572.5656,2451572.5656,11.729000091552734,H,69.391644,1.012226,0.08578234672299791,II/246/out,JD,JD
2451572.5657,2451572.5657,13.925000190734863,H,69.337676,1.078802,0.08612728051968054,II/246/out,JD,JD
2451572.5638,2451572.5638,14.16100025177002,H,69.23715,1.049045,0.08629705653326016,II/246/out,JD,JD
2451572.5638,2451572.5638,15.746999740600586,H,69.222913,0.978546,0.08635282353161103,II/246/out,JD,JD
2451572.5656,2451572.5656,12.798999786376953,H,69.391789,0.979923,0.08676879816551873,II/246/out,JD,JD
2451572.5656,2451572.5656,15.345999717712402,H,69.39548,0.989841,0.08889076509513746,II/246/out,JD,JD
2451572.5638,2451572.5638,15.050000190734863,H,69.217428,1.009093,0.09018505257850828,II/246/out,JD,JD
2451572.5656,2451572.5656,15.414999961853027,H,69.297032,0.908397,0.09047941899161878,II/246/out,JD,JD
2451572.5639,2451572.5639,14.774999618530273,H,69.22755,0.954068,0.09092050665560705,II/246/out,JD,JD
2451572.5639,2451572.5639,12.397000312805176,H,69.222841,0.96041,0.0922789046311563,II/246/out,JD,JD
2451572.5656,2451572.5656,14.20300006866455,H,69.399092,1.008908,0.09270163569130345,II/246/out,JD,JD
2451572.5638,2451572.5638,15.390999794006348,H,69.21457,0.988754,0.0928927564166628,II/246/out,JD,JD
2451572.5638,2451572.5638,13.675999641418457,H,69.215253,0.982365,0.09309405676138102,II/246/out,JD,JD
2451572.5638,2451572.5638,14.923999786376953,H,69.212877,1.00911,0.09470631138787156,II/246/out,JD,JD
2451572.5657,2451572.5657,15.0600004196167,H,69.363751,1.074183,0.0947400493683348,II/246/out,JD,JD
2451572.5656,2451572.5656,12.670000076293945,H,69.369568,0.925195,0.09625130485887749,II/246/out,JD,JD
2451572.5657,2451572.5657,10.484000205993652,H,69.396706,1.03466,0.09678788114041945,II/246/out,JD,JD
2451572.5656,2451572.5656,15.534000396728516,H,69.391968,0.951968,0.09679753739745989,II/246/out,JD,JD
2451572.5656,2451572.5656,14.032999992370605,H,69.388118,0.945312,0.09691148372223793,II/246/out,JD,JD
2451572.5656,2451572.5656,14.008000373840332,H,69.316922,0.901866,0.09697245792880484,II/246/out,JD,JD
2451572.5657,2451572.5657,16.059999465942383,H,69.382064,1.060883,0.09771714666603602,II/246/out,JD,JD
2451572.5656,2451572.5656,12.71500015258789,H,69.401122,0.969316,0.09849576422683616,II/246/out,JD,JD
2451572.5639,2451572.5639,15.156999588012695,H,69.214384,0.964176,0.09868240536620827,II/246/out,JD,JD
2451572.5638,2451572.5638,14.61299991607666,H,69.208869,0.987551,0.0986884274107969,II/246/out,JD,JD
2451572.5656,2451572.5656,15.069000244140625,H,69.299351,0.897489,0.10112705625037607,II/246/out,JD,JD
2451572.5657,2451572.5657,13.413999557495117,H,69.33192,1.096393,0.1011853664830487,II/246/out,JD,JD
2451572.5638,2451572.5638,15.123000144958496,H,69.205509,1.014042,0.1026670648525796,II/246/out,JD,JD
2451572.5656,2451572.5656,15.586999893188477,H,69.376472,0.921091,0.10388951959275267,II/246/out,JD,JD
2451572.5639,2451572.5639,8.711999893188477,H,69.206613,0.96677,0.10519916837823132,II/246/out,JD,JD
2451572.5657,2451572.5657,14.135000228881836,H,69.286052,1.101692,0.10546123748664878,II/246/out,JD,JD
2451574.553,2451574.553,16.156999588012695,H,69.407749,1.03143,0.10604980688874838,II/246/out,JD,JD
2451572.5657,2451572.5657,14.383999824523926,H,69.386289,1.069234,0.10637313132495918,II/246/out,JD,JD
2451572.5638,2451572.5638,14.791999816894531,H,69.24678,1.08614,0.10646153901384191,II/246/out,JD,JD
2451572.5638,2451572.5638,15.538000106811523,H,69.209918,1.042109,0.10646699730962482,II/246/out,JD,JD
2451572.5656,2451572.5656,14.267000198364258,H,69.359147,0.905436,0.10653321585631616,II/246/out,JD,JD
2451572.5656,2451572.5656,14.854000091552734,H,69.383581,0.923889,0.10680306471453326,II/246/out,JD,JD
2451572.5638,2451572.5638,15.288999557495117,H,69.198278,1.013617,0.10975733346375331,II/246/out,JD,JD
2451572.5638,2451572.5638,9.765000343322754,H,69.268281,1.101133,0.10984611893714105,II/246/out,JD,JD
2451574.5531,2451574.5531,15.585000038146973,H,69.407399,0.948932,0.11189553983484586,II/246/out,JD,JD
2451572.5638,2451572.5638,15.538999557495117,H,69.214171,1.060912,0.11192799742424246,II/246/out,JD,JD
2451572.5637,2451572.5637,14.781999588012695,H,69.279105,1.107141,0.112326193632739,II/246/out,JD,JD
2451572.5639,2451572.5639,14.420999526977539,H,69.207189,0.946231,0.11256042082593894,II/246/out,JD,JD
2451572.5638,2451572.5638,14.836000442504883,H,69.199802,1.033123,0.11267050703330135,II/246/out,JD,JD
2451572.5655,2451572.5655,15.822999954223633,H,69.339652,0.890486,0.11268050372324201,II/246/out,JD,JD
2451572.5639,2451572.5639,11.439000129699707,H,69.276461,0.88925,0.113266260819105,II/246/out,JD,JD
2451572.5638,2451572.5638,15.267999649047852,H,69.212451,1.061992,0.11395764955838646,II/246/out,JD,JD
2451574.553,2451574.553,14.156999588012695,H,69.410393,1.046991,0.11427396031641021,II/246/out,JD,JD
2451572.5639,2451572.5639,15.029999732971191,H,69.213087,0.932009,0.11494324390774291,II/246/out,JD,JD
2451574.5531,2451574.5531,14.913000106811523,H,69.421501,1.013629,0.1155192185151047,II/246/out,JD,JD
2451574.5531,2451574.5531,13.470999717712402,H,69.4231,1.00393,0.11623537737164925,II/246/out,JD,JD
2451572.5639,2451572.5639,11.720999717712402,H,69.21012,0.932529,0.1170857035977298,II/246/out,JD,JD
2451574.553,2451574.553,13.812000274658203,H,69.407302,1.058868,0.11715791426105161,II/246/out,JD,JD
2451572.5638,2451572.5638,15.590999603271484,H,69.189738,0.996236,0.11724488196933318,II/246/out,JD,JD
2451572.5657,2451572.5657,15.043999671936035,H,69.340433,1.111613,0.11811911499959013,II/246/out,JD,JD
2451574.5531,2451574.5531,15.569999694824219,H,69.409662,0.937816,0.11917153658685135,II/246/out,JD,JD
2451574.553,2451574.553,14.902000427246094,H,69.413407,1.052764,0.1195238657602263,II/246/out,JD,JD
2451572.5656,2451572.5656,14.699000358581543,H,69.399642,0.920422,0.12104869357661494,II/246/out,JD,JD
2451572.5657,2451572.5657,15.38700008392334,H,69.355505,1.110563,0.12227192335041193,II/246/out,JD,JD
2451572.5655,2451572.5655,12.104000091552734,H,69.350787,0.883715,0.12269660871831183,II/246/out,JD,JD
2451572.5638,2451572.5638,12.444999694824219,H,69.190131,1.035936,0.12273640216185515,II/246/out,JD,JD
2451572.5638,2451572.5638,13.527000427246094,H,69.204808,1.067247,0.12323142470747175,II/246/out,JD,JD
2451574.553,2451574.553,15.5,H,69.422632,1.043913,0.12429275225634367,II/246/out,JD,JD
2451572.5657,2451572.5657,13.97700023651123,H,69.376007,1.104446,0.12658561578896946,II/246/out,JD,JD
2451572.5655,2451572.5655,14.053000450134277,H,69.355819,0.88093,0.12714817373232898,II/246/out,JD,JD
2451572.5639,2451572.5639,15.420000076293945,H,69.2039,0.923264,0.12750482703684668,II/246/out,JD,JD
2451572.5638,2451572.5638,15.831000328063965,H,69.186647,1.044302,0.1288003579434827,II/246/out,JD,JD
2451574.5531,2451574.5531,15.303999900817871,H,69.431541,0.964503,0.1290523736216898,II/246/out,JD,JD
2451572.5656,2451572.5656,14.904000282287598,H,69.398924,0.907438,0.12927471891798806,II/246/out,JD,JD
2451572.5639,2451572.5639,10.4399995803833,H,69.194951,0.933072,0.12963678003959153,II/246/out,JD,JD
2451572.5639,2451572.5639,12.185999870300293,H,69.257892,0.878109,0.12985276822248495,II/246/out,JD,JD
2451572.5638,2451572.5638,15.378000259399414,H,69.20386,1.079195,0.13103491312599902,II/246/out,JD,JD
2451572.5657,2451572.5657,13.317999839782715,H,69.353134,1.122512,0.1324801556195657,II/246/out,JD,JD
2451572.5639,2451572.5639,15.197999954223633,H,69.181735,0.952996,0.13318119202469014,II/246/out,JD,JD
2451572.5657,2451572.5657,15.1899995803833,H,69.356512,1.122885,0.13404057210426865,II/246/out,JD,JD
2451572.5657,2451572.5657,15.909000396728516,H,69.376595,1.11358,0.1346380051113401,II/246/out,JD,JD
2451572.5657,2451572.5657,14.85099983215332,H,69.298174,1.132813,0.13477321683226118,II/246/out,JD,JD
2451574.5531,2451574.5531,15.14900016784668,H,69.440483,1.01711,0.1347953271504887,II/246/out,JD,JD
2451572.5657,2451572.5657,15.090999603271484,H,69.319531,1.132933,0.13518868494778238,II/246/out,JD,JD
2451572.5639,2451572.5639,14.975000381469727,H,69.198964,0.916775,0.13533471193161756,II/246/out,JD,JD
2451574.553,2451574.553,15.105999946594238,H,69.436672,1.037365,0.1354182239518054,II/246/out,JD,JD
2451572.5656,2451572.5656,12.574000358581543,H,69.396575,0.896477,0.135640333716674,II/246/out,JD,JD
2451572.5639,2451572.5639,15.230999946594238,H,69.247407,0.876343,0.1357516886363506,II/246/out,JD,JD
2451572.5639,2451572.5639,15.680000305175781,H,69.174562,0.961832,0.13733850283055127,II/246/out,JD,JD
2451572.5639,2451572.5639,15.288000106811523,H,69.190507,0.923555,0.138396446714451,II/246/out,JD,JD
2451572.5638,2451572.5638,14.402999877929688,H,69.176079,1.043348,0.13840869830457517,II/246/out,JD,JD
2451572.5638,2451572.5638,14.6899995803833,H,69.169098,1.010917,0.13843639375973027,II/246/out,JD,JD
2451574.5531,2451574.5531,13.57699966430664,H,69.411921,0.907731,0.138625145999664,II/246/out,JD,JD
2451574.5531,2451574.5531,14.70300006866455,H,69.441499,0.962457,0.13919858346241235,II/246/out,JD,JD
2451574.5531,2451574.5531,15.956000328063965,H,69.414068,0.908917,0.13949383466796586,II/246/out,JD,JD
2451572.5638,2451572.5638,14.36299991607666,H,69.192755,1.07948,0.14010420882343097,II/246/out,JD,JD
2451572.5639,2451572.5639,14.258999824523926,H,69.266543,0.86377,0.14050154021949404,II/246/out,JD,JD
2451574.5531,2451574.5531,14.265999794006348,H,69.443591,0.965088,0.14057535565362672,II/246/out,JD,JD
2451572.5657,2451572.5657,14.626999855041504,H,69.342361,1.134386,0.14058119369743133,II/246/out,JD,JD
2451572.5655,2451572.5655,15.21399974822998,H,69.382072,0.879119,0.1408819933254224,II/246/out,JD,JD
2451574.5531,2451574.5531,14.689000129699707,H,69.447971,1.005291,0.14113933994186484,II/246/out,JD,JD
2451572.5638,2451572.5638,13.871999740600586,H,69.186468,1.071871,0.1411647212360158,II/246/out,JD,JD
2451574.5531,2451574.5531,12.87600040435791,H,69.435472,0.939551,0.1412787176442118,II/246/out,JD,JD
2451572.5638,2451572.5638,12.793999671936035,H,69.174045,1.046398,0.14134127719731024,II/246/out,JD,JD
2451572.5637,2451572.5637,14.85200023651123,H,69.264597,1.133214,0.14138652138815527,II/246/out,JD,JD
2451572.5655,2451572.5655,14.211000442504883,H,69.393301,0.88584,0.14178315835590083,II/246/out,JD,JD
2451574.5531,2451574.5531,12.54699993133545,H,69.421041,0.913335,0.1422308517014372,II/246/out,JD,JD
2451572.5637,2451572.5637,14.232000350952148,H,69.254325,1.130906,0.1426491344762271,II/246/out,JD,JD
2451572.5638,2451572.5638,13.60099983215332,H,69.170211,1.039131,0.1427069984245039,II/246/out,JD,JD
2451574.5531,2451574.5531,13.654000282287598,H,69.449727,1.004647,0.14286303966236255,II/246/out,JD,JD
2451572.5655,2451572.5655,15.913000106811523,H,69.363277,0.8669,0.14297397508504206,II/246/out,JD,JD
2451572.5638,2451572.5638,12.604000091552734,H,69.1674,1.0322,0.14361175788473388,II/246/out,JD,JD
2451574.5531,2451574.5531,15.17300033569336,H,69.441217,0.946804,0.14376561130733703,II/246/out,JD,JD
2451572.5639,2451572.5639,14.576000213623047,H,69.254627,0.864378,0.14381540277901142,II/246/out,JD,JD
2451571.5659,2451571.5659,15.833999633789062,H,69.162495,0.99471,0.14451041976736997,II/246/out,JD,JD
2451572.5639,2451572.5639,13.74899959564209,H,69.224054,0.87994,0.1445367549225847,II/246/out,JD,JD
2451572.5655,2451572.5655,15.932999610900879,H,69.293046,0.854363,0.14463757185727733,II/246/out,JD,JD
2451572.5639,2451572.5639,14.701000213623047,H,69.175571,0.937818,0.14465597732709917,II/246/out,JD,JD
2451572.5637,2451572.5637,14.765999794006348,H,69.22148,1.115287,0.14487080906438277,II/246/out,JD,JD
2451572.5657,2451572.5657,14.159000396728516,H,69.32659,1.142964,0.1459587868799149,II/246/out,JD,JD
2451572.5655,2451572.5655,14.640999794006348,H,69.316271,0.851819,0.14680291128623718,II/246/out,JD,JD
2451572.5638,2451572.5638,15.677000045776367,H,69.169094,1.05049,0.14740390264503297,II/246/out,JD,JD
2451571.5659,2451571.5659,15.911999702453613,H,69.159519,1.006718,0.1476789386589726,II/246/out,JD,JD
2451574.5531,2451574.5531,15.069999694824219,H,69.444326,0.943463,0.14787869953059013,II/246/out,JD,JD
2451572.5639,2451572.5639,15.008999824523926,H,69.212597,0.883654,0.14851330416366224,II/246/out,JD,JD
2451572.5655,2451572.5655,11.880999565124512,H,69.294135,0.850202,0.14868173205324936,II/246/out,JD,JD
2451571.5659,2451571.5659,15.343999862670898,H,69.159351,1.016573,0.1487314873037159,II/246/out,JD,JD
2451574.5531,2451574.5531,12.670000076293945,H,69.424292,0.906524,0.14894890085961024,II/246/out,JD,JD
2451574.553,2451574.553,13.185999870300293,H,69.431083,1.082128,0.1497279410811676,II/246/out,JD,JD
2451572.5637,2451572.5637,14.727999687194824,H,69.22555,1.124981,0.15056533045324078,II/246/out,JD,JD
2451572.5655,2451572.5655,13.098999977111816,H,69.390666,0.872643,0.15098946041034778,II/246/out,JD,JD
2451572.5637,2451572.5637,15.579999923706055,H,69.279605,1.147513,0.15167549813588885,II/246/out,JD,JD
2451572.5637,2451572.5637,15.020000457763672,H,69.2697,1.145377,0.15170010933761865,II/246/out,JD,JD
2451572.5638,2451572.5638,15.04699993133545,H,69.184384,1.088552,0.1522027651022912,II/246/out,JD,JD
2451572.5639,2451572.5639,11.335000038146973,H,69.165002,0.941319,0.1529788954745948,II/246/out,JD,JD
2451572.5657,2451572.5657,14.550000190734863,H,69.316887,1.151455,0.15344709562016515,II/246/out,JD,JD
2451572.5639,2451572.5639,13.666000366210938,H,69.228657,0.864562,0.15500474330830666,II/246/out,JD,JD
2451572.5657,2451572.5657,13.595999717712402,H,69.385395,1.132167,0.1551109363464063,II/246/out,JD,JD
2451572.5657,2451572.5657,13.95199966430664,H,69.316222,1.153319,0.1552662770776124,II/246/out,JD,JD
2451572.5655,2451572.5655,12.1899995803833,H,69.380086,0.861141,0.15544455265276896,II/246/out,JD,JD
2451574.5531,2451574.5531,9.388999938964844,H,69.463781,0.996379,0.15678737693206382,II/246/out,JD,JD
2451571.5659,2451571.5659,15.536999702453613,H,69.153407,1.030739,0.1569342697604428,II/246/out,JD,JD
2451571.5659,2451571.5659,16.44099998474121,H,69.149246,0.997628,0.15771360570006931,II/246/out,JD,JD
2451571.5659,2451571.5659,15.916999816894531,H,69.156986,1.048767,0.15822681542514044,II/246/out,JD,JD
2451572.5655,2451572.5655,15.182000160217285,H,69.395353,0.866616,0.15860443359525278,II/246/out,JD,JD
2451571.5659,2451571.5659,14.946000099182129,H,69.157569,1.054187,0.159490828992617,II/246/out,JD,JD
2451571.5659,2451571.5659,14.590999603271484,H,69.156733,1.053626,0.16007937484625698,II/246/out,JD,JD
2451571.5659,2451571.5659,15.461000442504883,H,69.146871,0.994244,0.16013885555170493,II/246/out,JD,JD
2451574.5532,2451574.5532,13.876999855041504,H,69.420633,0.88536,0.16023353674503452,II/246/out,JD,JD
2451571.5659,2451571.5659,13.532999992370605,H,69.160005,1.06301,0.16055848334291767,II/246/out,JD,JD
2451572.5639,2451572.5639,15.553000450134277,H,69.239123,0.852229,0.1610853815139292,II/246/out,JD,JD
2451572.5638,2451572.5638,13.942000389099121,H,69.1643,1.075294,0.1620964930817473,II/246/out,JD,JD
2451572.5637,2451572.5637,15.675999641418457,H,69.208113,1.1268,0.16210124365508408,II/246/out,JD,JD
2451572.5639,2451572.5639,11.276000022888184,H,69.182856,0.893899,0.16219873688747452,II/246/out,JD,JD
2451572.5655,2451572.5655,14.71399974822998,H,69.395657,0.862491,0.16221227176998024,II/246/out,JD,JD
2451574.553,2451574.553,12.866999626159668,H,69.435446,1.097898,0.1625167719102073,II/246/out,JD,JD
2451574.5531,2451574.5531,10.821999549865723,H,69.436884,0.900426,0.16264889332140656,II/246/out,JD,JD
2451572.5639,2451572.5639,7.881999969482422,H,69.174834,0.903322,0.1627402216504927,II/246/out,JD,JD
2451571.5659,2451571.5659,15.657999992370605,H,69.151224,1.046247,0.1629388634764335,II/246/out,JD,JD
2451571.5658,2451571.5658,16.089000701904297,H,69.156398,0.935751,0.1630488608092431,II/246/out,JD,JD
2451574.5531,2451574.5531,15.803000450134277,H,69.445298,0.91168,0.16319879327230258,II/246/out,JD,JD
2451574.553,2451574.553,14.137999534606934,H,69.450599,1.075997,0.16325314830330243,II/246/out,JD,JD
2451572.5655,2451572.5655,15.576000213623047,H,69.362636,0.84482,0.1632826217465794,II/246/out,JD,JD
2451572.5657,2451572.5657,14.47700023651123,H,69.281586,1.160025,0.1636786725435003,II/246/out,JD,JD
2451572.5637,2451572.5637,15.855999946594238,H,69.222913,1.139215,0.16405587832702453,II/246/out,JD,JD
2451572.5639,2451572.5639,14.961000442504883,H,69.236011,0.849107,0.16523443417859845,II/246/out,JD,JD
2451571.5659,2451571.5659,15.118000030517578,H,69.142922,1.021116,0.16560984260349915,II/246/out,JD,JD
2451574.5531,2451574.5531,10.859000205993652,H,69.472034,1.014938,0.16586036143821153,II/246/out,JD,JD
2451572.5655,2451572.5655,14.383999824523926,H,69.286256,0.833659,0.16596768708268936,II/246/out,JD,JD
2451574.553,2451574.553,15.61299991607666,H,69.455072,1.073411,0.16601496552446035,II/246/out,JD,JD
2451571.5659,2451571.5659,14.135000228881836,H,69.147382,1.044877,0.16622539528151667,II/246/out,JD,JD
2451572.5637,2451572.5637,13.342000007629395,H,69.268472,1.160169,0.16635823461369623,II/246/out,JD,JD
2451572.5656,2451572.5656,5.591000080108643,K,69.306966,0.998292,3.921274006324825e-05,II/246/out,JD,JD
2451572.5656,2451572.5656,13.838000297546387,K,69.301836,0.99992,0.005385919372918359,II/246/out,JD,JD
2451572.5656,2451572.5656,14.319000244140625,K,69.319591,0.987833,0.016403678374825287,II/246/out,JD,JD
2451572.5656,2451572.5656,13.968000411987305,K,69.29444,0.987196,0.016768161344147024,II/246/out,JD,JD
2451572.5656,2451572.5656,15.027000427246094,K,69.313102,0.977741,0.021476970306482882,II/246/out,JD,JD
2451572.5638,2451572.5638,14.588000297546387,K,69.28452,0.998143,0.022459331375606104,II/246/out,JD,JD
2451572.5656,2451572.5656,15.413000106811523,K,69.285627,1.007228,0.023132420475560148,II/246/out,JD,JD
2451572.5656,2451572.5656,15.38599967956543,K,69.321653,1.01945,0.02571612347159182,II/246/out,JD,JD
2451572.5656,2451572.5656,14.95199966430664,K,69.281441,1.005489,0.026522157665648215,II/246/out,JD,JD
2451572.5656,2451572.5656,14.199000358581543,K,69.303102,1.025606,0.027552662275778444,II/246/out,JD,JD
2451572.5656,2451572.5656,12.319000244140625,K,69.335568,1.007744,0.030092769268726775,II/246/out,JD,JD
2451572.5656,2451572.5656,15.126999855041504,K,69.33813,0.987124,0.03309733038852056,II/246/out,JD,JD
2451572.5638,2451572.5638,15.458000183105469,K,69.273832,1.00303,0.03347680679271146,II/246/out,JD,JD
2451572.5656,2451572.5656,14.777000427246094,K,69.330732,1.022162,0.033644564356933304,II/246/out,JD,JD
2451572.5656,2451572.5656,14.869999885559082,K,69.292654,0.967338,0.034140868897575005,II/246/out,JD,JD
2451572.5638,2451572.5638,15.333999633789062,K,69.276474,0.982044,0.03457775805615534,II/246/out,JD,JD
2451572.5656,2451572.5656,13.753999710083008,K,69.33385,0.975941,0.03496920780033792,II/246/out,JD,JD
2451572.5656,2451572.5656,13.607999801635742,K,69.292119,1.030179,0.035147364851308205,II/246/out,JD,JD
2451572.5656,2451572.5656,13.730999946594238,K,69.311965,0.963382,0.035299190470388535,II/246/out,JD,JD
2451572.5638,2451572.5638,14.58899974822998,K,69.271723,0.986511,0.0371814432587388,II/246/out,JD,JD
2451572.5638,2451572.5638,13.366000175476074,K,69.27601,1.019294,0.03739715641510534,II/246/out,JD,JD
2451572.5657,2451572.5657,14.53600025177002,K,69.322566,1.033214,0.038207742681377846,II/246/out,JD,JD
2451572.5638,2451572.5638,13.819999694824219,K,69.271532,0.982111,0.03897833598498839,II/246/out,JD,JD
2451572.5638,2451572.5638,13.142999649047852,K,69.278216,0.971385,0.0394100512065772,II/246/out,JD,JD
2451572.5657,2451572.5657,14.22700023651123,K,69.331115,1.03074,0.040407550211154164,II/246/out,JD,JD
2451572.5639,2451572.5639,14.743000030517578,K,69.277997,0.966988,0.04268566083701487,II/246/out,JD,JD
2451572.5656,2451572.5656,15.128999710083008,K,69.281519,0.963058,0.04349865395610664,II/246/out,JD,JD
2451572.5657,2451572.5657,12.258000373840332,K,69.32731,1.037301,0.04395460763470217,II/246/out,JD,JD
2451572.5638,2451572.5638,13.161999702453613,K,69.269445,0.973838,0.04481471110293287,II/246/out,JD,JD
2451572.5638,2451572.5638,14.807999610900879,K,69.27603,1.035371,0.04826925772413821,II/246/out,JD,JD
2451572.5638,2451572.5638,14.85200023651123,K,69.257888,1.000912,0.049154484511012696,II/246/out,JD,JD
2451572.5656,2451572.5656,13.38700008392334,K,69.325842,0.946517,0.05513581335317276,II/246/out,JD,JD
2451572.5639,2451572.5639,14.62600040435791,K,69.262689,0.963867,0.056114528070120726,II/246/out,JD,JD
2451572.5638,2451572.5638,15.201000213623047,K,69.267967,1.038902,0.05628456665128359,II/246/out,JD,JD
2451572.5657,2451572.5657,14.939000129699707,K,69.341951,1.042542,0.05636789034514498,II/246/out,JD,JD
2451572.5656,2451572.5656,15.8149995803833,K,69.361182,1.018672,0.05788452438921672,II/246/out,JD,JD
2451572.5656,2451572.5656,14.331999778747559,K,69.360991,0.975861,0.05848817031491899,II/246/out,JD,JD
2451572.5638,2451572.5638,15.067999839782715,K,69.27803,1.049829,0.05907894641618448,II/246/out,JD,JD
2451572.5656,2451572.5656,15.23900032043457,K,69.364539,1.012461,0.059258228475616834,II/246/out,JD,JD
2451572.5656,2451572.5656,14.315999984741211,K,69.354141,0.961768,0.059665250903609,II/246/out,JD,JD
2451572.5657,2451572.5657,13.977999687194824,K,69.297802,1.057708,0.06008537145794169,II/246/out,JD,JD
2451572.5657,2451572.5657,15.163999557495117,K,69.330495,1.053921,0.06035965153797028,II/246/out,JD,JD
2451572.5656,2451572.5656,11.079999923706055,K,69.361025,0.96893,0.061514376167490316,II/246/out,JD,JD
2451572.5638,2451572.5638,14.697999954223633,K,69.245644,0.993476,0.06152033208954888,II/246/out,JD,JD
2451572.5638,2451572.5638,12.137999534606934,K,69.255234,1.033131,0.06235602528816981,II/246/out,JD,JD
2451572.5639,2451572.5639,14.505000114440918,K,69.252559,0.967582,0.06250035087745652,II/246/out,JD,JD
2451572.5656,2451572.5656,15.38700008392334,K,69.327543,0.938618,0.0631497912920473,II/246/out,JD,JD
2451572.5656,2451572.5656,13.871000289916992,K,69.359663,0.951416,0.07053512783912443,II/246/out,JD,JD
2451572.5656,2451572.5656,12.748000144958496,K,69.300236,0.927044,0.07160221338930231,II/246/out,JD,JD
2451572.5638,2451572.5638,15.100000381469727,K,69.246299,1.03677,0.07182662856622148,II/246/out,JD,JD
2451572.5639,2451572.5639,14.621000289916992,K,69.260391,0.941762,0.0732788369448156,II/246/out,JD,JD
2451572.5657,2451572.5657,15.902999877929688,K,69.370026,1.036076,0.07347259057255695,II/246/out,JD,JD
2451572.5656,2451572.5656,14.64799976348877,K,69.320169,0.925167,0.07433944175353245,II/246/out,JD,JD
2451572.5656,2451572.5656,10.470999717712402,K,69.3157,0.922919,0.07591094206148251,II/246/out,JD,JD
2451572.5638,2451572.5638,15.42199993133545,K,69.249194,1.048728,0.07667179400934292,II/246/out,JD,JD
2451572.5657,2451572.5657,13.586999893188477,K,69.369133,1.045212,0.07784374106801228,II/246/out,JD,JD
2451572.5656,2451572.5656,16.808000564575195,K,69.361948,0.942061,0.07865335858616765,II/246/out,JD,JD
2451572.5638,2451572.5638,14.977999687194824,K,69.258807,1.061534,0.07946761025185471,II/246/out,JD,JD
2451572.5657,2451572.5657,14.015999794006348,K,69.331681,1.074268,0.0798545829244039,II/246/out,JD,JD
2451572.5656,2451572.5656,15.592000007629395,K,69.38059,1.029455,0.07990835986431896,II/246/out,JD,JD
2451572.5639,2451572.5639,14.866999626159668,K,69.26415,0.930381,0.0803170443920193,II/246/out,JD,JD
2451572.5656,2451572.5656,15.480999946594238,K,69.386503,1.015975,0.08144361338676874,II/246/out,JD,JD
2451572.5657,2451572.5657,10.420999526977539,K,69.325282,1.079598,0.08330440776220976,II/246/out,JD,JD
2451572.5656,2451572.5656,14.281000137329102,K,69.387567,1.019737,0.08336836889126314,II/246/out,JD,JD
2451572.5656,2451572.5656,14.694000244140625,K,69.375954,0.951241,0.08350407256477874,II/246/out,JD,JD
2451572.5638,2451572.5638,14.215999603271484,K,69.269006,1.072758,0.08355571191294453,II/246/out,JD,JD
2451572.5657,2451572.5657,15.336000442504883,K,69.380133,1.041225,0.08479118719623698,II/246/out,JD,JD
2451572.5657,2451572.5657,14.831000328063965,K,69.367373,1.058651,0.08535096467944621,II/246/out,JD,JD
2451572.5656,2451572.5656,11.670999526977539,K,69.391644,1.012226,0.08578234672299791,II/246/out,JD,JD
2451572.5657,2451572.5657,13.753999710083008,K,69.337676,1.078802,0.08612728051968054,II/246/out,JD,JD
2451572.5638,2451572.5638,14.104000091552734,K,69.23715,1.049045,0.08629705653326016,II/246/out,JD,JD
2451572.5638,2451572.5638,15.873000144958496,K,69.222913,0.978546,0.08635282353161103,II/246/out,JD,JD
2451572.5656,2451572.5656,12.864999771118164,K,69.391789,0.979923,0.08676879816551873,II/246/out,JD,JD
2451572.5656,2451572.5656,14.944999694824219,K,69.39548,0.989841,0.08889076509513746,II/246/out,JD,JD
2451572.5638,2451572.5638,15.11400032043457,K,69.217428,1.009093,0.09018505257850828,II/246/out,JD,JD
2451572.5656,2451572.5656,14.97700023651123,K,69.297032,0.908397,0.09047941899161878,II/246/out,JD,JD
2451572.5639,2451572.5639,14.767999649047852,K,69.22755,0.954068,0.09092050665560705,II/246/out,JD,JD
2451572.5639,2451572.5639,12.32699966430664,K,69.222841,0.96041,0.0922789046311563,II/246/out,JD,JD
2451572.5656,2451572.5656,13.967000007629395,K,69.399092,1.008908,0.09270163569130345,II/246/out,JD,JD
2451572.5638,2451572.5638,15.52299976348877,K,69.21457,0.988754,0.0928927564166628,II/246/out,JD,JD
2451572.5638,2451572.5638,13.444000244140625,K,69.215253,0.982365,0.09309405676138102,II/246/out,JD,JD
2451572.5638,2451572.5638,14.645000457763672,K,69.212877,1.00911,0.09470631138787156,II/246/out,JD,JD
2451572.5657,2451572.5657,14.711999893188477,K,69.363751,1.074183,0.0947400493683348,II/246/out,JD,JD
2451572.5656,2451572.5656,12.491000175476074,K,69.369568,0.925195,0.09625130485887749,II/246/out,JD,JD
2451572.5657,2451572.5657,10.430000305175781,K,69.396706,1.03466,0.09678788114041945,II/246/out,JD,JD
2451572.5656,2451572.5656,15.048999786376953,K,69.391968,0.951968,0.09679753739745989,II/246/out,JD,JD
2451572.5656,2451572.5656,13.98900032043457,K,69.388118,0.945312,0.09691148372223793,II/246/out,JD,JD
2451572.5656,2451572.5656,13.92199993133545,K,69.316922,0.901866,0.09697245792880484,II/246/out,JD,JD
2451572.5657,2451572.5657,15.11400032043457,K,69.382064,1.060883,0.09771714666603602,II/246/out,JD,JD
2451572.5656,2451572.5656,12.51099967956543,K,69.401122,0.969316,0.09849576422683616,II/246/out,JD,JD
2451572.5639,2451572.5639,14.911999702453613,K,69.214384,0.964176,0.09868240536620827,II/246/out,JD,JD
2451572.5638,2451572.5638,14.501999855041504,K,69.208869,0.987551,0.0986884274107969,II/246/out,JD,JD
2451572.5656,2451572.5656,15.098999977111816,K,69.299351,0.897489,0.10112705625037607,II/246/out,JD,JD
2451572.5657,2451572.5657,13.416999816894531,K,69.33192,1.096393,0.1011853664830487,II/246/out,JD,JD
2451572.5638,2451572.5638,14.812000274658203,K,69.205509,1.014042,0.1026670648525796,II/246/out,JD,JD
2451572.5656,2451572.5656,15.107000350952148,K,69.376472,0.921091,0.10388951959275267,II/246/out,JD,JD
2451572.5639,2451572.5639,8.598999977111816,K,69.206613,0.96677,0.10519916837823132,II/246/out,JD,JD
2451572.5657,2451572.5657,14.088000297546387,K,69.286052,1.101692,0.10546123748664878,II/246/out,JD,JD
2451574.553,2451574.553,15.5,K,69.407749,1.03143,0.10604980688874838,II/246/out,JD,JD
2451572.5657,2451572.5657,14.305000305175781,K,69.386289,1.069234,0.10637313132495918,II/246/out,JD,JD
2451572.5638,2451572.5638,14.642999649047852,K,69.24678,1.08614,0.10646153901384191,II/246/out,JD,JD
2451572.5638,2451572.5638,15.010000228881836,K,69.209918,1.042109,0.10646699730962482,II/246/out,JD,JD
2451572.5656,2451572.5656,14.258999824523926,K,69.359147,0.905436,0.10653321585631616,II/246/out,JD,JD
2451572.5656,2451572.5656,14.781000137329102,K,69.383581,0.923889,0.10680306471453326,II/246/out,JD,JD
2451572.5638,2451572.5638,15.28499984741211,K,69.198278,1.013617,0.10975733346375331,II/246/out,JD,JD
2451572.5638,2451572.5638,9.638999938964844,K,69.268281,1.101133,0.10984611893714105,II/246/out,JD,JD
2451574.5531,2451574.5531,16.584999084472656,K,69.407399,0.948932,0.11189553983484586,II/246/out,JD,JD
2451572.5638,2451572.5638,14.99899959564209,K,69.214171,1.060912,0.11192799742424246,II/246/out,JD,JD
2451572.5637,2451572.5637,14.527000427246094,K,69.279105,1.107141,0.112326193632739,II/246/out,JD,JD
2451572.5639,2451572.5639,14.394000053405762,K,69.207189,0.946231,0.11256042082593894,II/246/out,JD,JD
2451572.5638,2451572.5638,14.4350004196167,K,69.199802,1.033123,0.11267050703330135,II/246/out,JD,JD
2451572.5655,2451572.5655,15.366000175476074,K,69.339652,0.890486,0.11268050372324201,II/246/out,JD,JD
2451572.5639,2451572.5639,11.279000282287598,K,69.276461,0.88925,0.113266260819105,II/246/out,JD,JD
2451572.5638,2451572.5638,15.223999977111816,K,69.212451,1.061992,0.11395764955838646,II/246/out,JD,JD
2451574.553,2451574.553,14.114999771118164,K,69.410393,1.046991,0.11427396031641021,II/246/out,JD,JD
2451572.5639,2451572.5639,15.093000411987305,K,69.213087,0.932009,0.11494324390774291,II/246/out,JD,JD
2451574.5531,2451574.5531,14.859999656677246,K,69.421501,1.013629,0.1155192185151047,II/246/out,JD,JD
2451574.5531,2451574.5531,13.175000190734863,K,69.4231,1.00393,0.11623537737164925,II/246/out,JD,JD
2451572.5639,2451572.5639,11.630000114440918,K,69.21012,0.932529,0.1170857035977298,II/246/out,JD,JD
2451574.553,2451574.553,13.555999755859375,K,69.407302,1.058868,0.11715791426105161,II/246/out,JD,JD
2451572.5638,2451572.5638,15.527999877929688,K,69.189738,0.996236,0.11724488196933318,II/246/out,JD,JD
2451572.5657,2451572.5657,14.864999771118164,K,69.340433,1.111613,0.11811911499959013,II/246/out,JD,JD
2451574.5531,2451574.5531,15.246999740600586,K,69.409662,0.937816,0.11917153658685135,II/246/out,JD,JD
2451574.553,2451574.553,14.800999641418457,K,69.413407,1.052764,0.1195238657602263,II/246/out,JD,JD
2451572.5656,2451572.5656,14.5649995803833,K,69.399642,0.920422,0.12104869357661494,II/246/out,JD,JD
2451572.5657,2451572.5657,15.01200008392334,K,69.355505,1.110563,0.12227192335041193,II/246/out,JD,JD
2451572.5655,2451572.5655,12.081999778747559,K,69.350787,0.883715,0.12269660871831183,II/246/out,JD,JD
2451572.5638,2451572.5638,12.348999977111816,K,69.190131,1.035936,0.12273640216185515,II/246/out,JD,JD
2451572.5638,2451572.5638,13.310999870300293,K,69.204808,1.067247,0.12323142470747175,II/246/out,JD,JD
2451574.553,2451574.553,15.378999710083008,K,69.422632,1.043913,0.12429275225634367,II/246/out,JD,JD
2451572.5657,2451572.5657,13.906000137329102,K,69.376007,1.104446,0.12658561578896946,II/246/out,JD,JD
2451572.5655,2451572.5655,13.916000366210938,K,69.355819,0.88093,0.12714817373232898,II/246/out,JD,JD
2451572.5639,2451572.5639,15.288000106811523,K,69.2039,0.923264,0.12750482703684668,II/246/out,JD,JD
2451572.5638,2451572.5638,15.385000228881836,K,69.186647,1.044302,0.1288003579434827,II/246/out,JD,JD
2451574.5531,2451574.5531,14.85099983215332,K,69.431541,0.964503,0.1290523736216898,II/246/out,JD,JD
2451572.5656,2451572.5656,14.586999893188477,K,69.398924,0.907438,0.12927471891798806,II/246/out,JD,JD
2451572.5639,2451572.5639,10.414999961853027,K,69.194951,0.933072,0.12963678003959153,II/246/out,JD,JD
2451572.5639,2451572.5639,12.208000183105469,K,69.257892,0.878109,0.12985276822248495,II/246/out,JD,JD
2451572.5638,2451572.5638,15.734999656677246,K,69.20386,1.079195,0.13103491312599902,II/246/out,JD,JD
2451572.5657,2451572.5657,13.206000328063965,K,69.353134,1.122512,0.1324801556195657,II/246/out,JD,JD
2451572.5639,2451572.5639,15.038999557495117,K,69.181735,0.952996,0.13318119202469014,II/246/out,JD,JD
2451572.5657,2451572.5657,14.894000053405762,K,69.356512,1.122885,0.13404057210426865,II/246/out,JD,JD
2451572.5657,2451572.5657,15.229000091552734,K,69.376595,1.11358,0.1346380051113401,II/246/out,JD,JD
2451572.5657,2451572.5657,14.717000007629395,K,69.298174,1.132813,0.13477321683226118,II/246/out,JD,JD
2451574.5531,2451574.5531,14.527999877929688,K,69.440483,1.01711,0.1347953271504887,II/246/out,JD,JD
2451572.5657,2451572.5657,15.02400016784668,K,69.319531,1.132933,0.13518868494778238,II/246/out,JD,JD
2451572.5639,2451572.5639,14.934000015258789,K,69.198964,0.916775,0.13533471193161756,II/246/out,JD,JD
2451574.553,2451574.553,15.392000198364258,K,69.436672,1.037365,0.1354182239518054,II/246/out,JD,JD
2451572.5656,2451572.5656,12.534000396728516,K,69.396575,0.896477,0.135640333716674,II/246/out,JD,JD
2451572.5639,2451572.5639,15.217000007629395,K,69.247407,0.876343,0.1357516886363506,II/246/out,JD,JD
2451572.5639,2451572.5639,15.545000076293945,K,69.174562,0.961832,0.13733850283055127,II/246/out,JD,JD
2451572.5639,2451572.5639,15.38599967956543,K,69.190507,0.923555,0.138396446714451,II/246/out,JD,JD
2451572.5638,2451572.5638,14.204999923706055,K,69.176079,1.043348,0.13840869830457517,II/246/out,JD,JD
2451572.5638,2451572.5638,14.569000244140625,K,69.169098,1.010917,0.13843639375973027,II/246/out,JD,JD
2451574.5531,2451574.5531,13.46500015258789,K,69.411921,0.907731,0.138625145999664,II/246/out,JD,JD
2451574.5531,2451574.5531,14.36400032043457,K,69.441499,0.962457,0.13919858346241235,II/246/out,JD,JD
2451574.5531,2451574.5531,15.38599967956543,K,69.414068,0.908917,0.13949383466796586,II/246/out,JD,JD
2451572.5638,2451572.5638,14.279999732971191,K,69.192755,1.07948,0.14010420882343097,II/246/out,JD,JD
2451572.5639,2451572.5639,14.119999885559082,K,69.266543,0.86377,0.14050154021949404,II/246/out,JD,JD
2451574.5531,2451574.5531,14.185999870300293,K,69.443591,0.965088,0.14057535565362672,II/246/out,JD,JD
2451572.5657,2451572.5657,14.461000442504883,K,69.342361,1.134386,0.14058119369743133,II/246/out,JD,JD
2451572.5655,2451572.5655,15.048999786376953,K,69.382072,0.879119,0.1408819933254224,II/246/out,JD,JD
2451574.5531,2451574.5531,14.324000358581543,K,69.447971,1.005291,0.14113933994186484,II/246/out,JD,JD
2451572.5638,2451572.5638,13.87600040435791,K,69.186468,1.071871,0.1411647212360158,II/246/out,JD,JD
2451574.5531,2451574.5531,12.763999938964844,K,69.435472,0.939551,0.1412787176442118,II/246/out,JD,JD
2451572.5638,2451572.5638,12.664999961853027,K,69.174045,1.046398,0.14134127719731024,II/246/out,JD,JD
2451572.5637,2451572.5637,14.262999534606934,K,69.264597,1.133214,0.14138652138815527,II/246/out,JD,JD
2451572.5655,2451572.5655,14.052000045776367,K,69.393301,0.88584,0.14178315835590083,II/246/out,JD,JD
2451574.5531,2451574.5531,12.267999649047852,K,69.421041,0.913335,0.1422308517014372,II/246/out,JD,JD
2451572.5637,2451572.5637,14.277999877929688,K,69.254325,1.130906,0.1426491344762271,II/246/out,JD,JD
2451572.5638,2451572.5638,13.456999778747559,K,69.170211,1.039131,0.1427069984245039,II/246/out,JD,JD
2451574.5531,2451574.5531,13.451000213623047,K,69.449727,1.004647,0.14286303966236255,II/246/out,JD,JD
2451572.5655,2451572.5655,15.520000457763672,K,69.363277,0.8669,0.14297397508504206,II/246/out,JD,JD
2451572.5638,2451572.5638,12.505000114440918,K,69.1674,1.0322,0.14361175788473388,II/246/out,JD,JD
2451574.5531,2451574.5531,14.980999946594238,K,69.441217,0.946804,0.14376561130733703,II/246/out,JD,JD
2451572.5639,2451572.5639,14.517999649047852,K,69.254627,0.864378,0.14381540277901142,II/246/out,JD,JD
2451571.5659,2451571.5659,15.527999877929688,K,69.162495,0.99471,0.14451041976736997,II/246/out,JD,JD
2451572.5639,2451572.5639,13.635000228881836,K,69.224054,0.87994,0.1445367549225847,II/246/out,JD,JD
2451572.5655,2451572.5655,15.01200008392334,K,69.293046,0.854363,0.14463757185727733,II/246/out,JD,JD
2451572.5639,2451572.5639,14.41100025177002,K,69.175571,0.937818,0.14465597732709917,II/246/out,JD,JD
2451572.5637,2451572.5637,14.800999641418457,K,69.22148,1.115287,0.14487080906438277,II/246/out,JD,JD
2451572.5657,2451572.5657,14.1899995803833,K,69.32659,1.142964,0.1459587868799149,II/246/out,JD,JD
2451572.5655,2451572.5655,14.696999549865723,K,69.316271,0.851819,0.14680291128623718,II/246/out,JD,JD
2451572.5638,2451572.5638,15.211999893188477,K,69.169094,1.05049,0.14740390264503297,II/246/out,JD,JD
2451571.5659,2451571.5659,16.000999450683594,K,69.159519,1.006718,0.1476789386589726,II/246/out,JD,JD
2451574.5531,2451574.5531,14.831999778747559,K,69.444326,0.943463,0.14787869953059013,II/246/out,JD,JD
2451572.5639,2451572.5639,14.786999702453613,K,69.212597,0.883654,0.14851330416366224,II/246/out,JD,JD
2451572.5655,2451572.5655,11.842000007629395,K,69.294135,0.850202,0.14868173205324936,II/246/out,JD,JD
2451571.5659,2451571.5659,15.317000389099121,K,69.159351,1.016573,0.1487314873037159,II/246/out,JD,JD
2451574.5531,2451574.5531,12.54800033569336,K,69.424292,0.906524,0.14894890085961024,II/246/out,JD,JD
2451574.553,2451574.553,13.100000381469727,K,69.431083,1.082128,0.1497279410811676,II/246/out,JD,JD
2451572.5637,2451572.5637,14.692000389099121,K,69.22555,1.124981,0.15056533045324078,II/246/out,JD,JD
2451572.5655,2451572.5655,13.100000381469727,K,69.390666,0.872643,0.15098946041034778,II/246/out,JD,JD
2451572.5637,2451572.5637,15.684000015258789,K,69.279605,1.147513,0.15167549813588885,II/246/out,JD,JD
2451572.5637,2451572.5637,14.815999984741211,K,69.2697,1.145377,0.15170010933761865,II/246/out,JD,JD
2451572.5638,2451572.5638,15.050999641418457,K,69.184384,1.088552,0.1522027651022912,II/246/out,JD,JD
2451572.5639,2451572.5639,11.24899959564209,K,69.165002,0.941319,0.1529788954745948,II/246/out,JD,JD
2451572.5657,2451572.5657,14.434000015258789,K,69.316887,1.151455,0.15344709562016515,II/246/out,JD,JD
2451572.5639,2451572.5639,13.571999549865723,K,69.228657,0.864562,0.15500474330830666,II/246/out,JD,JD
2451572.5657,2451572.5657,13.618000030517578,K,69.385395,1.132167,0.1551109363464063,II/246/out,JD,JD
2451572.5657,2451572.5657,13.807000160217285,K,69.316222,1.153319,0.1552662770776124,II/246/out,JD,JD
2451572.5655,2451572.5655,12.095999717712402,K,69.380086,0.861141,0.15544455265276896,II/246/out,JD,JD
2451574.5531,2451574.5531,9.29699993133545,K,69.463781,0.996379,0.15678737693206382,II/246/out,JD,JD
2451571.5659,2451571.5659,14.937000274658203,K,69.153407,1.030739,0.1569342697604428,II/246/out,JD,JD
2451571.5659,2451571.5659,15.76200008392334,K,69.149246,0.997628,0.15771360570006931,II/246/out,JD,JD
2451571.5659,2451571.5659,15.019000053405762,K,69.156986,1.048767,0.15822681542514044,II/246/out,JD,JD
2451572.5655,2451572.5655,15.145000457763672,K,69.395353,0.866616,0.15860443359525278,II/246/out,JD,JD
2451571.5659,2451571.5659,14.604000091552734,K,69.157569,1.054187,0.159490828992617,II/246/out,JD,JD
2451571.5659,2451571.5659,14.286999702453613,K,69.156733,1.053626,0.16007937484625698,II/246/out,JD,JD
2451571.5659,2451571.5659,15.293000221252441,K,69.146871,0.994244,0.16013885555170493,II/246/out,JD,JD
2451574.5532,2451574.5532,13.906000137329102,K,69.420633,0.88536,0.16023353674503452,II/246/out,JD,JD
2451571.5659,2451571.5659,13.411999702453613,K,69.160005,1.06301,0.16055848334291767,II/246/out,JD,JD
2451572.5639,2451572.5639,15.154999732971191,K,69.239123,0.852229,0.1610853815139292,II/246/out,JD,JD
2451572.5638,2451572.5638,14.027000427246094,K,69.1643,1.075294,0.1620964930817473,II/246/out,JD,JD
2451572.5637,2451572.5637,14.798999786376953,K,69.208113,1.1268,0.16210124365508408,II/246/out,JD,JD
2451572.5639,2451572.5639,11.206999778747559,K,69.182856,0.893899,0.16219873688747452,II/246/out,JD,JD
2451572.5655,2451572.5655,14.593999862670898,K,69.395657,0.862491,0.16221227176998024,II/246/out,JD,JD
2451574.553,2451574.553,12.440999984741211,K,69.435446,1.097898,0.1625167719102073,II/246/out,JD,JD
2451574.5531,2451574.5531,10.722000122070312,K,69.436884,0.900426,0.16264889332140656,II/246/out,JD,JD
2451572.5639,2451572.5639,7.85099983215332,K,69.174834,0.903322,0.1627402216504927,II/246/out,JD,JD
2451571.5659,2451571.5659,15.196999549865723,K,69.151224,1.046247,0.1629388634764335,II/246/out,JD,JD
2451571.5658,2451571.5658,15.682000160217285,K,69.156398,0.935751,0.1630488608092431,II/246/out,JD,JD
2451574.5531,2451574.5531,15.628000259399414,K,69.445298,0.91168,0.16319879327230258,II/246/out,JD,JD
2451574.553,2451574.553,14.083000183105469,K,69.450599,1.075997,0.16325314830330243,II/246/out,JD,JD
2451572.5655,2451572.5655,15.317999839782715,K,69.362636,0.84482,0.1632826217465794,II/246/out,JD,JD
2451572.5657,2451572.5657,14.33899974822998,K,69.281586,1.160025,0.1636786725435003,II/246/out,JD,JD
2451572.5637,2451572.5637,14.954999923706055,K,69.222913,1.139215,0.16405587832702453,II/246/out,JD,JD
2451572.5639,2451572.5639,14.678000450134277,K,69.236011,0.849107,0.16523443417859845,II/246/out,JD,JD
2451571.5659,2451571.5659,14.758999824523926,K,69.142922,1.021116,0.16560984260349915,II/246/out,JD,JD
2451574.5531,2451574.5531,10.819999694824219,K,69.472034,1.014938,0.16586036143821153,II/246/out,JD,JD
2451572.5655,2451572.5655,14.435999870300293,K,69.286256,0.833659,0.16596768708268936,II/246/out,JD,JD
2451574.553,2451574.553,14.96500015258789,K,69.455072,1.073411,0.16601496552446035,II/246/out,JD,JD
2451571.5659,2451571.5659,14.029999732971191,K,69.147382,1.044877,0.16622539528151667,II/246/out,JD,JD
2451572.5637,2451572.5637,13.154000282287598,K,69.268472,1.160169,0.16635823461369623,II/246/out,JD,JD
2451572.5656,2451572.5656,5.199999809265137,B,69.306966,0.998292,3.921274006324825e-05,II/246/out,JD,JD
2451572.5656,2451572.5656,12.800000190734863,B,69.319591,0.987833,0.016403678374825287,II/246/out,JD,JD
2451572.5656,2451572.5656,18.100000381469727,B,69.29444,0.987196,0.016768161344147024,II/246/out,JD,JD
2451572.5656,2451572.5656,19.100000381469727,B,69.285627,1.007228,0.023132420475560148,II/246/out,JD,JD
2451572.5656,2451572.5656,18.700000762939453,B,69.281441,1.005489,0.026522157665648215,II/246/out,JD,JD
2451572.5656,2451572.5656,20.0,B,69.303102,1.025606,0.027552662275778444,II/246/out,JD,JD
2451572.5656,2451572.5656,16.299999237060547,B,69.335568,1.007744,0.030092769268726775,II/246/out,JD,JD
2451572.5656,2451572.5656,18.200000762939453,B,69.33813,0.987124,0.03309733038852056,II/246/out,JD,JD
2451572.5656,2451572.5656,17.799999237060547,B,69.330732,1.022162,0.033644564356933304,II/246/out,JD,JD
2451572.5656,2451572.5656,18.899999618530273,B,69.292654,0.967338,0.034140868897575005,II/246/out,JD,JD
2451572.5638,2451572.5638,18.399999618530273,B,69.276474,0.982044,0.03457775805615534,II/246/out,JD,JD
2451572.5656,2451572.5656,16.399999618530273,B,69.292119,1.030179,0.035147364851308205,II/246/out,JD,JD
2451572.5638,2451572.5638,19.0,B,69.27601,1.019294,0.03739715641510534,II/246/out,JD,JD
2451572.5657,2451572.5657,17.5,B,69.322566,1.033214,0.038207742681377846,II/246/out,JD,JD
2451572.5638,2451572.5638,18.100000381469727,B,69.271532,0.982111,0.03897833598498839,II/246/out,JD,JD
2451572.5638,2451572.5638,16.899999618530273,B,69.278216,0.971385,0.0394100512065772,II/246/out,JD,JD
2451572.5657,2451572.5657,16.799999237060547,B,69.331115,1.03074,0.040407550211154164,II/246/out,JD,JD
2451572.5656,2451572.5656,18.799999237060547,B,69.281519,0.963058,0.04349865395610664,II/246/out,JD,JD
2451572.5657,2451572.5657,15.300000190734863,B,69.32731,1.037301,0.04395460763470217,II/246/out,JD,JD
2451572.5638,2451572.5638,14.899999618530273,B,69.269445,0.973838,0.04481471110293287,II/246/out,JD,JD
2451572.5638,2451572.5638,17.799999237060547,B,69.27603,1.035371,0.04826925772413821,II/246/out,JD,JD
2451572.5638,2451572.5638,20.0,B,69.257888,1.000912,0.049154484511012696,II/246/out,JD,JD
2451572.5656,2451572.5656,18.600000381469727,B,69.325842,0.946517,0.05513581335317276,II/246/out,JD,JD
2451572.5639,2451572.5639,18.799999237060547,B,69.262689,0.963867,0.056114528070120726,II/246/out,JD,JD
2451572.5638,2451572.5638,19.5,B,69.267967,1.038902,0.05628456665128359,II/246/out,JD,JD
2451572.5657,2451572.5657,17.399999618530273,B,69.341951,1.042542,0.05636789034514498,II/246/out,JD,JD
2451572.5656,2451572.5656,19.0,B,69.360991,0.975861,0.05848817031491899,II/246/out,JD,JD
2451572.5638,2451572.5638,17.0,B,69.27803,1.049829,0.05907894641618448,II/246/out,JD,JD
2451572.5656,2451572.5656,16.299999237060547,B,69.354141,0.961768,0.059665250903609,II/246/out,JD,JD
2451572.5657,2451572.5657,18.600000381469727,B,69.297802,1.057708,0.06008537145794169,II/246/out,JD,JD
2451572.5657,2451572.5657,17.799999237060547,B,69.330495,1.053921,0.06035965153797028,II/246/out,JD,JD
2451572.5656,2451572.5656,14.0,B,69.361025,0.96893,0.061514376167490316,II/246/out,JD,JD
2451572.5638,2451572.5638,15.5,B,69.255234,1.033131,0.06235602528816981,II/246/out,JD,JD
2451572.5639,2451572.5639,16.200000762939453,B,69.252559,0.967582,0.06250035087745652,II/246/out,JD,JD
2451572.5656,2451572.5656,17.799999237060547,B,69.327543,0.938618,0.0631497912920473,II/246/out,JD,JD
2451572.5656,2451572.5656,17.200000762939453,B,69.359663,0.951416,0.07053512783912443,II/246/out,JD,JD
2451572.5656,2451572.5656,17.0,B,69.300236,0.927044,0.07160221338930231,II/246/out,JD,JD
2451572.5638,2451572.5638,18.799999237060547,B,69.246299,1.03677,0.07182662856622148,II/246/out,JD,JD
2451572.5657,2451572.5657,17.799999237060547,B,69.370026,1.036076,0.07347259057255695,II/246/out,JD,JD
2451572.5656,2451572.5656,15.600000381469727,B,69.320169,0.925167,0.07433944175353245,II/246/out,JD,JD
2451572.5656,2451572.5656,12.600000381469727,B,69.3157,0.922919,0.07591094206148251,II/246/out,JD,JD
2451572.5638,2451572.5638,16.700000762939453,B,69.249194,1.048728,0.07667179400934292,II/246/out,JD,JD
2451572.5657,2451572.5657,16.200000762939453,B,69.369133,1.045212,0.07784374106801228,II/246/out,JD,JD
2451572.5657,2451572.5657,17.299999237060547,B,69.331681,1.074268,0.0798545829244039,II/246/out,JD,JD
2451572.5656,2451572.5656,18.700000762939453,B,69.38059,1.029455,0.07990835986431896,II/246/out,JD,JD
2451572.5639,2451572.5639,20.0,B,69.26415,0.930381,0.0803170443920193,II/246/out,JD,JD
2451572.5657,2451572.5657,13.300000190734863,B,69.325282,1.079598,0.08330440776220976,II/246/out,JD,JD
2451572.5656,2451572.5656,19.700000762939453,B,69.387567,1.019737,0.08336836889126314,II/246/out,JD,JD
2451572.5656,2451572.5656,16.0,B,69.375954,0.951241,0.08350407256477874,II/246/out,JD,JD
2451572.5638,2451572.5638,18.0,B,69.269006,1.072758,0.08355571191294453,II/246/out,JD,JD
2451572.5657,2451572.5657,19.399999618530273,B,69.380133,1.041225,0.08479118719623698,II/246/out,JD,JD
2451572.5657,2451572.5657,20.0,B,69.367373,1.058651,0.08535096467944621,II/246/out,JD,JD
2451572.5656,2451572.5656,13.600000381469727,B,69.391644,1.012226,0.08578234672299791,II/246/out,JD,JD
2451572.5657,2451572.5657,18.600000381469727,B,69.337676,1.078802,0.08612728051968054,II/246/out,JD,JD
2451572.5638,2451572.5638,15.899999618530273,B,69.23715,1.049045,0.08629705653326016,II/246/out,JD,JD
2451572.5638,2451572.5638,17.299999237060547,B,69.222913,0.978546,0.08635282353161103,II/246/out,JD,JD
2451572.5656,2451572.5656,14.399999618530273,B,69.391789,0.979923,0.08676879816551873,II/246/out,JD,JD
2451572.5656,2451572.5656,18.0,B,69.39548,0.989841,0.08889076509513746,II/246/out,JD,JD
2451572.5638,2451572.5638,16.799999237060547,B,69.217428,1.009093,0.09018505257850828,II/246/out,JD,JD
2451572.5639,2451572.5639,19.399999618530273,B,69.22755,0.954068,0.09092050665560705,II/246/out,JD,JD
2451572.5639,2451572.5639,14.699999809265137,B,69.222841,0.96041,0.0922789046311563,II/246/out,JD,JD
2451572.5656,2451572.5656,17.299999237060547,B,69.399092,1.008908,0.09270163569130345,II/246/out,JD,JD
2451572.5638,2451572.5638,18.899999618530273,B,69.215253,0.982365,0.09309405676138102,II/246/out,JD,JD
2451572.5638,2451572.5638,19.700000762939453,B,69.212877,1.00911,0.09470631138787156,II/246/out,JD,JD
2451572.5657,2451572.5657,16.899999618530273,B,69.363751,1.074183,0.0947400493683348,II/246/out,JD,JD
2451572.5656,2451572.5656,17.299999237060547,B,69.369568,0.925195,0.09625130485887749,II/246/out,JD,JD
2451572.5657,2451572.5657,12.40999984741211,B,69.396706,1.03466,0.09678788114041945,II/246/out,JD,JD
2451572.5656,2451572.5656,16.200000762939453,B,69.388118,0.945312,0.09691148372223793,II/246/out,JD,JD
2451572.5656,2451572.5656,15.800000190734863,B,69.316922,0.901866,0.09697245792880484,II/246/out,JD,JD
2451572.5656,2451572.5656,17.600000381469727,B,69.401122,0.969316,0.09849576422683616,II/246/out,JD,JD
2451572.5639,2451572.5639,19.299999237060547,B,69.214384,0.964176,0.09868240536620827,II/246/out,JD,JD
2451572.5638,2451572.5638,17.100000381469727,B,69.208869,0.987551,0.0986884274107969,II/246/out,JD,JD
2451572.5656,2451572.5656,18.5,B,69.299351,0.897489,0.10112705625037607,II/246/out,JD,JD
2451572.5657,2451572.5657,15.0,B,69.33192,1.096393,0.1011853664830487,II/246/out,JD,JD
2451572.5638,2451572.5638,19.899999618530273,B,69.205509,1.014042,0.1026670648525796,II/246/out,JD,JD
2451572.5639,2451572.5639,12.029999732971191,B,69.206613,0.96677,0.10519916837823132,II/246/out,JD,JD
2451572.5657,2451572.5657,16.799999237060547,B,69.286052,1.101692,0.10546123748664878,II/246/out,JD,JD
2451572.5638,2451572.5638,16.799999237060547,B,69.24678,1.08614,0.10646153901384191,II/246/out,JD,JD
2451572.5638,2451572.5638,20.100000381469727,B,69.209918,1.042109,0.10646699730962482,II/246/out,JD,JD
2451572.5656,2451572.5656,19.899999618530273,B,69.359147,0.905436,0.10653321585631616,II/246/out,JD,JD
2451572.5656,2451572.5656,18.799999237060547,B,69.383581,0.923889,0.10680306471453326,II/246/out,JD,JD
2451572.5638,2451572.5638,20.0,B,69.198278,1.013617,0.10975733346375331,II/246/out,JD,JD
2451572.5638,2451572.5638,13.100000381469727,B,69.268281,1.101133,0.10984611893714105,II/246/out,JD,JD
2451574.5531,2451574.5531,17.399999618530273,B,69.407399,0.948932,0.11189553983484586,II/246/out,JD,JD
2451572.5638,2451572.5638,17.0,B,69.214171,1.060912,0.11192799742424246,II/246/out,JD,JD
2451572.5637,2451572.5637,19.5,B,69.279105,1.107141,0.112326193632739,II/246/out,JD,JD
2451572.5639,2451572.5639,16.600000381469727,B,69.207189,0.946231,0.11256042082593894,II/246/out,JD,JD
2451572.5655,2451572.5655,19.600000381469727,B,69.339652,0.890486,0.11268050372324201,II/246/out,JD,JD
2451572.5639,2451572.5639,15.899999618530273,B,69.276461,0.88925,0.113266260819105,II/246/out,JD,JD
2451572.5638,2451572.5638,19.399999618530273,B,69.212451,1.061992,0.11395764955838646,II/246/out,JD,JD
2451574.553,2451574.553,15.600000381469727,B,69.410393,1.046991,0.11427396031641021,II/246/out,JD,JD
2451572.5639,2451572.5639,16.600000381469727,B,69.213087,0.932009,0.11494324390774291,II/246/out,JD,JD
2451574.5531,2451574.5531,18.799999237060547,B,69.421501,1.013629,0.1155192185151047,II/246/out,JD,JD
2451574.5531,2451574.5531,17.799999237060547,B,69.4231,1.00393,0.11623537737164925,II/246/out,JD,JD
2451572.5639,2451572.5639,14.600000381469727,B,69.21012,0.932529,0.1170857035977298,II/246/out,JD,JD
2451574.553,2451574.553,18.200000762939453,B,69.407302,1.058868,0.11715791426105161,II/246/out,JD,JD
2451572.5638,2451572.5638,18.399999618530273,B,69.189738,0.996236,0.11724488196933318,II/246/out,JD,JD
2451572.5657,2451572.5657,18.899999618530273,B,69.340433,1.111613,0.11811911499959013,II/246/out,JD,JD
2451574.5531,2451574.5531,18.200000762939453,B,69.409662,0.937816,0.11917153658685135,II/246/out,JD,JD
2451574.553,2451574.553,18.5,B,69.413407,1.052764,0.1195238657602263,II/246/out,JD,JD
2451572.5656,2451572.5656,17.5,B,69.399642,0.920422,0.12104869357661494,II/246/out,JD,JD
2451572.5657,2451572.5657,19.200000762939453,B,69.355505,1.110563,0.12227192335041193,II/246/out,JD,JD
2451572.5655,2451572.5655,13.600000381469727,B,69.350787,0.883715,0.12269660871831183,II/246/out,JD,JD
2451572.5638,2451572.5638,13.699999809265137,B,69.190131,1.035936,0.12273640216185515,II/246/out,JD,JD
2451572.5638,2451572.5638,18.899999618530273,B,69.204808,1.067247,0.12323142470747175,II/246/out,JD,JD
2451574.553,2451574.553,19.799999237060547,B,69.422632,1.043913,0.12429275225634367,II/246/out,JD,JD
2451572.5657,2451572.5657,17.399999618530273,B,69.376007,1.104446,0.12658561578896946,II/246/out,JD,JD
2451572.5655,2451572.5655,18.899999618530273,B,69.355819,0.88093,0.12714817373232898,II/246/out,JD,JD
2451574.5531,2451574.5531,19.5,B,69.431541,0.964503,0.1290523736216898,II/246/out,JD,JD
2451572.5656,2451572.5656,18.5,B,69.398924,0.907438,0.12927471891798806,II/246/out,JD,JD
2451572.5639,2451572.5639,11.670000076293945,B,69.194951,0.933072,0.12963678003959153,II/246/out,JD,JD
2451572.5639,2451572.5639,13.699999809265137,B,69.257892,0.878109,0.12985276822248495,II/246/out,JD,JD
2451572.5638,2451572.5638,18.200000762939453,B,69.20386,1.079195,0.13103491312599902,II/246/out,JD,JD
2451572.5657,2451572.5657,17.600000381469727,B,69.353134,1.122512,0.1324801556195657,II/246/out,JD,JD
2451572.5639,2451572.5639,18.899999618530273,B,69.181735,0.952996,0.13318119202469014,II/246/out,JD,JD
2451572.5657,2451572.5657,18.799999237060547,B,69.376595,1.11358,0.1346380051113401,II/246/out,JD,JD
2451572.5657,2451572.5657,17.200000762939453,B,69.298174,1.132813,0.13477321683226118,II/246/out,JD,JD
2451574.5531,2451574.5531,19.200000762939453,B,69.440483,1.01711,0.1347953271504887,II/246/out,JD,JD
2451572.5657,2451572.5657,19.100000381469727,B,69.319531,1.132933,0.13518868494778238,II/246/out,JD,JD
2451572.5639,2451572.5639,17.700000762939453,B,69.198964,0.916775,0.13533471193161756,II/246/out,JD,JD
2451574.553,2451574.553,18.399999618530273,B,69.436672,1.037365,0.1354182239518054,II/246/out,JD,JD
2451572.5656,2451572.5656,14.699999809265137,B,69.396575,0.896477,0.135640333716674,II/246/out,JD,JD
2451572.5639,2451572.5639,18.299999237060547,B,69.247407,0.876343,0.1357516886363506,II/246/out,JD,JD
2451572.5639,2451572.5639,17.399999618530273,B,69.190507,0.923555,0.138396446714451,II/246/out,JD,JD
2451572.5638,2451572.5638,16.0,B,69.176079,1.043348,0.13840869830457517,II/246/out,JD,JD
2451572.5638,2451572.5638,19.399999618530273,B,69.169098,1.010917,0.13843639375973027,II/246/out,JD,JD
2451574.5531,2451574.5531,16.200000762939453,B,69.411921,0.907731,0.138625145999664,II/246/out,JD,JD
2451574.5531,2451574.5531,19.299999237060547,B,69.441499,0.962457,0.13919858346241235,II/246/out,JD,JD
2451572.5638,2451572.5638,18.200000762939453,B,69.192755,1.07948,0.14010420882343097,II/246/out,JD,JD
2451572.5639,2451572.5639,16.200000762939453,B,69.266543,0.86377,0.14050154021949404,II/246/out,JD,JD
2451574.5531,2451574.5531,15.800000190734863,B,69.443591,0.965088,0.14057535565362672,II/246/out,JD,JD
2451572.5655,2451572.5655,16.200000762939453,B,69.382072,0.879119,0.1408819933254224,II/246/out,JD,JD
2451572.5638,2451572.5638,17.0,B,69.186468,1.071871,0.1411647212360158,II/246/out,JD,JD
2451574.5531,2451574.5531,14.5,B,69.435472,0.939551,0.1412787176442118,II/246/out,JD,JD
2451572.5638,2451572.5638,17.0,B,69.174045,1.046398,0.14134127719731024,II/246/out,JD,JD
2451572.5637,2451572.5637,17.799999237060547,B,69.264597,1.133214,0.14138652138815527,II/246/out,JD,JD
2451572.5655,2451572.5655,19.700000762939453,B,69.393301,0.88584,0.14178315835590083,II/246/out,JD,JD
2451574.5531,2451574.5531,17.899999618530273,B,69.421041,0.913335,0.1422308517014372,II/246/out,JD,JD
2451572.5637,2451572.5637,15.800000190734863,B,69.254325,1.130906,0.1426491344762271,II/246/out,JD,JD
2451572.5638,2451572.5638,16.200000762939453,B,69.170211,1.039131,0.1427069984245039,II/246/out,JD,JD
2451574.5531,2451574.5531,17.799999237060547,B,69.449727,1.004647,0.14286303966236255,II/246/out,JD,JD
2451572.5655,2451572.5655,19.700000762939453,B,69.363277,0.8669,0.14297397508504206,II/246/out,JD,JD
2451572.5638,2451572.5638,14.5,B,69.1674,1.0322,0.14361175788473388,II/246/out,JD,JD
2451574.5531,2451574.5531,19.700000762939453,B,69.441217,0.946804,0.14376561130733703,II/246/out,JD,JD
2451572.5639,2451572.5639,15.899999618530273,B,69.254627,0.864378,0.14381540277901142,II/246/out,JD,JD
2451571.5659,2451571.5659,19.600000381469727,B,69.162495,0.99471,0.14451041976736997,II/246/out,JD,JD
2451572.5639,2451572.5639,14.899999618530273,B,69.224054,0.87994,0.1445367549225847,II/246/out,JD,JD
2451572.5655,2451572.5655,19.100000381469727,B,69.293046,0.854363,0.14463757185727733,II/246/out,JD,JD
2451572.5639,2451572.5639,19.200000762939453,B,69.175571,0.937818,0.14465597732709917,II/246/out,JD,JD
2451572.5637,2451572.5637,18.100000381469727,B,69.22148,1.115287,0.14487080906438277,II/246/out,JD,JD
2451572.5657,2451572.5657,18.899999618530273,B,69.32659,1.142964,0.1459587868799149,II/246/out,JD,JD
2451572.5655,2451572.5655,15.899999618530273,B,69.316271,0.851819,0.14680291128623718,II/246/out,JD,JD
2451572.5638,2451572.5638,19.0,B,69.169094,1.05049,0.14740390264503297,II/246/out,JD,JD
2451571.5659,2451571.5659,17.5,B,69.159519,1.006718,0.1476789386589726,II/246/out,JD,JD
2451572.5655,2451572.5655,13.100000381469727,B,69.294135,0.850202,0.14868173205324936,II/246/out,JD,JD
2451574.5531,2451574.5531,14.399999618530273,B,69.424292,0.906524,0.14894890085961024,II/246/out,JD,JD
2451574.553,2451574.553,14.600000381469727,B,69.431083,1.082128,0.1497279410811676,II/246/out,JD,JD
2451572.5637,2451572.5637,16.299999237060547,B,69.22555,1.124981,0.15056533045324078,II/246/out,JD,JD
2451572.5655,2451572.5655,14.699999809265137,B,69.390666,0.872643,0.15098946041034778,II/246/out,JD,JD
2451572.5637,2451572.5637,17.899999618530273,B,69.2697,1.145377,0.15170010933761865,II/246/out,JD,JD
2451572.5638,2451572.5638,17.600000381469727,B,69.184384,1.088552,0.1522027651022912,II/246/out,JD,JD
2451572.5639,2451572.5639,13.300000190734863,B,69.165002,0.941319,0.1529788954745948,II/246/out,JD,JD
2451572.5657,2451572.5657,17.700000762939453,B,69.316887,1.151455,0.15344709562016515,II/246/out,JD,JD
2451572.5639,2451572.5639,15.800000190734863,B,69.228657,0.864562,0.15500474330830666,II/246/out,JD,JD
2451572.5657,2451572.5657,16.0,B,69.385395,1.132167,0.1551109363464063,II/246/out,JD,JD
2451572.5657,2451572.5657,19.899999618530273,B,69.316222,1.153319,0.1552662770776124,II/246/out,JD,JD
2451572.5655,2451572.5655,13.5,B,69.380086,0.861141,0.15544455265276896,II/246/out,JD,JD
2451574.5531,2451574.5531,10.949999809265137,B,69.463781,0.996379,0.15678737693206382,II/246/out,JD,JD
2451571.5659,2451571.5659,19.899999618530273,B,69.153407,1.030739,0.1569342697604428,II/246/out,JD,JD
2451571.5659,2451571.5659,19.200000762939453,B,69.156986,1.048767,0.15822681542514044,II/246/out,JD,JD
2451572.5655,2451572.5655,16.5,B,69.395353,0.866616,0.15860443359525278,II/246/out,JD,JD
2451571.5659,2451571.5659,19.399999618530273,B,69.157569,1.054187,0.159490828992617,II/246/out,JD,JD
2451571.5659,2451571.5659,19.5,B,69.156733,1.053626,0.16007937484625698,II/246/out,JD,JD
2451571.5659,2451571.5659,18.0,B,69.146871,0.994244,0.16013885555170493,II/246/out,JD,JD
2451574.5532,2451574.5532,15.600000381469727,B,69.420633,0.88536,0.16023353674503452,II/246/out,JD,JD
2451571.5659,2451571.5659,15.5,B,69.160005,1.06301,0.16055848334291767,II/246/out,JD,JD
2451572.5639,2451572.5639,16.799999237060547,B,69.239123,0.852229,0.1610853815139292,II/246/out,JD,JD
2451572.5638,2451572.5638,15.800000190734863,B,69.1643,1.075294,0.1620964930817473,II/246/out,JD,JD
2451572.5637,2451572.5637,19.799999237060547,B,69.208113,1.1268,0.16210124365508408,II/246/out,JD,JD
2451572.5639,2451572.5639,13.5,B,69.182856,0.893899,0.16219873688747452,II/246/out,JD,JD
2451572.5655,2451572.5655,16.5,B,69.395657,0.862491,0.16221227176998024,II/246/out,JD,JD
2451574.553,2451574.553,13.899999618530273,B,69.435446,1.097898,0.1625167719102073,II/246/out,JD,JD
2451574.5531,2451574.5531,13.699999809265137,B,69.436884,0.900426,0.16264889332140656,II/246/out,JD,JD
2451572.5639,2451572.5639,9.550000190734863,B,69.174834,0.903322,0.1627402216504927,II/246/out,JD,JD
2451571.5658,2451571.5658,18.399999618530273,B,69.156398,0.935751,0.1630488608092431,II/246/out,JD,JD
2451574.553,2451574.553,15.199999809265137,B,69.450599,1.075997,0.16325314830330243,II/246/out,JD,JD
2451572.5657,2451572.5657,19.200000762939453,B,69.281586,1.160025,0.1636786725435003,II/246/out,JD,JD
2451572.5637,2451572.5637,18.799999237060547,B,69.222913,1.139215,0.16405587832702453,II/246/out,JD,JD
2451572.5639,2451572.5639,16.299999237060547,B,69.236011,0.849107,0.16523443417859845,II/246/out,JD,JD
2451571.5659,2451571.5659,18.600000381469727,B,69.142922,1.021116,0.16560984260349915,II/246/out,JD,JD
2451574.5531,2451574.5531,12.680000305175781,B,69.472034,1.014938,0.16586036143821153,II/246/out,JD,JD
2451572.5655,2451572.5655,18.399999618530273,B,69.286256,0.833659,0.16596768708268936,II/246/out,JD,JD
2451574.553,2451574.553,19.700000762939453,B,69.455072,1.073411,0.16601496552446035,II/246/out,JD,JD
2451571.5659,2451571.5659,16.5,B,69.147382,1.044877,0.16622539528151667,II/246/out,JD,JD
2451572.5637,2451572.5637,17.600000381469727,B,69.268472,1.160169,0.16635823461369623,II/246/out,JD,JD
2451572.5656,2451572.5656,5.309999942779541,R,69.306966,0.998292,3.921274006324825e-05,II/246/out,JD,JD
2451572.5656,2451572.5656,17.600000381469727,R,69.319591,0.987833,0.016403678374825287,II/246/out,JD,JD
2451572.5656,2451572.5656,16.299999237060547,R,69.29444,0.987196,0.016768161344147024,II/246/out,JD,JD
2451572.5656,2451572.5656,17.399999618530273,R,69.285627,1.007228,0.023132420475560148,II/246/out,JD,JD
2451572.5656,2451572.5656,16.799999237060547,R,69.281441,1.005489,0.026522157665648215,II/246/out,JD,JD
2451572.5656,2451572.5656,17.5,R,69.303102,1.025606,0.027552662275778444,II/246/out,JD,JD
2451572.5656,2451572.5656,14.399999618530273,R,69.335568,1.007744,0.030092769268726775,II/246/out,JD,JD
2451572.5656,2451572.5656,16.600000381469727,R,69.33813,0.987124,0.03309733038852056,II/246/out,JD,JD
2451572.5656,2451572.5656,16.299999237060547,R,69.330732,1.022162,0.033644564356933304,II/246/out,JD,JD
2451572.5656,2451572.5656,17.200000762939453,R,69.292654,0.967338,0.034140868897575005,II/246/out,JD,JD
2451572.5638,2451572.5638,16.299999237060547,R,69.276474,0.982044,0.03457775805615534,II/246/out,JD,JD
2451572.5656,2451572.5656,14.899999618530273,R,69.292119,1.030179,0.035147364851308205,II/246/out,JD,JD
2451572.5638,2451572.5638,16.700000762939453,R,69.27601,1.019294,0.03739715641510534,II/246/out,JD,JD
2451572.5657,2451572.5657,15.899999618530273,R,69.322566,1.033214,0.038207742681377846,II/246/out,JD,JD
2451572.5638,2451572.5638,15.699999809265137,R,69.271532,0.982111,0.03897833598498839,II/246/out,JD,JD
2451572.5638,2451572.5638,15.300000190734863,R,69.278216,0.971385,0.0394100512065772,II/246/out,JD,JD
2451572.5657,2451572.5657,15.800000190734863,R,69.331115,1.03074,0.040407550211154164,II/246/out,JD,JD
2451572.5656,2451572.5656,17.200000762939453,R,69.281519,0.963058,0.04349865395610664,II/246/out,JD,JD
2451572.5657,2451572.5657,14.0,R,69.32731,1.037301,0.04395460763470217,II/246/out,JD,JD
2451572.5638,2451572.5638,14.100000381469727,R,69.269445,0.973838,0.04481471110293287,II/246/out,JD,JD
2451572.5638,2451572.5638,16.700000762939453,R,69.27603,1.035371,0.04826925772413821,II/246/out,JD,JD
2451572.5638,2451572.5638,18.0,R,69.257888,1.000912,0.049154484511012696,II/246/out,JD,JD
2451572.5656,2451572.5656,16.299999237060547,R,69.325842,0.946517,0.05513581335317276,II/246/out,JD,JD
2451572.5639,2451572.5639,16.700000762939453,R,69.262689,0.963867,0.056114528070120726,II/246/out,JD,JD
2451572.5638,2451572.5638,18.0,R,69.267967,1.038902,0.05628456665128359,II/246/out,JD,JD
2451572.5657,2451572.5657,16.700000762939453,R,69.341951,1.042542,0.05636789034514498,II/246/out,JD,JD
2451572.5656,2451572.5656,17.200000762939453,R,69.360991,0.975861,0.05848817031491899,II/246/out,JD,JD
2451572.5638,2451572.5638,16.5,R,69.27803,1.049829,0.05907894641618448,II/246/out,JD,JD
2451572.5656,2451572.5656,15.800000190734863,R,69.354141,0.961768,0.059665250903609,II/246/out,JD,JD
2451572.5657,2451572.5657,16.700000762939453,R,69.297802,1.057708,0.06008537145794169,II/246/out,JD,JD
2451572.5657,2451572.5657,16.700000762939453,R,69.330495,1.053921,0.06035965153797028,II/246/out,JD,JD
2451572.5656,2451572.5656,12.800000190734863,R,69.361025,0.96893,0.061514376167490316,II/246/out,JD,JD
2451572.5638,2451572.5638,14.199999809265137,R,69.255234,1.033131,0.06235602528816981,II/246/out,JD,JD
2451572.5639,2451572.5639,15.699999809265137,R,69.252559,0.967582,0.06250035087745652,II/246/out,JD,JD
2451572.5656,2451572.5656,17.399999618530273,R,69.327543,0.938618,0.0631497912920473,II/246/out,JD,JD
2451572.5656,2451572.5656,15.899999618530273,R,69.359663,0.951416,0.07053512783912443,II/246/out,JD,JD
2451572.5656,2451572.5656,15.300000190734863,R,69.300236,0.927044,0.07160221338930231,II/246/out,JD,JD
2451572.5638,2451572.5638,18.0,R,69.246299,1.03677,0.07182662856622148,II/246/out,JD,JD
2451572.5657,2451572.5657,17.600000381469727,R,69.370026,1.036076,0.07347259057255695,II/246/out,JD,JD
2451572.5656,2451572.5656,15.699999809265137,R,69.320169,0.925167,0.07433944175353245,II/246/out,JD,JD
2451572.5656,2451572.5656,11.699999809265137,R,69.3157,0.922919,0.07591094206148251,II/246/out,JD,JD
2451572.5638,2451572.5638,16.799999237060547,R,69.249194,1.048728,0.07667179400934292,II/246/out,JD,JD
2451572.5657,2451572.5657,15.399999618530273,R,69.369133,1.045212,0.07784374106801228,II/246/out,JD,JD
2451572.5657,2451572.5657,16.100000381469727,R,69.331681,1.074268,0.0798545829244039,II/246/out,JD,JD
2451572.5656,2451572.5656,17.5,R,69.38059,1.029455,0.07990835986431896,II/246/out,JD,JD
2451572.5639,2451572.5639,17.600000381469727,R,69.26415,0.930381,0.0803170443920193,II/246/out,JD,JD
2451572.5657,2451572.5657,12.399999618530273,R,69.325282,1.079598,0.08330440776220976,II/246/out,JD,JD
2451572.5656,2451572.5656,18.100000381469727,R,69.387567,1.019737,0.08336836889126314,II/246/out,JD,JD
2451572.5656,2451572.5656,15.699999809265137,R,69.375954,0.951241,0.08350407256477874,II/246/out,JD,JD
2451572.5638,2451572.5638,16.600000381469727,R,69.269006,1.072758,0.08355571191294453,II/246/out,JD,JD
2451572.5657,2451572.5657,18.0,R,69.380133,1.041225,0.08479118719623698,II/246/out,JD,JD
2451572.5657,2451572.5657,17.600000381469727,R,69.367373,1.058651,0.08535096467944621,II/246/out,JD,JD
2451572.5656,2451572.5656,13.100000381469727,R,69.391644,1.012226,0.08578234672299791,II/246/out,JD,JD
2451572.5657,2451572.5657,16.899999618530273,R,69.337676,1.078802,0.08612728051968054,II/246/out,JD,JD
2451572.5638,2451572.5638,15.300000190734863,R,69.23715,1.049045,0.08629705653326016,II/246/out,JD,JD
2451572.5638,2451572.5638,16.899999618530273,R,69.222913,0.978546,0.08635282353161103,II/246/out,JD,JD
2451572.5656,2451572.5656,13.800000190734863,R,69.391789,0.979923,0.08676879816551873,II/246/out,JD,JD
2451572.5656,2451572.5656,15.899999618530273,R,69.39548,0.989841,0.08889076509513746,II/246/out,JD,JD
2451572.5638,2451572.5638,16.399999618530273,R,69.217428,1.009093,0.09018505257850828,II/246/out,JD,JD
2451572.5639,2451572.5639,17.799999237060547,R,69.22755,0.954068,0.09092050665560705,II/246/out,JD,JD
2451572.5639,2451572.5639,14.0,R,69.222841,0.96041,0.0922789046311563,II/246/out,JD,JD
2451572.5656,2451572.5656,16.299999237060547,R,69.399092,1.008908,0.09270163569130345,II/246/out,JD,JD
2451572.5638,2451572.5638,16.700000762939453,R,69.215253,0.982365,0.09309405676138102,II/246/out,JD,JD
2451572.5638,2451572.5638,18.5,R,69.212877,1.00911,0.09470631138787156,II/246/out,JD,JD
2451572.5657,2451572.5657,16.399999618530273,R,69.363751,1.074183,0.0947400493683348,II/246/out,JD,JD
2451572.5656,2451572.5656,15.699999809265137,R,69.369568,0.925195,0.09625130485887749,II/246/out,JD,JD
2451572.5657,2451572.5657,11.6899995803833,R,69.396706,1.03466,0.09678788114041945,II/246/out,JD,JD
2451572.5656,2451572.5656,15.5,R,69.388118,0.945312,0.09691148372223793,II/246/out,JD,JD
2451572.5656,2451572.5656,15.300000190734863,R,69.316922,0.901866,0.09697245792880484,II/246/out,JD,JD
2451572.5656,2451572.5656,15.800000190734863,R,69.401122,0.969316,0.09849576422683616,II/246/out,JD,JD
2451572.5639,2451572.5639,17.700000762939453,R,69.214384,0.964176,0.09868240536620827,II/246/out,JD,JD
2451572.5638,2451572.5638,16.299999237060547,R,69.208869,0.987551,0.0986884274107969,II/246/out,JD,JD
2451572.5656,2451572.5656,17.100000381469727,R,69.299351,0.897489,0.10112705625037607,II/246/out,JD,JD
2451572.5657,2451572.5657,14.699999809265137,R,69.33192,1.096393,0.1011853664830487,II/246/out,JD,JD
2451572.5638,2451572.5638,18.200000762939453,R,69.205509,1.014042,0.1026670648525796,II/246/out,JD,JD
2451572.5639,2451572.5639,10.869999885559082,R,69.206613,0.96677,0.10519916837823132,II/246/out,JD,JD
2451572.5657,2451572.5657,15.800000190734863,R,69.286052,1.101692,0.10546123748664878,II/246/out,JD,JD
2451572.5638,2451572.5638,16.100000381469727,R,69.24678,1.08614,0.10646153901384191,II/246/out,JD,JD
2451572.5638,2451572.5638,18.700000762939453,R,69.209918,1.042109,0.10646699730962482,II/246/out,JD,JD
2451572.5656,2451572.5656,18.399999618530273,R,69.359147,0.905436,0.10653321585631616,II/246/out,JD,JD
2451572.5656,2451572.5656,17.399999618530273,R,69.383581,0.923889,0.10680306471453326,II/246/out,JD,JD
2451572.5638,2451572.5638,18.299999237060547,R,69.198278,1.013617,0.10975733346375331,II/246/out,JD,JD
2451572.5638,2451572.5638,11.699999809265137,R,69.268281,1.101133,0.10984611893714105,II/246/out,JD,JD
2451574.5531,2451574.5531,17.0,R,69.407399,0.948932,0.11189553983484586,II/246/out,JD,JD
2451572.5638,2451572.5638,16.799999237060547,R,69.214171,1.060912,0.11192799742424246,II/246/out,JD,JD
2451572.5637,2451572.5637,18.0,R,69.279105,1.107141,0.112326193632739,II/246/out,JD,JD
2451572.5639,2451572.5639,15.899999618530273,R,69.207189,0.946231,0.11256042082593894,II/246/out,JD,JD
2451572.5655,2451572.5655,18.5,R,69.339652,0.890486,0.11268050372324201,II/246/out,JD,JD
2451572.5639,2451572.5639,14.0,R,69.276461,0.88925,0.113266260819105,II/246/out,JD,JD
2451572.5638,2451572.5638,18.0,R,69.212451,1.061992,0.11395764955838646,II/246/out,JD,JD
2451574.553,2451574.553,15.399999618530273,R,69.410393,1.046991,0.11427396031641021,II/246/out,JD,JD
2451572.5639,2451572.5639,16.299999237060547,R,69.213087,0.932009,0.11494324390774291,II/246/out,JD,JD
2451574.5531,2451574.5531,17.200000762939453,R,69.421501,1.013629,0.1155192185151047,II/246/out,JD,JD
2451574.5531,2451574.5531,16.100000381469727,R,69.4231,1.00393,0.11623537737164925,II/246/out,JD,JD
2451572.5639,2451572.5639,13.5,R,69.21012,0.932529,0.1170857035977298,II/246/out,JD,JD
2451574.553,2451574.553,16.5,R,69.407302,1.058868,0.11715791426105161,II/246/out,JD,JD
2451572.5638,2451572.5638,17.5,R,69.189738,0.996236,0.11724488196933318,II/246/out,JD,JD
2451572.5657,2451572.5657,17.600000381469727,R,69.340433,1.111613,0.11811911499959013,II/246/out,JD,JD
2451574.5531,2451574.5531,16.5,R,69.409662,0.937816,0.11917153658685135,II/246/out,JD,JD
2451574.553,2451574.553,17.100000381469727,R,69.413407,1.052764,0.1195238657602263,II/246/out,JD,JD
2451572.5656,2451572.5656,16.5,R,69.399642,0.920422,0.12104869357661494,II/246/out,JD,JD
2451572.5657,2451572.5657,17.600000381469727,R,69.355505,1.110563,0.12227192335041193,II/246/out,JD,JD
2451572.5655,2451572.5655,13.5,R,69.350787,0.883715,0.12269660871831183,II/246/out,JD,JD
2451572.5638,2451572.5638,13.5,R,69.190131,1.035936,0.12273640216185515,II/246/out,JD,JD
2451572.5638,2451572.5638,16.799999237060547,R,69.204808,1.067247,0.12323142470747175,II/246/out,JD,JD
2451574.553,2451574.553,18.600000381469727,R,69.422632,1.043913,0.12429275225634367,II/246/out,JD,JD
2451572.5657,2451572.5657,16.299999237060547,R,69.376007,1.104446,0.12658561578896946,II/246/out,JD,JD
2451572.5655,2451572.5655,17.299999237060547,R,69.355819,0.88093,0.12714817373232898,II/246/out,JD,JD
2451574.5531,2451574.5531,17.799999237060547,R,69.431541,0.964503,0.1290523736216898,II/246/out,JD,JD
2451572.5656,2451572.5656,17.0,R,69.398924,0.907438,0.12927471891798806,II/246/out,JD,JD
2451572.5639,2451572.5639,11.489999771118164,R,69.194951,0.933072,0.12963678003959153,II/246/out,JD,JD
2451572.5639,2451572.5639,13.5,R,69.257892,0.878109,0.12985276822248495,II/246/out,JD,JD
2451572.5638,2451572.5638,17.100000381469727,R,69.20386,1.079195,0.13103491312599902,II/246/out,JD,JD
2451572.5657,2451572.5657,15.899999618530273,R,69.353134,1.122512,0.1324801556195657,II/246/out,JD,JD
2451572.5639,2451572.5639,17.200000762939453,R,69.181735,0.952996,0.13318119202469014,II/246/out,JD,JD
2451572.5657,2451572.5657,17.600000381469727,R,69.376595,1.11358,0.1346380051113401,II/246/out,JD,JD
2451572.5657,2451572.5657,16.600000381469727,R,69.298174,1.132813,0.13477321683226118,II/246/out,JD,JD
2451574.5531,2451574.5531,16.799999237060547,R,69.440483,1.01711,0.1347953271504887,II/246/out,JD,JD
2451572.5657,2451572.5657,17.399999618530273,R,69.319531,1.132933,0.13518868494778238,II/246/out,JD,JD
2451572.5639,2451572.5639,17.0,R,69.198964,0.916775,0.13533471193161756,II/246/out,JD,JD
2451574.553,2451574.553,17.200000762939453,R,69.436672,1.037365,0.1354182239518054,II/246/out,JD,JD
2451572.5656,2451572.5656,14.399999618530273,R,69.396575,0.896477,0.135640333716674,II/246/out,JD,JD
2451572.5639,2451572.5639,17.299999237060547,R,69.247407,0.876343,0.1357516886363506,II/246/out,JD,JD
2451572.5639,2451572.5639,16.799999237060547,R,69.190507,0.923555,0.138396446714451,II/246/out,JD,JD
2451572.5638,2451572.5638,15.600000381469727,R,69.176079,1.043348,0.13840869830457517,II/246/out,JD,JD
2451572.5638,2451572.5638,17.799999237060547,R,69.169098,1.010917,0.13843639375973027,II/246/out,JD,JD
2451574.5531,2451574.5531,15.399999618530273,R,69.411921,0.907731,0.138625145999664,II/246/out,JD,JD
2451574.5531,2451574.5531,17.299999237060547,R,69.441499,0.962457,0.13919858346241235,II/246/out,JD,JD
2451572.5638,2451572.5638,16.700000762939453,R,69.192755,1.07948,0.14010420882343097,II/246/out,JD,JD
2451572.5639,2451572.5639,15.699999809265137,R,69.266543,0.86377,0.14050154021949404,II/246/out,JD,JD
2451574.5531,2451574.5531,15.699999809265137,R,69.443591,0.965088,0.14057535565362672,II/246/out,JD,JD
2451572.5655,2451572.5655,16.5,R,69.382072,0.879119,0.1408819933254224,II/246/out,JD,JD
2451572.5638,2451572.5638,16.0,R,69.186468,1.071871,0.1411647212360158,II/246/out,JD,JD
2451574.5531,2451574.5531,14.199999809265137,R,69.435472,0.939551,0.1412787176442118,II/246/out,JD,JD
2451572.5638,2451572.5638,15.399999618530273,R,69.174045,1.046398,0.14134127719731024,II/246/out,JD,JD
2451572.5637,2451572.5637,16.200000762939453,R,69.264597,1.133214,0.14138652138815527,II/246/out,JD,JD
2451572.5655,2451572.5655,18.0,R,69.393301,0.88584,0.14178315835590083,II/246/out,JD,JD
2451574.5531,2451574.5531,16.0,R,69.421041,0.913335,0.1422308517014372,II/246/out,JD,JD
2451572.5637,2451572.5637,15.800000190734863,R,69.254325,1.130906,0.1426491344762271,II/246/out,JD,JD
2451572.5638,2451572.5638,15.5,R,69.170211,1.039131,0.1427069984245039,II/246/out,JD,JD
2451574.5531,2451574.5531,16.299999237060547,R,69.449727,1.004647,0.14286303966236255,II/246/out,JD,JD
2451572.5655,2451572.5655,18.700000762939453,R,69.363277,0.8669,0.14297397508504206,II/246/out,JD,JD
2451572.5638,2451572.5638,14.100000381469727,R,69.1674,1.0322,0.14361175788473388,II/246/out,JD,JD
2451574.5531,2451574.5531,18.899999618530273,R,69.441217,0.946804,0.14376561130733703,II/246/out,JD,JD
2451572.5639,2451572.5639,15.800000190734863,R,69.254627,0.864378,0.14381540277901142,II/246/out,JD,JD
2451571.5659,2451571.5659,18.200000762939453,R,69.162495,0.99471,0.14451041976736997,II/246/out,JD,JD
2451572.5639,2451572.5639,14.899999618530273,R,69.224054,0.87994,0.1445367549225847,II/246/out,JD,JD
2451572.5655,2451572.5655,18.0,R,69.293046,0.854363,0.14463757185727733,II/246/out,JD,JD
2451572.5639,2451572.5639,17.299999237060547,R,69.175571,0.937818,0.14465597732709917,II/246/out,JD,JD
2451572.5637,2451572.5637,16.799999237060547,R,69.22148,1.115287,0.14487080906438277,II/246/out,JD,JD
2451572.5657,2451572.5657,17.100000381469727,R,69.32659,1.142964,0.1459587868799149,II/246/out,JD,JD
2451572.5655,2451572.5655,15.399999618530273,R,69.316271,0.851819,0.14680291128623718,II/246/out,JD,JD
2451572.5638,2451572.5638,18.200000762939453,R,69.169094,1.05049,0.14740390264503297,II/246/out,JD,JD
2451571.5659,2451571.5659,17.600000381469727,R,69.159519,1.006718,0.1476789386589726,II/246/out,JD,JD
2451572.5655,2451572.5655,13.100000381469727,R,69.294135,0.850202,0.14868173205324936,II/246/out,JD,JD
2451574.5531,2451574.5531,14.0,R,69.424292,0.906524,0.14894890085961024,II/246/out,JD,JD
2451574.553,2451574.553,14.5,R,69.431083,1.082128,0.1497279410811676,II/246/out,JD,JD
2451572.5637,2451572.5637,15.800000190734863,R,69.22555,1.124981,0.15056533045324078,II/246/out,JD,JD
2451572.5655,2451572.5655,14.5,R,69.390666,0.872643,0.15098946041034778,II/246/out,JD,JD
2451572.5637,2451572.5637,16.700000762939453,R,69.2697,1.145377,0.15170010933761865,II/246/out,JD,JD
2451572.5638,2451572.5638,16.600000381469727,R,69.184384,1.088552,0.1522027651022912,II/246/out,JD,JD
2451572.5639,2451572.5639,12.800000190734863,R,69.165002,0.941319,0.1529788954745948,II/246/out,JD,JD
2451572.5657,2451572.5657,16.700000762939453,R,69.316887,1.151455,0.15344709562016515,II/246/out,JD,JD
2451572.5639,2451572.5639,15.300000190734863,R,69.228657,0.864562,0.15500474330830666,II/246/out,JD,JD
2451572.5657,2451572.5657,15.300000190734863,R,69.385395,1.132167,0.1551109363464063,II/246/out,JD,JD
2451572.5657,2451572.5657,17.899999618530273,R,69.316222,1.153319,0.1552662770776124,II/246/out,JD,JD
2451572.5655,2451572.5655,13.800000190734863,R,69.380086,0.861141,0.15544455265276896,II/246/out,JD,JD
2451574.5531,2451574.5531,10.5,R,69.463781,0.996379,0.15678737693206382,II/246/out,JD,JD
2451571.5659,2451571.5659,18.200000762939453,R,69.153407,1.030739,0.1569342697604428,II/246/out,JD,JD
2451571.5659,2451571.5659,18.299999237060547,R,69.156986,1.048767,0.15822681542514044,II/246/out,JD,JD
2451572.5655,2451572.5655,16.399999618530273,R,69.395353,0.866616,0.15860443359525278,II/246/out,JD,JD
2451571.5659,2451571.5659,17.299999237060547,R,69.157569,1.054187,0.159490828992617,II/246/out,JD,JD
2451571.5659,2451571.5659,17.100000381469727,R,69.156733,1.053626,0.16007937484625698,II/246/out,JD,JD
2451571.5659,2451571.5659,17.200000762939453,R,69.146871,0.994244,0.16013885555170493,II/246/out,JD,JD
2451574.5532,2451574.5532,15.300000190734863,R,69.420633,0.88536,0.16023353674503452,II/246/out,JD,JD
2451571.5659,2451571.5659,14.899999618530273,R,69.160005,1.06301,0.16055848334291767,II/246/out,JD,JD
2451572.5639,2451572.5639,16.700000762939453,R,69.239123,0.852229,0.1610853815139292,II/246/out,JD,JD
2451572.5638,2451572.5638,15.300000190734863,R,69.1643,1.075294,0.1620964930817473,II/246/out,JD,JD
2451572.5637,2451572.5637,18.0,R,69.208113,1.1268,0.16210124365508408,II/246/out,JD,JD
2451572.5639,2451572.5639,13.0,R,69.182856,0.893899,0.16219873688747452,II/246/out,JD,JD
2451572.5655,2451572.5655,16.200000762939453,R,69.395657,0.862491,0.16221227176998024,II/246/out,JD,JD
2451574.553,2451574.553,11.800000190734863,R,69.435446,1.097898,0.1625167719102073,II/246/out,JD,JD
2451574.5531,2451574.5531,12.699999809265137,R,69.436884,0.900426,0.16264889332140656,II/246/out,JD,JD
2451572.5639,2451572.5639,9.020000457763672,R,69.174834,0.903322,0.1627402216504927,II/246/out,JD,JD
2451571.5658,2451571.5658,17.700000762939453,R,69.156398,0.935751,0.1630488608092431,II/246/out,JD,JD
2451574.553,2451574.553,15.100000381469727,R,69.450599,1.075997,0.16325314830330243,II/246/out,JD,JD
2451572.5657,2451572.5657,17.0,R,69.281586,1.160025,0.1636786725435003,II/246/out,JD,JD
2451572.5637,2451572.5637,17.600000381469727,R,69.222913,1.139215,0.16405587832702453,II/246/out,JD,JD
2451572.5639,2451572.5639,16.100000381469727,R,69.236011,0.849107,0.16523443417859845,II/246/out,JD,JD
2451571.5659,2451571.5659,17.100000381469727,R,69.142922,1.021116,0.16560984260349915,II/246/out,JD,JD
2451574.5531,2451574.5531,11.510000228881836,R,69.472034,1.014938,0.16586036143821153,II/246/out,JD,JD
2451572.5655,2451572.5655,16.200000762939453,R,69.286256,0.833659,0.16596768708268936,II/246/out,JD,JD
2451574.553,2451574.553,18.5,R,69.455072,1.073411,0.16601496552446035,II/246/out,JD,JD
2451571.5659,2451571.5659,15.5,R,69.147382,1.044877,0.16622539528151667,II/246/out,JD,JD
2451572.5637,2451572.5637,16.200000762939453,R,69.268472,1.160169,0.16635823461369623,II/246/out,JD,JD
