#,target,auid,jd,mag,uncertainty,fainterthan,band,type,observer,airmass,transformed
1,R LEO,000-BBQ-798,2458136.72446,8.911,0.003,False,Johnson V,CCD,SDI,1.247,False
2,R LEO,000-BBQ-798,2458140.412,8.765,0.026,False,Johnson V,DSLR,BMAI,,True
3,R LEO,000-BBQ-798,2458174.3159,7.514,0.029,False,Johnson V,DSLR,VOL,1.589,True
4,R LEO,000-BBQ-798,2458175.4020,7.475,0.027,False,Johnson V,DSLR,VOL,1.266,True
5,R LEO,000-BBQ-798,2458175.56472,7.474,.015,False,Johnson V,DSLR,FRL,1.70,True
6,R LEO,000-BBQ-798,2458186.3212,6.461,0.008,False,Johnson V,DSLR,VOL,1.389,True
7,R LEO,000-BBQ-798,2458186.3231,6.466,0.015,False,Johnson V,DSLR,VOL,1.381,True
8,R LEO,000-BBQ-798,2458191.3568,5.832,0.014,False,Johnson V,DSLR,VOL,1.268,True
9,R LEO,000-BBQ-798,2458191.3579,5.803,0.016,False,Johnson V,DSLR,VOL,1.267,True
10,R LEO,000-BBQ-798,2458199.2700,5.280,0.010,False,Johnson V,DSLR,VOL,1.457,True
11,R LEO,000-BBQ-798,2458199.325,5.603,0.09,False,Johnson V,CCD,TUB,"1,18",False
12,R LEO,000-BBQ-798,2458200.29444,5.262,0.05,False,Johnson V,CCD,TUB,"1,18",False
13,R LEO,000-BBQ-798,2458202.2844,5.207,0.010,False,Johnson V,DSLR,VOL,1.364,True
14,R LEO,000-BBQ-798,2458203.2998,5.172,0.013,False,Johnson V,DSLR,VOL,1.312,True
15,R LEO,000-BBQ-798,2458211.2964,5.216,0.006,False,Johnson V,DSLR,VOL,1.276,True
16,R LEO,000-BBQ-798,2458215.29166,5.33,0.07,False,Johnson V,CCD,TUB,"1,18",False
17,R LEO,000-BBQ-798,2458215.3319,5.304,0.020,False,Johnson V,DSLR,VOL,1.252,True
18,R LEO,000-BBQ-798,2458216.3295,5.301,0.020,False,Johnson V,DSLR,VOL,1.252,True
19,R LEO,000-BBQ-798,2458221.3171,5.502,0.010,False,Johnson V,DSLR,VOL,1.253,True
20,R LEO,000-BBQ-798,2458222.30625,5.468,0.06,False,Johnson V,CCD,TUB,"1,18",False
21,R LEO,000-BBQ-798,2458223.645775,5.564,0.01,False,Johnson V,CCD,GDJA,,False
22,R LEO,000-BBQ-798,2458226.364,6.23,,False,Johnson V,CCD,BOA,,False
23,R LEO,000-BBQ-798,2458227.3041,5.721,0.013,False,Johnson V,DSLR,VOL,1.255,True
24,R LEO,000-BBQ-798,2458227.3125,5.649,0.07,False,Johnson V,CCD,TUB,"1,18",False
25,R LEO,000-BBQ-798,2458227.361,6.22,,False,Johnson V,CCD,BOA,,False
26,R LEO,000-BBQ-798,2458229.3,5.632,0.13,False,Johnson V,CCD,TUB,"1,16",False
27,R LEO,000-BBQ-798,2458229.3094,5.793,0.009,False,Johnson V,DSLR,VOL,1.264,True
28,R LEO,000-BBQ-798,2458230.630278,5.824,0.01,False,Johnson V,DSLR,GDJA,,False
29,R LEO,000-BBQ-798,2458235.3074,6.030,0.012,False,Johnson V,DSLR,VOL,1.284,True
30,R LEO,000-BBQ-798,2458236.32638,5.737,0.07,False,Johnson V,CCD,TUB,"1,18",False
31,R LEO,000-BBQ-798,2458237.09722,6.4,,False,Johnson V,CCD,TYGA,,False
32,R LEO,000-BBQ-798,2458239.3288,6.148,0.014,False,Johnson V,DSLR,VOL,1.366,True
33,R LEO,000-BBQ-798,2458239.56813,6.151,.037,False,Johnson V,DSLR,FRL,1.21,True
34,R LEO,000-BBQ-798,2458242.32777,6.198,0.12,False,Johnson V,CCD,TUB,"1,18",False
35,R LEO,000-BBQ-798,2458244.32777,6.298,0.05,False,Johnson V,CCD,TUB,"1,18",False
36,R LEO,000-BBQ-798,2458244.3289,6.278,0.014,False,Johnson V,DSLR,VOL,1.418,True
37,R LEO,000-BBQ-798,2458245.33333,6.143,0.04,False,Johnson V,CCD,TUB,"1,18",False
38,R Leo,000-BBQ-798,2458247.5243,6.210,0.105,False,Johnson V,DSLR,SHS,1.296,True
39,R_LEO,000-BBQ-798,2458248.84788,7.577,0.007,False,Johnson B,CCD,SFRA,1.544,False
40,R_LEO,000-BBQ-798,2458248.84867,6.287,0.006,False,Johnson V,CCD,SFRA,1.552,False
41,R LEO,000-BBQ-798,2458250.33055,6.185,0.08,False,Johnson V,CCD,TUB,"2,56",False
42,R LEO,000-BBQ-798,2458252.3366,6.444,0.018,False,Johnson V,DSLR,VOL,1.581,True
43,R LEO,000-BBQ-798,2458252.651319,6.385,0.01,False,Johnson V,CCD,GDJA,,False
44,R LEO,000-BBQ-798,2458253.50208,6.522,0.15,False,Johnson V,CCD,TUB,"4,00",False
45,R_LEO,000-BBQ-798,2458253.83479,7.748,0.009,False,Johnson B,CCD,SFRA,1.554,False
46,R_LEO,000-BBQ-798,2458253.83558,6.426,0.008,False,Johnson V,CCD,SFRA,1.562,False
47,R LEO,000-BBQ-798,2458255.59293,8.135,0.198,False,Johnson B,CCD,TRE,1.334,True
48,R LEO,000-BBQ-798,2458255.59331,6.517,0.127,False,Johnson V,CCD,TRE,1.336,True
49,R Leo,000-BBQ-798,2458257.5472,6.412,0.057,False,Johnson V,DSLR,SHS,1.536,True
50,R LEO,000-BBQ-798,2458259.3832,6.532,0.037,False,Johnson V,DSLR,VOL,2.405,True
51,R LEO,000-BBQ-798,2458259.3851,6.607,0.040,False,Johnson V,DSLR,VOL,2.448,True
52,R LEO,000-BBQ-798,2458261.59683,8.279,0.206,False,Johnson B,CCD,TRE,1.444,True
53,R LEO,000-BBQ-798,2458261.59726,6.606,0.132,False,Johnson V,CCD,TRE,1.446,True
54,R LEO,000-BBQ-798,2458263.64156,6.651,0.131,False,Johnson V,CCD,TRE,1.938,True
55,R LEO,000-BBQ-798,2458263.64156,6.667,0.002,False,Johnson V,CCD,TRE,1.919,False
56,R LEO,000-BBQ-798,2458263.64411,8.310,0.204,False,Johnson B,CCD,TRE,1.977,True
57,R LEO,000-BBQ-798,2458263.64411,7.976,0.002,False,Johnson B,CCD,TRE,,False
58,R LEO,000-BBQ-798,2458265.61388,8.023,0.002,False,Johnson B,CCD,TRE,1.656,False
59,R LEO,000-BBQ-798,2458265.61388,8.360,0.205,False,Johnson B,CCD,TRE,1.667,True
60,R LEO,000-BBQ-798,2458265.61480,6.704,0.002,False,Johnson V,CCD,TRE,1.666,False
61,R LEO,000-BBQ-798,2458265.61480,6.691,0.132,False,Johnson V,CCD,TRE,1.676,True
62,R LEO,000-BBQ-798,2458266.60975,8.370,0.205,False,Johnson B,CCD,TRE,1.653,True
63,R LEO,000-BBQ-798,2458266.61015,6.700,0.132,False,Johnson V,CCD,TRE,1.657,True
64,R LEO,000-BBQ-798,2458269.36111,6.443,0.05,False,Johnson V,CCD,TUB,"4,00",False
65,R LEO,000-BBQ-798,2458274.58992,6.817,.064,False,Johnson V,DSLR,FRL,1.70,True
66,R LEO,000-BBQ-798,2458275.3563,6.754,0.035,False,Johnson V,DSLR,VOL,2.845,True
67,R LEO,000-BBQ-798,2458279.35347,7.563,0.11,False,Johnson V,CCD,TUB,"6,00",False
68,R_LEO,000-BBQ-798,2458434.94461,11.122,0.096,False,Johnson B,CCD,SFRA,1.191,False
69,R_LEO,000-BBQ-798,2458434.94571,8.951,0.030,False,Johnson V,CCD,SFRA,1.192,False
70,R_LEO,000-BBQ-798,2458445.89433,10.694,0.056,False,Johnson B,CCD,SFRA,1.218,False
71,R_LEO,000-BBQ-798,2458445.89494,8.626,0.017,False,Johnson V,CCD,SFRA,1.217,False
72,R_LEO,000-BBQ-798,2458446.90005,10.665,0.077,False,Johnson B,CCD,SFRA,1.203,False
73,R_LEO,000-BBQ-798,2458446.90005,10.695,0.068,False,Johnson B,CCD,SFRA,1.203,False
74,R_LEO,000-BBQ-798,2458446.90078,8.658,0.030,False,Johnson V,CCD,SFRA,1.203,False
75,R_LEO,000-BBQ-798,2458446.90078,8.646,0.034,False,Johnson V,CCD,SFRA,1.203,False
76,R_LEO,000-BBQ-798,2458495.74405,7.454,0.023,False,Johnson B,CCD,SFRA,1.241,False
77,R_LEO,000-BBQ-798,2458495.74459,6.107,0.005,False,Johnson V,CCD,SFRA,1.239,False
78,R_LEO,000-BBQ-798,2458496.79632,7.465,0.016,False,Johnson B,CCD,SFRA,1.185,False
79,R_LEO,000-BBQ-798,2458496.79678,6.032,0.010,False,Johnson V,CCD,SFRA,1.185,False
80,R LEO,000-BBQ-798,2458500.45004,5.882,0.001,False,Johnson V,CCD,FGP,,
81,R LEO,000-BBQ-798,2458507.70056,7.293,0.036,False,Johnson B,CCD,KNAA,2.545,True
82,R LEO,000-BBQ-798,2458507.70079,5.449,0.034,False,Johnson V,CCD,KNAA,2.538,True
83,R_LEO,000-BBQ-798,2458509.70094,6.910,0.018,False,Johnson B,CCD,SFRA,1.255,False
84,R_LEO,000-BBQ-798,2458509.70150,5.605,0.009,False,Johnson V,CCD,SFRA,1.254,False
85,R_LEO,000-BBQ-798,2458515.74428,6.893,0.022,False,Johnson B,CCD,SFRA,1.182,False
86,R_LEO,000-BBQ-798,2458515.74478,5.557,0.030,False,Johnson V,CCD,SFRA,1.182,False
87,R_LEO,000-BBQ-798,2458516.70073,6.881,0.014,False,Johnson B,CCD,SFRA,1.214,False
88,R_LEO,000-BBQ-798,2458516.70133,5.515,0.010,False,Johnson V,CCD,SFRA,1.213,False
89,R LEO,000-BBQ-798,2458517.40994,5.439,0.001,False,Johnson V,CCD,FGP,,
90,R LEO,000-BBQ-798,2458519.34861,5.523,0.02,False,Johnson V,CCD,TUB,,False
91,R_LEO,000-BBQ-798,2458520.73021,6.849,0.014,False,Johnson B,CCD,SFRA,1.182,False
92,R_LEO,000-BBQ-798,2458520.73080,5.520,0.003,False,Johnson V,CCD,SFRA,1.182,False
93,R_LEO,000-BBQ-798,2458526.71734,6.867,0.007,False,Johnson B,CCD,SFRA,1.183,False
94,R_LEO,000-BBQ-798,2458526.71794,5.453,0.045,False,Johnson V,CCD,SFRA,1.182,False
95,R_LEO,000-BBQ-798,2458531.65876,6.879,0.031,False,Johnson B,CCD,SFRA,1.216,False
96,R_LEO,000-BBQ-798,2458531.65933,5.506,0.030,False,Johnson V,CCD,SFRA,1.215,False
97,R LEO,000-BBQ-798,2458534.24583,5.862,0.06,False,Johnson V,CCD,TUB,,False
98,R LEO,000-BBQ-798,2458537.364236,5.634,0.045,False,Johnson V,DSLR,WNEA,1.680,True
99,R LEO,000-BBQ-798,2458537.364236,7.561,0.068,False,Johnson B,DSLR,WNEA,1.680,True
100,R LEO,000-BBQ-798,2458538.36944,6.2,,False,Johnson V,CCD,WKL,,False
101,R Leo,000-BBQ-798,2458538.5500,5.661,0.013,False,Johnson V,DSLR,SHS,1.475,True
102,R LEO,000-BBQ-798,2458540.33333,5.84,0.02,False,Johnson V,CCD,TUB,"3,5",False
103,R LEO,000-BBQ-798,2458540.356819,5.705,0.019,False,Johnson V,DSLR,WNEA,1.675,True
104,R LEO,000-BBQ-798,2458540.356819,7.815,0.028,False,Johnson B,DSLR,WNEA,1.675,True
105,R LEO,000-BBQ-798,2458540.36261,5.636,0.002,False,Johnson V,CCD,FGP,,
106,R LEO,000-BBQ-798,2458542.28889,5.935,0.03,False,Johnson V,CCD,TUB,"3,5",False
107,R LEO,000-BBQ-798,2458542.388677,5.768,0.019,False,Johnson V,DSLR,WNEA,1.466,True
108,R LEO,000-BBQ-798,2458542.388677,7.857,0.037,False,Johnson B,DSLR,WNEA,1.466,True
109,R LEO,000-BBQ-798,2458542.39503,5.747,0.019,False,Johnson V,DSLR,WNEA,1.442,True
110,R LEO,000-BBQ-798,2458542.39503,7.913,0.025,False,Johnson B,DSLR,WNEA,1.442,True
111,R_LEO,000-BBQ-798,2458543.63292,7.241,0.020,False,Johnson B,CCD,SFRA,1.205,False
112,R_LEO,000-BBQ-798,2458543.63346,5.869,0.004,False,Johnson V,CCD,SFRA,1.204,False
113,R LEO,000-BBQ-798,2458548.33403,6.215,0.03,False,Johnson V,CCD,TUB,"1,18",False
114,R_LEO,000-BBQ-798,2458549.61860,7.472,0.011,False,Johnson B,CCD,SFRA,1.203,False
115,R_LEO,000-BBQ-798,2458549.61910,6.091,0.004,False,Johnson V,CCD,SFRA,1.202,False
116,R_LEO,000-BBQ-798,2458550.64387,7.530,0.027,False,Johnson B,CCD,SFRA,1.183,False
117,R_LEO,000-BBQ-798,2458550.64448,6.132,0.009,False,Johnson V,CCD,SFRA,1.183,False
118,R Leo,000-BBQ-798,2458552.5416,6.103,0.071,False,Johnson V,DSLR,SHS,1.332,True
119,R LEO,000-BBQ-798,2458555.25694,6.542,0.03,False,Johnson V,CCD,TUB,"1,18",False
120,R_LEO,000-BBQ-798,2458555.63882,6.319,0.010,False,Johnson V,CCD,SFRA,1.183,False
121,R LEO,000-BBQ-798,2458560.28611,6.817,0.17,False,Johnson V,CCD,TUB,"3,5",False
122,R_LEO,000-BBQ-798,2458563.61453,6.563,0.039,False,Johnson V,CCD,SFRA,1.183,False
123,R LEO,000-BBQ-798,2458564.26042,6.88,0.03,False,Johnson V,CCD,TUB,"1,18",False
124,R LEO,000-BBQ-798,2458566.3750,8.71,0.03,False,Johnson B,DSLR,CTIA,1.2,True
125,R LEO,000-BBQ-798,2458566.3750,6.85,0.04,False,Johnson V,DSLR,CTIA,1.2,True
126,R_LEO,000-BBQ-798,2458566.59527,8.123,0.021,False,Johnson B,CCD,SFRA,1.184,False
127,R_LEO,000-BBQ-798,2458566.59575,6.712,0.018,False,Johnson V,CCD,SFRA,1.184,False
128,R LEO,000-BBQ-798,2458567.26042,6.832,0.04,False,Johnson V,CCD,TUB,"3,5",False
129,R LEO,000-BBQ-798,2458568.3667,8.6,0.1,False,Johnson B,DSLR,CTIA,1.2,True
130,R LEO,000-BBQ-798,2458568.3667,6.83,0.08,False,Johnson V,DSLR,CTIA,1.2,True
131,R LEO,000-BBQ-798,2458568.380043,6.614,0.020,False,Johnson V,DSLR,WNEA,1.319,True
132,R LEO,000-BBQ-798,2458568.380043,8.848,0.031,False,Johnson B,DSLR,WNEA,1.319,True
133,R LEO,000-BBQ-798,2458568.44672,6.489,0.002,False,Johnson V,CCD,FGP,,
134,R Leo,000-BBQ-798,2458568.5166,6.634,0.010,False,Johnson V,DSLR,SHS,1.274,True
135,R_LEO,000-BBQ-798,2458568.60245,8.144,0.018,False,Johnson B,CCD,SFRA,1.183,False
136,R_LEO,000-BBQ-798,2458568.60299,6.754,0.027,False,Johnson V,CCD,SFRA,1.183,False
137,R_LEO,000-BBQ-798,2458570.59642,6.738,0.013,False,Johnson V,CCD,SFRA,1.183,False
138,R LEO,000-BBQ-798,2458571.3563,8.9,0.1,False,Johnson B,DSLR,CTIA,1.2,True
139,R LEO,000-BBQ-798,2458571.3563,6.81,0.05,False,Johnson V,DSLR,CTIA,1.2,True
140,R LEO,000-BBQ-798,2458571.369751,6.683,0.024,False,Johnson V,DSLR,WNEA,1.321,True
141,R LEO,000-BBQ-798,2458571.369751,9.018,0.043,False,Johnson B,DSLR,WNEA,1.321,True
142,R LEO,000-BBQ-798,2458572.399087,6.727,0.041,False,Johnson V,DSLR,WNEA,1.312,True
143,R LEO,000-BBQ-798,2458572.399087,8.998,0.079,False,Johnson B,DSLR,WNEA,1.312,True
144,R LEO,000-BBQ-798,2458574.384983,6.786,0.021,False,Johnson V,DSLR,WNEA,1.310,True
145,R LEO,000-BBQ-798,2458574.384983,9.105,0.064,False,Johnson B,DSLR,WNEA,1.310,True
146,R LEO,000-BBQ-798,2458575.372009,6.819,0.039,False,Johnson V,DSLR,WNEA,1.312,True
147,R LEO,000-BBQ-798,2458575.372009,9.087,0.090,False,Johnson B,DSLR,WNEA,1.312,True
148,R LEO,000-BBQ-798,2458575.401895,6.774,0.040,False,Johnson V,DSLR,WNEA,1.319,True
149,R LEO,000-BBQ-798,2458575.401895,9.091,0.070,False,Johnson B,DSLR,WNEA,1.319,True
150,R_LEO,000-BBQ-798,2458575.58061,6.916,0.034,False,Johnson V,CCD,SFRA,1.183,False
151,R LEO,000-BBQ-798,2458579.2986,9.18,0.03,False,Johnson B,DSLR,CTIA,1.3,True
152,R LEO,000-BBQ-798,2458579.2986,7.14,0.05,False,Johnson V,DSLR,CTIA,1.3,True
153,R LEO,000-BBQ-798,2458584.344433,7.019,0.029,False,Johnson V,DSLR,WNEA,1.314,True
154,R LEO,000-BBQ-798,2458584.344433,9.391,0.073,False,Johnson B,DSLR,WNEA,1.314,True
155,R LEO,000-BBQ-798,2458585.401085,7.049,0.037,False,Johnson V,DSLR,WNEA,1.356,True
156,R LEO,000-BBQ-798,2458585.401085,9.478,0.085,False,Johnson B,DSLR,WNEA,1.356,True
157,R Leo,000-BBQ-798,2458585.5277,7.179,0.041,False,Johnson V,DSLR,SHS,1.199,True
158,R LEO,000-BBQ-798,2458591.67556,9.061,0.031,False,Johnson B,CCD,KNAA,1.090,True
159,R LEO,000-BBQ-798,2458591.67580,7.253,0.019,False,Johnson V,CCD,KNAA,1.090,True
160,R LEO,000-BBQ-798,2458592.410241,7.211,0.055,False,Johnson V,DSLR,WNEA,1.434,True
161,R LEO,000-BBQ-798,2458592.410241,9.579,0.134,False,Johnson B,DSLR,WNEA,1.434,True
162,R LEO,000-BBQ-798,2458593.3021,9.5,0.1,False,Johnson B,DSLR,CTIA,1.2,True
163,R LEO,000-BBQ-798,2458593.3021,7.44,0.01,False,Johnson V,DSLR,CTIA,1.2,True
164,R LEO,000-BBQ-798,2458593.3021,7.12,0.02,False,Johnson V,DSLR,CTIA,1.2,True
165,R LEO,000-BBQ-798,2458593.353176,7.245,0.044,False,Johnson V,DSLR,WNEA,1.319,True
166,R LEO,000-BBQ-798,2458593.353176,9.662,0.120,False,Johnson B,DSLR,WNEA,1.319,True
167,R LEO,000-BBQ-798,2458593.37909,7.112,0.002,False,Johnson V,CCD,FGP,,
168,R LEO,000-BBQ-798,2458594.353545,7.269,0.038,False,Johnson V,DSLR,WNEA,1.322,True
169,R LEO,000-BBQ-798,2458594.353545,9.672,0.104,False,Johnson B,DSLR,WNEA,1.322,True
170,R_LEO,000-BBQ-798,2458594.74053,9.061,0.067,False,Johnson B,CCD,SFRA,1.407,False
171,R LEO,000-BBQ-798,2458595.29583,8.034,0.03,False,Johnson V,CCD,TUB,"3,5",False
172,R LEO,000-BBQ-798,2458595.407175,7.257,0.048,False,Johnson V,DSLR,WNEA,1.453,True
173,R LEO,000-BBQ-798,2458595.407175,9.737,0.158,False,Johnson B,DSLR,WNEA,1.453,True
174,R_LEO,000-BBQ-798,2458595.69079,8.878,0.081,False,Johnson B,CCD,SFRA,1.177,False
175,R_LEO,000-BBQ-798,2458599.68926,9.040,0.067,False,Johnson B,CCD,SFRA,1.212,False
176,R_LEO,000-BBQ-798,2458601.68882,9.055,0.076,False,Johnson B,CCD,SFRA,1.230,False
177,R Leo,000-BBQ-798,2458602.5923,7.496,0.051,False,Johnson V,DSLR,SHS,1.471,True
178,R LEO,000-BBQ-798,2458604.37787,7.544,0.098,False,Johnson V,DSLR,WNEA,1.436,True
179,R LEO,000-BBQ-798,2458604.37787,9.962,0.227,False,Johnson B,DSLR,WNEA,1.436,True
180,R_LEO,000-BBQ-798,2458604.65587,8.943,0.116,False,Johnson B,CCD,SFRA,1.148,False
181,R LEO,000-BBQ-798,2458605.3188,9.50,0.09,False,Johnson B,DSLR,CTIA,1.2,True
182,R LEO,000-BBQ-798,2458605.3188,7.61,0.06,False,Johnson V,DSLR,CTIA,1.2,True
183,R_LEO,000-BBQ-798,2458605.65360,9.024,0.142,False,Johnson B,CCD,SFRA,1.150,False
184,R LEO,000-BBQ-798,2458606.31389,8.561,0.03,False,Johnson V,CCD,TUB,"3,5",False
185,R_LEO,000-BBQ-798,2458607.65713,9.038,0.068,False,Johnson B,CCD,SFRA,1.173,False
186,R LEO,000-BBQ-798,2458608.38518,7.612,0.024,False,Johnson V,DSLR,WNEA,1.512,True
187,R LEO,000-BBQ-798,2458608.38518,10.049,0.018,False,Johnson B,DSLR,WNEA,1.512,True
188,R_LEO,000-BBQ-798,2458608.65759,9.056,0.070,False,Johnson B,CCD,SFRA,1.184,False
189,R_LEO,000-BBQ-798,2458609.65530,9.034,0.067,False,Johnson B,CCD,SFRA,1.187,False
190,R LEO,000-BBQ-798,2458610.3278,9.6,0.1,False,Johnson B,DSLR,CTIA,1.3,True
191,R LEO,000-BBQ-798,2458610.3278,7.62,0.09,False,Johnson V,DSLR,CTIA,1.3,True
192,R LEO,000-BBQ-798,2458614.363438,8.204,0.04,False,Johnson V,CCD,RDAE,1.26,False
193,R LEO,000-BBQ-798,2458616.67461,9.776,0.037,False,Johnson B,CCD,KNAA,1.216,True
194,R LEO,000-BBQ-798,2458616.67486,7.861,0.022,False,Johnson V,CCD,KNAA,1.217,True
195,R_LEO,000-BBQ-798,2458617.69063,8.998,0.112,False,Johnson B,CCD,SFRA,1.508,False
196,R LEO,000-BBQ-798,2458620.39715,7.906,0.033,False,Johnson V,DSLR,WNEA,1.824,True
197,R LEO,000-BBQ-798,2458620.39715,10.102,0.107,False,Johnson B,DSLR,WNEA,1.824,True
198,R_LEO,000-BBQ-798,2458620.67139,9.305,0.117,False,Johnson B,CCD,SFRA,1.421,False
199,R LEO,000-BBQ-798,2458624.33056,9.325,0.06,False,Johnson V,CCD,TUB,"3,5",False
200,R LEO,000-BBQ-798,2458624.39886,7.992,0.012,False,Johnson V,DSLR,WNEA,1.959,True
201,R LEO,000-BBQ-798,2458624.39886,10.373,0.055,False,Johnson B,DSLR,WNEA,1.959,True
202,R Leo,000-BBQ-798,2458626.5618,8.135,0.018,False,Johnson V,DSLR,SHS,1.749,True
203,R LEO,000-BBQ-798,2458631.69606,10.214,0.041,False,Johnson B,CCD,KNAA,1.611,True
204,R LEO,000-BBQ-798,2458631.69669,8.209,0.022,False,Johnson V,CCD,KNAA,1.618,True
205,R LEO,000-BBQ-798,2458632.41345,8.227,0.030,False,Johnson V,DSLR,WNEA,2.566,True
206,R LEO,000-BBQ-798,2458632.41345,10.466,0.233,False,Johnson B,DSLR,WNEA,2.566,True
207,R LEO,000-BBQ-798,2458642.34583,10.257,0.15,False,Johnson V,CCD,TUB,6,False
208,R LEO,000-BBQ-798,2458655.98472,9.1,,False,Johnson V,CCD,TYGA,,False
209,R_LEO,000-BBQ-798,2458767.99126,9.864,0.041,False,Johnson B,CCD,SFRA,1.769,False
210,R_LEO,000-BBQ-798,2458767.99221,8.175,0.036,False,Johnson V,CCD,SFRA,1.757,False
211,R_LEO,000-BBQ-798,2458768.98794,9.830,0.032,False,Johnson B,CCD,SFRA,1.776,False
212,R_LEO,000-BBQ-798,2458768.98821,8.023,0.038,False,Johnson V,CCD,SFRA,1.776,False
213,R_LEO,000-BBQ-798,2458770.00035,9.836,0.058,False,Johnson B,CCD,SFRA,1.589,False
214,R_LEO,000-BBQ-798,2458770.00061,7.987,0.024,False,Johnson V,CCD,SFRA,1.588,False
215,R_LEO,000-BBQ-798,2458771.99517,9.684,0.030,False,Johnson B,CCD,SFRA,1.584,False
216,R_LEO,000-BBQ-798,2458771.99545,7.870,0.021,False,Johnson V,CCD,SFRA,1.582,False
217,R_LEO,000-BBQ-798,2458774.98272,9.557,0.045,False,Johnson B,CCD,SFRA,1.632,False
218,R_LEO,000-BBQ-798,2458774.98299,7.716,0.023,False,Johnson V,CCD,SFRA,1.632,False
219,R_LEO,000-BBQ-798,2458781.92409,9.340,0.021,False,Johnson B,CCD,SFRA,1.312,False
220,R_LEO,000-BBQ-798,2458789.92888,9.046,0.031,False,Johnson B,CCD,SFRA,1.223,False
221,R_LEO,000-BBQ-798,2458789.92904,7.497,0.022,False,Johnson V,CCD,SFRA,1.223,False
222,R_LEO,000-BBQ-798,2458791.82421,8.876,0.046,False,Johnson B,CCD,SFRA,1.982,False
223,R LEO,000-BBQ-798,2458791.82438,7.322,0.072,False,Johnson V,CCD,SFRA,1.980,False
224,R LEO,000-BBQ-798,2458798.5824,7.105,0.028,False,Johnson V,DSLR,VOL,1.80,True
225,R_LEO,000-BBQ-798,2458801.79758,7.188,0.049,False,Johnson V,CCD,SFRA,1.972,False
226,R_LEO,000-BBQ-798,2458804.78919,8.246,0.019,False,Johnson B,CCD,SFRA,1.975,False
227,R_LEO,000-BBQ-798,2458804.78935,6.733,0.058,False,Johnson V,CCD,SFRA,1.973,False
228,R_LEO,000-BBQ-798,2458810.92964,7.892,0.053,False,Johnson B,CCD,SFRA,1.184,False
229,R_LEO,000-BBQ-798,2458810.95652,6.442,0.008,False,Johnson V,CCD,SFRA,1.193,False
230,R_LEO,000-BBQ-798,2458817.91690,7.494,0.018,False,Johnson B,CCD,SFRA,1.183,False
231,R LEO,000-BBQ-798,2458818.6814,6.064,0.007,False,Johnson V,DSLR,VOL,1.25,True
232,R_LEO,000-BBQ-798,2458818.93132,7.418,0.023,False,Johnson B,CCD,SFRA,1.190,False
233,R_LEO,000-BBQ-798,2458818.93186,6.065,0.009,False,Johnson V,CCD,SFRA,1.191,False
234,R_LEO,000-BBQ-798,2458821.84566,7.284,0.064,False,Johnson B,CCD,SFRA,1.255,False
235,R_LEO,000-BBQ-798,2458821.84580,5.937,0.018,False,Johnson V,CCD,SFRA,1.255,False
236,R_LEO,000-BBQ-798,2458825.89495,7.170,0.058,False,Johnson B,CCD,SFRA,1.183,False
237,R_LEO,000-BBQ-798,2458825.89551,5.748,0.059,False,Johnson V,CCD,SFRA,1.184,False
238,R_LEO,000-BBQ-798,2458829.88529,7.019,0.031,False,Johnson B,CCD,SFRA,1.184,False
239,R_LEO,000-BBQ-798,2458829.88583,5.624,0.013,False,Johnson V,CCD,SFRA,1.184,False
240,R LEO,000-BBQ-798,2458837.6510,5.547,0.015,False,Johnson V,DSLR,VOL,1.27,True
241,R_LEO,000-BBQ-798,2458837.70880,7.017,0.022,False,Johnson B,CCD,SFRA,1.843,False
242,R_LEO,000-BBQ-798,2458837.70895,5.505,0.038,False,Johnson V,CCD,SFRA,1.841,False
243,R_LEO,000-BBQ-798,2458840.69150,7.008,0.010,False,Johnson B,CCD,SFRA,1.967,False
244,R_LEO,000-BBQ-798,2458840.69166,5.576,0.030,False,Johnson V,CCD,SFRA,1.965,False
245,R LEO,000-BBQ-798,2458841.4209,5.601,0.022,False,Johnson V,DSLR,VOL,2.49,True
246,R_LEO,000-BBQ-798,2458842.84958,7.058,0.051,False,Johnson B,CCD,SFRA,1.184,False
247,R_LEO,000-BBQ-798,2458842.85009,5.642,0.012,False,Johnson V,CCD,SFRA,1.184,False
248,R_LEO,000-BBQ-798,2458850.72853,7.306,0.011,False,Johnson B,CCD,SFRA,1.341,False
249,R_LEO,000-BBQ-798,2458850.72874,5.895,0.015,False,Johnson V,CCD,SFRA,1.340,False
250,R LEO,000-BBQ-798,2458854.7275,6.003,0.014,False,Johnson V,DSLR,VOL,1.97,True
251,R LEO,000-BBQ-798,2458860.3732,6.207,0.024,False,Johnson V,DSLR,VOL,2.40,True
252,R LEO,000-BBQ-798,2458869.6439,6.436,0.012,False,Johnson V,DSLR,VOL,1.56,True
253,R_LEO,000-BBQ-798,2458869.86866,7.878,0.006,False,Johnson B,CCD,SFRA,1.372,False
254,R LEO,000-BBQ-798,2458871.45012,6.294,0.002,False,Johnson V,CCD,FGP,,
255,R LEO,000-BBQ-798,2458871.45075,6.29,0.002,False,Johnson V,CCD,FGP,,
256,R_LEO,000-BBQ-798,2458871.76936,7.992,0.018,False,Johnson B,CCD,SFRA,1.184,False
257,R_LEO,000-BBQ-798,2458871.76977,6.520,0.038,False,Johnson V,CCD,SFRA,1.184,False
258,R_LEO,000-BBQ-798,2458875.59455,8.106,0.082,False,Johnson B,CCD,SFRA,1.988,False
259,R_LEO,000-BBQ-798,2458875.59468,6.611,0.012,False,Johnson V,CCD,SFRA,1.986,False
260,R_LEO,000-BBQ-798,2458878.75028,8.182,0.024,False,Johnson B,CCD,SFRA,1.183,False
261,R_LEO,000-BBQ-798,2458878.75064,6.641,0.014,False,Johnson V,CCD,SFRA,1.183,False
262,R LEO,000-BBQ-798,2458879.4110,6.672,0.017,False,Johnson V,DSLR,VOL,1.44,True
263,R Leo,000-BBQ-798,2458879.5520,6.648,0.013,False,Johnson V,DSLR,SHS,2.158,True
264,R_LEO,000-BBQ-798,2458879.65508,8.168,0.005,False,Johnson B,CCD,SFRA,1.317,False
265,R_LEO,000-BBQ-798,2458879.65530,6.703,0.003,False,Johnson V,CCD,SFRA,1.316,False
266,R_LEO,000-BBQ-798,2458879.75995,8.247,0.023,False,Johnson B,CCD,SFRA,1.186,False
267,R_LEO,000-BBQ-798,2458879.76030,6.683,0.009,False,Johnson V,CCD,SFRA,1.187,False
268,R LEO,000-BBQ-798,2458884.3545,6.783,0.020,False,Johnson V,DSLR,VOL,1.73,True
269,R_LEO,000-BBQ-798,2458894.71759,8.649,0.037,False,Johnson B,CCD,SFRA,1.186,False
270,R_LEO,000-BBQ-798,2458894.71779,7.172,0.025,False,Johnson V,CCD,SFRA,1.186,False
271,R_LEO,000-BBQ-798,2458897.63053,8.703,0.046,False,Johnson B,CCD,SFRA,1.277,False
272,R_LEO,000-BBQ-798,2458897.63066,7.174,0.011,False,Johnson V,CCD,SFRA,1.276,False
273,R_LEO,000-BBQ-798,2458897.69834,8.799,0.052,False,Johnson B,CCD,SFRA,1.183,False
274,R_LEO,000-BBQ-798,2458897.69854,7.208,0.033,False,Johnson V,CCD,SFRA,1.183,False
275,R LEO,000-BBQ-798,2458898.3513,7.203,0.012,False,Johnson V,DSLR,VOL,1.48,True
276,R_LEO,000-BBQ-798,2458899.58183,8.704,0.017,False,Johnson B,CCD,SFRA,1.411,False
277,R_LEO,000-BBQ-798,2458899.71069,8.769,0.043,False,Johnson B,CCD,SFRA,1.190,False
278,R_LEO,000-BBQ-798,2458899.71111,7.203,0.019,False,Johnson V,CCD,SFRA,1.190,False
279,R LEO,000-BBQ-798,2458901.3479,7.264,0.020,False,Johnson V,DSLR,VOL,1.46,True
280,R Leo,000-BBQ-798,2458901.5604,7.158,0.044,False,Johnson V,DSLR,SHS,1.450,True
281,R_LEO,000-BBQ-798,2458901.68979,8.834,0.086,False,Johnson B,CCD,SFRA,1.184,True
282,R_LEO,000-BBQ-798,2458901.69021,7.163,0.024,False,Johnson V,CCD,SFRA,1.184,True
283,R_LEO,000-BBQ-798,2458902.56060,8.875,0.116,False,Johnson B,CCD,SFRA,1.557,True
284,R_LEO,000-BBQ-798,2458902.56074,7.104,0.020,False,Johnson V,CCD,SFRA,1.556,True
285,R_LEO,000-BBQ-798,2458910.55788,9.103,0.070,False,Johnson B,CCD,SFRA,1.432,True
286,R_LEO,000-BBQ-798,2458910.55800,7.446,0.042,False,Johnson V,CCD,SFRA,1.432,True
287,R LEO,000-BBQ-798,2458911.71766,9.294,0.018,False,Johnson B,CCD,KNAA,1.188,True
288,R LEO,000-BBQ-798,2458911.71845,7.503,0.013,False,Johnson V,CCD,KNAA,1.186,True
289,R LEO,000-BBQ-798,2458912.45259,7.35,0.002,False,Johnson V,CCD,FGP,,
290,R LEO,000-BBQ-798,2458912.45319,7.369,0.002,False,Johnson V,CCD,FGP,,
291,R_LEO,000-BBQ-798,2458914.53094,9.223,0.091,False,Johnson B,CCD,SFRA,1.534,True
292,R_LEO,000-BBQ-798,2458914.53106,7.537,0.021,False,Johnson V,CCD,SFRA,1.533,True
293,R_LEO,000-BBQ-798,2458914.63617,9.575,0.008,False,Johnson B,CCD,SFRA,1.154,True
294,R_LEO,000-BBQ-798,2458914.63674,7.642,0.015,False,Johnson V,CCD,SFRA,1.153,True
295,R_LEO,000-BBQ-798,2458923.64686,9.462,0.004,False,Johnson B,CCD,SFRA,1.185,False
296,R_LEO,000-BBQ-798,2458923.64701,7.965,0.003,False,Johnson V,CCD,SFRA,1.184,False
297,R LEO,000-BBQ-798,2458923.98681,8.1,,False,Johnson V,CCD,TYGA,,False
298,R LEO,000-BBQ-798,2458924.27986,7.898,0.01,False,Johnson V,CCD,TUB,"1,18",False
299,R_LEO,000-BBQ-798,2458924.62546,9.501,0.004,False,Johnson B,CCD,SFRA,1.256,False
300,R_LEO,000-BBQ-798,2458924.62561,8.007,0.003,False,Johnson V,CCD,SFRA,1.256,False
301,R Leo,000-BBQ-798,2458926.45486,7.9,0.08,False,Johnson V,DSLR,KMWA,1.365,True
302,R Leo,000-BBQ-798,2458926.45486,9.8,0.3,False,Johnson B,DSLR,KMWA,,True
303,R Leo,000-BBQ-798,2458930.5250,7.979,0.012,False,Johnson V,DSLR,SHS,1.275,True
304,R_LEO,000-BBQ-798,2458931.53501,9.734,0.033,False,Johnson B,CCD,SFRA,1.285,True
305,R_LEO,000-BBQ-798,2458931.53517,7.994,0.025,False,Johnson V,CCD,SFRA,1.285,True
306,R LEO,000-BBQ-798,2458932.45,10.04,0.10,False,Johnson B,DSLR,PHG,2.062,True
307,R LEO,000-BBQ-798,2458932.45,8.11,0.05,False,Johnson V,DSLR,PHG,2.062,True
308,R_LEO,000-BBQ-798,2458933.54255,9.795,0.075,False,Johnson B,CCD,SFRA,1.249,True
309,R_LEO,000-BBQ-798,2458933.54267,8.061,0.027,False,Johnson V,CCD,SFRA,1.249,True
310,R LEO,000-BBQ-798,2458934.4616,8.26,,False,Johnson V,CCD,BQC,,False
311,R_LEO,000-BBQ-798,2458936.54073,9.880,0.028,False,Johnson B,CCD,SFRA,1.235,True
312,R_LEO,000-BBQ-798,2458936.54086,8.029,0.044,False,Johnson V,CCD,SFRA,1.234,True
313,R_LEO,000-BBQ-798,2458937.67906,9.883,0.043,False,Johnson B,CCD,SFRA,1.075,False
314,R_LEO,000-BBQ-798,2458937.67922,8.331,0.026,False,Johnson V,CCD,SFRA,1.075,False
315,R LEO,000-BBQ-798,2458938.27639,8.318,0.04,False,Johnson V,CCD,TUB,"1,18",False
316,R Leo,000-BBQ-798,2458940.43333,8.275,0.02,False,Johnson V,DSLR,KMWA,1.413,True
317,R Leo,000-BBQ-798,2458940.43333,10.21,0.05,False,Johnson B,DSLR,KMWA,1.413,True
318,R LEO,000-BBQ-798,2458941.27153,8.186,0.08,False,Johnson V,CCD,TUB,"1,18",False
319,R_LEO,000-BBQ-798,2458942.79336,8.472,0.043,False,Johnson V,CCD,SFRA,1.450,False
320,R_LEO,000-BBQ-798,2458945.64439,10.128,0.031,False,Johnson B,CCD,SFRA,1.080,False
321,R_LEO,000-BBQ-798,2458945.64466,8.545,0.019,False,Johnson V,CCD,SFRA,1.080,False
322,R_LEO,000-BBQ-798,2458945.79331,10.121,0.035,False,Johnson B,CCD,SFRA,1.517,False
323,R_LEO,000-BBQ-798,2458945.79392,8.549,0.012,False,Johnson V,CCD,SFRA,1.521,False
324,R LEO,000-BBQ-798,2458947.37884,8.252,0.002,False,Johnson V,CCD,FGP,,
325,R LEO,000-BBQ-798,2458947.37927,8.246,0.002,False,Johnson V,CCD,FGP,,
326,R_LEO,000-BBQ-798,2458947.79084,10.224,0.030,False,Johnson B,CCD,SFRA,1.544,False
327,R_LEO,000-BBQ-798,2458947.79112,8.527,0.014,False,Johnson V,CCD,SFRA,1.545,False
328,R_LEO,000-BBQ-798,2458949.78105,10.268,0.022,False,Johnson B,CCD,SFRA,1.506,False
329,R_LEO,000-BBQ-798,2458949.78152,8.585,0.010,False,Johnson V,CCD,SFRA,1.510,False
330,R_LEO,000-BBQ-798,2458950.66348,10.358,0.036,False,Johnson B,CCD,SFRA,1.080,False
331,R_LEO,000-BBQ-798,2458950.66363,8.671,0.034,False,Johnson V,CCD,SFRA,1.080,False
332,R LEO,000-BBQ-798,2458951.354,10.60,0.15,False,Johnson B,DSLR,PHG,1.294,True
333,R LEO,000-BBQ-798,2458951.354,8.57,0.05,False,Johnson V,DSLR,PHG,1.294,True
334,R_LEO,000-BBQ-798,2458951.67041,10.438,0.025,False,Johnson B,CCD,SFRA,1.088,True
335,R_LEO,000-BBQ-798,2458951.67072,8.682,0.014,False,Johnson V,CCD,SFRA,1.089,True
336,R LEO,000-BBQ-798,2458952.66417,10.596,0.024,False,Johnson B,CCD,KNAA,1.090,True
337,R LEO,000-BBQ-798,2458952.66521,8.594,0.017,False,Johnson V,CCD,KNAA,1.089,True
338,R LEO,000-BBQ-798,2458953.43692,8.603,0.085,False,Johnson V,CCD,RZD,1.171,False
339,R LEO,000-BBQ-798,2458955.3444,11.2,0.1,False,Johnson B,DSLR,CTIA,1.2,True
340,R LEO,000-BBQ-798,2458955.3444,8.3,0.1,False,Johnson V,DSLR,CTIA,1.2,True
341,R_LEO,000-BBQ-798,2458955.70115,10.505,0.025,False,Johnson B,CCD,SFRA,1.168,False
342,R_LEO,000-BBQ-798,2458955.70144,8.844,0.021,False,Johnson V,CCD,SFRA,1.168,False
343,R Leo,000-BBQ-798,2458956.5680,8.568,0.0000,False,Johnson V,DSLR,SHS,1.257,True
344,R_LEO,000-BBQ-798,2458956.69897,10.538,0.028,False,Johnson B,CCD,SFRA,1.169,False
345,R_LEO,000-BBQ-798,2458956.69927,8.873,0.033,False,Johnson V,CCD,SFRA,1.170,False
346,R_LEO,000-BBQ-798,2458957.75397,10.633,0.021,False,Johnson B,CCD,SFRA,1.462,True
347,R_LEO,000-BBQ-798,2458957.75427,8.913,0.028,False,Johnson V,CCD,SFRA,1.464,True
348,R LEO,000-BBQ-798,2458960.29653,8.85,0.01,False,Johnson V,CCD,TUB,"1,18",False
349,R_LEO,000-BBQ-798,2458960.73318,10.716,0.044,False,Johnson B,CCD,SFRA,1.373,True
350,R_LEO,000-BBQ-798,2458960.73336,8.947,0.020,False,Johnson V,CCD,SFRA,1.374,True
351,R_LEO,000-BBQ-798,2458961.63784,10.699,0.015,False,Johnson B,CCD,SFRA,1.084,True
352,R_LEO,000-BBQ-798,2458961.63803,8.933,0.022,False,Johnson V,CCD,SFRA,1.084,True
353,R LEO,000-BBQ-798,2458963.37001,9.028,0.036,False,Johnson V,CCD,RZD,1.144,False
354,R_LEO,000-BBQ-798,2458963.74257,10.742,0.029,False,Johnson B,CCD,SFRA,1.504,True
355,R_LEO,000-BBQ-798,2458963.74307,9.100,0.021,False,Johnson V,CCD,SFRA,1.508,True
356,R LEO,000-BBQ-798,2458965.32292,9.219,0.05,False,Johnson V,CCD,TUB,"1,18",False
357,R LEO,000-BBQ-798,2458965.3917,8.53,0.08,False,Johnson V,DSLR,CTIA,1.8,True
358,R Leo,000-BBQ-798,2458965.3917,11.6,0.1,False,Johnson B,DSLR,CTIA,1.8,True
359,R_LEO,000-BBQ-798,2458965.73748,10.866,0.025,False,Johnson B,CCD,SFRA,1.507,True
360,R_LEO,000-BBQ-798,2458965.73795,9.108,0.038,False,Johnson V,CCD,SFRA,1.511,True
361,R_LEO,000-BBQ-798,2458966.73582,10.843,0.026,False,Johnson B,CCD,SFRA,1.516,False
362,R_LEO,000-BBQ-798,2458966.73635,9.169,0.012,False,Johnson V,CCD,SFRA,1.521,False
363,R_LEO,000-BBQ-798,2458966.74498,10.800,0.034,False,Johnson B,CCD,SFRA,1.631,False
364,R_LEO,000-BBQ-798,2458966.74553,9.059,0.013,False,Johnson V,CCD,SFRA,1.637,False
365,R_LEO,000-BBQ-798,2458968.71455,10.964,0.024,False,Johnson B,CCD,SFRA,1.394,True
366,R_LEO,000-BBQ-798,2458968.71475,9.186,0.015,False,Johnson V,CCD,SFRA,1.396,True
367,R Leo,000-BBQ-798,2458969.5368,9.412,0.024,False,Johnson V,DSLR,SHS,1.267,True
368,R_LEO,000-BBQ-798,2458969.63748,10.962,0.015,False,Johnson B,CCD,SFRA,1.110,True
369,R_LEO,000-BBQ-798,2458969.63767,9.220,0.015,False,Johnson V,CCD,SFRA,1.111,True
370,R LEO,000-BBQ-798,2458970.07292,9.0,,False,Johnson V,CCD,TYGA,,False
371,R_LEO,000-BBQ-798,2458972.64073,11.125,0.020,False,Johnson B,CCD,SFRA,1.133,True
372,R_LEO,000-BBQ-798,2458972.64091,9.280,0.024,False,Johnson V,CCD,SFRA,1.133,True
373,R_LEO,000-BBQ-798,2458973.62627,11.103,0.033,False,Johnson B,CCD,SFRA,1.110,True
374,R_LEO,000-BBQ-798,2458973.62646,9.318,0.020,False,Johnson V,CCD,SFRA,1.110,True
375,R LEO,000-BBQ-798,2458974.67167,11.274,0.042,False,Johnson B,CCD,KNAA,1.148,True
376,R LEO,000-BBQ-798,2458974.67278,9.294,0.030,False,Johnson V,CCD,KNAA,1.151,True
377,R_LEO,000-BBQ-798,2458975.63660,11.203,0.030,False,Johnson B,CCD,SFRA,1.142,True
378,R_LEO,000-BBQ-798,2458975.63678,9.376,0.028,False,Johnson V,CCD,SFRA,1.142,True
379,R_LEO,000-BBQ-798,2458976.63317,11.239,0.050,False,Johnson B,CCD,SFRA,1.140,True
380,R_LEO,000-BBQ-798,2458976.63338,9.380,0.031,False,Johnson V,CCD,SFRA,1.141,True
381,R LEO,000-BBQ-798,2458977.413,11.40,0.07,False,Johnson B,DSLR,PHG,2.080,True
382,R LEO,000-BBQ-798,2458977.413,9.32,0.05,False,Johnson V,DSLR,PHG,2.080,True
383,R_LEO,000-BBQ-798,2458977.62597,11.221,0.022,False,Johnson B,CCD,SFRA,1.130,True
384,R_LEO,000-BBQ-798,2458977.62617,9.501,0.021,False,Johnson V,CCD,SFRA,1.131,True
385,R LEO,000-BBQ-798,2458978.59836,9.358,0.005,False,Johnson V,CCD,JENJ,1.262,False
386,R LEO,000-BBQ-798,2458978.60873,11.381,0.007,False,Johnson B,CCD,JENJ,1.302,False
387,R LEO,000-BBQ-798,2458980.32639,9.391,0.07,False,Johnson V,CCD,TUB,"1,18",False
388,R_LEO,000-BBQ-798,2458981.72546,11.463,0.024,False,Johnson B,CCD,SFRA,1.878,True
389,R_LEO,000-BBQ-798,2458981.72567,9.498,0.098,False,Johnson V,CCD,SFRA,1.881,True
390,R_LEO,000-BBQ-798,2458982.62492,11.461,0.030,False,Johnson B,CCD,SFRA,1.161,True
391,R_LEO,000-BBQ-798,2458982.62510,9.556,0.026,False,Johnson V,CCD,SFRA,1.162,True
392,R_LEO,000-BBQ-798,2458983.63926,11.452,0.049,False,Johnson B,CCD,SFRA,1.217,True
393,R_LEO,000-BBQ-798,2458983.63943,9.587,0.019,False,Johnson V,CCD,SFRA,1.218,True
394,R Leo,000-BBQ-798,2458984.5819,9.565,0.016,False,Johnson V,DSLR,SHS,1.753,True
395,R_LEO,000-BBQ-798,2458985.63721,9.693,0.049,False,Johnson V,CCD,SFRA,1.231,True
396,R_LEO,000-BBQ-798,2458985.63748,11.485,0.021,False,Johnson B,CCD,SFRA,1.232,True
397,R_LEO,000-BBQ-798,2458986.62950,11.573,0.022,False,Johnson B,CCD,SFRA,1.212,True
398,R_LEO,000-BBQ-798,2458986.62969,9.665,0.029,False,Johnson V,CCD,SFRA,1.212,True
399,R LEO,000-BBQ-798,2458987.32639,9.756,0.08,False,Johnson V,CCD,TUB,,False
400,R LEO,000-BBQ-798,2458987.440,11.58,0.10,False,Johnson B,DSLR,PHG,3.556,True
401,R LEO,000-BBQ-798,2458987.440,9.60,0.05,False,Johnson V,DSLR,PHG,3.556,True
402,R LEO,000-BBQ-798,2458987.4556,9.58,,False,Johnson V,CCD,BQC,,False
403,R_LEO,000-BBQ-798,2458987.62524,11.559,0.023,False,Johnson B,CCD,SFRA,1.206,True
404,R_LEO,000-BBQ-798,2458987.62543,9.665,0.021,False,Johnson V,CCD,SFRA,1.207,True
405,R_LEO,000-BBQ-798,2458989.64252,11.702,0.025,False,Johnson B,CCD,SFRA,1.306,True
406,R_LEO,000-BBQ-798,2458989.64271,9.748,0.041,False,Johnson V,CCD,SFRA,1.307,True
407,R LEO,000-BBQ-798,2458990.33403,9.625,0.03,False,Johnson V,CCD,TUB,,False
408,R_LEO,000-BBQ-798,2458990.63725,11.713,0.026,False,Johnson B,CCD,SFRA,1.293,True
409,R_LEO,000-BBQ-798,2458990.63743,9.776,0.035,False,Johnson V,CCD,SFRA,1.294,True
410,R_LEO,000-BBQ-798,2458993.64841,11.736,0.025,False,Johnson B,CCD,SFRA,1.409,True
411,R_LEO,000-BBQ-798,2458993.64860,9.803,0.034,False,Johnson V,CCD,SFRA,1.410,True
412,R_LEO,000-BBQ-798,2458994.63894,11.800,0.032,False,Johnson B,CCD,SFRA,1.364,True
413,R_LEO,000-BBQ-798,2458994.63912,9.867,0.033,False,Johnson V,CCD,SFRA,1.365,True
414,R_LEO,000-BBQ-798,2458996.63750,11.918,0.033,False,Johnson B,CCD,SFRA,1.390,True
415,R_LEO,000-BBQ-798,2458996.63769,9.912,0.033,False,Johnson V,CCD,SFRA,1.392,True
416,R_LEO,000-BBQ-798,2459000.62791,12.004,0.033,False,Johnson B,CCD,SFRA,1.399,True
417,R_LEO,000-BBQ-798,2459000.62810,9.930,0.033,False,Johnson V,CCD,SFRA,1.401,True
418,R_LEO,000-BBQ-798,2459001.63122,11.932,0.033,False,Johnson B,CCD,SFRA,1.443,True
419,R_LEO,000-BBQ-798,2459001.63139,9.906,0.029,False,Johnson V,CCD,SFRA,1.444,True
420,R LEO,000-BBQ-798,2459002.416,12.08,0.24,False,Johnson B,DSLR,PHG,4.640,True
421,R LEO,000-BBQ-798,2459002.416,9.62,0.09,False,Johnson V,DSLR,PHG,4.640,True
422,R_LEO,000-BBQ-798,2459002.63295,11.980,0.034,False,Johnson B,CCD,SFRA,1.478,True
423,R_LEO,000-BBQ-798,2459002.63314,9.927,0.039,False,Johnson V,CCD,SFRA,1.479,True
424,R_LEO,000-BBQ-798,2459005.64866,11.626,0.531,False,Johnson B,CCD,SFRA,1.706,True
425,R_LEO,000-BBQ-798,2459005.64898,9.987,0.044,False,Johnson V,CCD,SFRA,1.723,True
426,R LEO,000-BBQ-798,2459007.61323,9.856,0.008,False,Johnson V,CCD,JENJ,2.058,False
427,R_LEO,000-BBQ-798,2459008.65005,12.028,0.030,False,Johnson B,CCD,SFRA,1.852,True
428,R_LEO,000-BBQ-798,2459008.65023,9.998,0.031,False,Johnson V,CCD,SFRA,1.855,True
429,R LEO,000-BBQ-798,2459008.67728,12.209,0.052,False,Johnson B,CCD,KNAA,1.736,True
430,R LEO,000-BBQ-798,2459008.68006,9.903,0.037,False,Johnson V,CCD,KNAA,1.798,True
431,R LEO,000-BBQ-798,2459012.36458,9.725,0.050,False,Johnson V,CCD,TUB,,False
432,R LEO,000-BBQ-798,2459012.60856,9.857,0.007,False,Johnson V,CCD,JENJ,2.233,False
433,R LEO,000-BBQ-798,2459012.62032,12.195,0.012,False,Johnson B,CCD,JENJ,2.515,False
434,R LEO,000-BBQ-798,2459018.97569,9.9,,False,Johnson V,CCD,TYGA,,False
435,R_LEO,000-BBQ-798,2459126.90791,7.843,0.056,False,Johnson B,CCD,SFRA,1.966,True
436,R_LEO,000-BBQ-798,2459126.90924,6.246,0.062,False,Johnson V,CCD,SFRA,1.947,True
437,R_LEO,000-BBQ-798,2459126.99551,7.665,0.024,False,Johnson B,CCD,SFRA,1.956,True
438,R_LEO,000-BBQ-798,2459126.99703,6.286,0.018,False,Johnson V,CCD,SFRA,1.930,True
439,R_LEO,000-BBQ-798,2459127.99205,7.635,0.034,False,Johnson B,CCD,SFRA,1.969,True
440,R_LEO,000-BBQ-798,2459127.99355,6.219,0.051,False,Johnson V,CCD,SFRA,1.943,True
441,R LEO,000-BBQ-798,2459128.6429,6.153,0.017,False,Johnson V,DSLR,VOL,2.31,True
442,R_LEO,000-BBQ-798,2459128.98926,7.614,0.044,False,Johnson B,CCD,SFRA,1.970,True
443,R_LEO,000-BBQ-798,2459128.99076,6.146,0.066,False,Johnson V,CCD,SFRA,1.944,True
444,R_LEO,000-BBQ-798,2459129.98756,7.503,0.030,False,Johnson B,CCD,SFRA,1.952,True
445,R_LEO,000-BBQ-798,2459129.98907,6.118,0.025,False,Johnson V,CCD,SFRA,1.926,True
446,R LEO,000-BBQ-798,2459130.6603,6.019,0.021,False,Johnson V,DSLR,VOL,1.95,True
447,R_LEO,000-BBQ-798,2459130.98512,7.456,0.039,False,Johnson B,CCD,SFRA,1.947,True
448,R_LEO,000-BBQ-798,2459130.98664,6.043,0.054,False,Johnson V,CCD,SFRA,1.921,True
449,R_LEO,000-BBQ-798,2459132.97975,7.311,0.033,False,Johnson B,CCD,SFRA,1.945,True
450,R_LEO,000-BBQ-798,2459132.98126,5.952,0.033,False,Johnson V,CCD,SFRA,1.920,True
451,R_LEO,000-BBQ-798,2459133.97716,7.245,0.010,False,Johnson B,CCD,SFRA,1.943,True
452,R_LEO,000-BBQ-798,2459133.97868,5.919,0.009,False,Johnson V,CCD,SFRA,1.917,True
453,R_LEO,000-BBQ-798,2459134.97463,7.217,0.057,False,Johnson B,CCD,SFRA,1.939,True
454,R_LEO,000-BBQ-798,2459134.97615,5.741,0.077,False,Johnson V,CCD,SFRA,1.914,True
455,R_LEO,000-BBQ-798,2459135.97086,7.247,0.005,False,Johnson B,CCD,SFRA,1.957,True
456,R_LEO,000-BBQ-798,2459135.97238,5.866,0.009,False,Johnson V,CCD,SFRA,1.931,True
457,R LEO,000-BBQ-798,2459137.6260,5.750,0.018,False,Johnson V,DSLR,VOL,2.17,True
458,R LEO,000-BBQ-798,2459137.6271,5.798,0.015,False,Johnson V,DSLR,VOL,2.15,True
459,R_LEO,000-BBQ-798,2459137.96503,7.162,0.051,False,Johnson B,CCD,SFRA,1.963,True
460,R_LEO,000-BBQ-798,2459137.96655,5.803,0.012,False,Johnson V,CCD,SFRA,1.937,True
461,R_LEO,000-BBQ-798,2459138.96421,7.117,0.017,False,Johnson B,CCD,SFRA,1.931,True
462,R_LEO,000-BBQ-798,2459138.96574,5.751,0.022,False,Johnson V,CCD,SFRA,1.906,True
463,R_LEO,000-BBQ-798,2459139.96006,7.079,0.004,False,Johnson B,CCD,SFRA,1.955,True
464,R_LEO,000-BBQ-798,2459139.96157,5.747,0.017,False,Johnson V,CCD,SFRA,1.930,True
465,R_LEO,000-BBQ-798,2459140.97336,7.014,0.048,False,Johnson B,CCD,SFRA,1.720,True
466,R_LEO,000-BBQ-798,2459140.97486,5.702,0.026,False,Johnson V,CCD,SFRA,1.701,True
467,R_LEO,000-BBQ-798,2459141.95453,7.040,0.014,False,Johnson B,CCD,SFRA,1.957,True
468,R_LEO,000-BBQ-798,2459141.95603,5.691,0.005,False,Johnson V,CCD,SFRA,1.931,True
469,R_LEO,000-BBQ-798,2459142.95123,7.075,0.035,False,Johnson B,CCD,SFRA,1.966,True
470,R_LEO,000-BBQ-798,2459142.95272,5.700,0.041,False,Johnson V,CCD,SFRA,1.941,True
471,R_LEO,000-BBQ-798,2459143.94904,7.013,0.020,False,Johnson B,CCD,SFRA,1.957,True
472,R_LEO,000-BBQ-798,2459143.95054,5.679,0.030,False,Johnson V,CCD,SFRA,1.932,True
473,R LEO,000-BBQ-798,2459144.6155,5.634,0.017,False,Johnson V,DSLR,VOL,2.04,True
474,R LEO,000-BBQ-798,2459144.6713,5.629,0.030,False,Johnson V,DSLR,VOL,1.51,True
475,R_LEO,000-BBQ-798,2459145.94410,7.054,0.030,False,Johnson B,CCD,SFRA,1.948,True
476,R_LEO,000-BBQ-798,2459145.94560,5.681,0.042,False,Johnson V,CCD,SFRA,1.923,True
477,R_LEO,000-BBQ-798,2459146.94135,7.041,0.026,False,Johnson B,CCD,SFRA,1.948,True
478,R_LEO,000-BBQ-798,2459146.94286,5.638,0.026,False,Johnson V,CCD,SFRA,1.923,True
479,R_LEO,000-BBQ-798,2459151.92973,7.055,0.019,False,Johnson B,CCD,SFRA,1.915,True
480,R_LEO,000-BBQ-798,2459151.93125,5.705,0.003,False,Johnson V,CCD,SFRA,1.890,True
481,R_LEO,000-BBQ-798,2459152.92525,7.103,0.012,False,Johnson B,CCD,SFRA,1.943,True
482,R_LEO,000-BBQ-798,2459152.92677,5.733,0.018,False,Johnson V,CCD,SFRA,1.918,True
483,R_LEO,000-BBQ-798,2459155.91889,7.155,0.103,False,Johnson B,CCD,SFRA,1.913,True
484,R_LEO,000-BBQ-798,2459155.92039,5.650,0.227,False,Johnson V,CCD,SFRA,1.889,True
485,R_LEO,000-BBQ-798,2459157.91138,7.158,0.012,False,Johnson B,CCD,SFRA,1.947,True
486,R_LEO,000-BBQ-798,2459157.91289,5.749,0.007,False,Johnson V,CCD,SFRA,1.922,True
487,R_LEO,000-BBQ-798,2459158.90914,7.136,0.016,False,Johnson B,CCD,SFRA,1.944,True
488,R_LEO,000-BBQ-798,2459158.91066,5.771,0.010,False,Johnson V,CCD,SFRA,1.924,True
489,R_LEO,000-BBQ-798,2459159.90569,7.150,0.005,False,Johnson B,CCD,SFRA,1.957,True
490,R_LEO,000-BBQ-798,2459159.90722,5.750,0.021,False,Johnson V,CCD,SFRA,1.936,True
491,R LEO,000-BBQ-798,2459161.6020,5.684,0.024,False,Johnson V,DSLR,VOL,1.67,True
492,R LEO,000-BBQ-798,2459161.6032,5.755,0.013,False,Johnson V,DSLR,VOL,1.66,True
493,R_LEO,000-BBQ-798,2459163.99140,7.219,0.033,False,Johnson B,CCD,SFRA,1.179,True
494,R_LEO,000-BBQ-798,2459163.99293,5.827,0.035,False,Johnson V,CCD,SFRA,1.176,True
495,R LEO,000-BBQ-798,2459164.98270,7.198,0.003,False,Johnson B,CCD,SFRA,1.199,True
496,R LEO,000-BBQ-798,2459164.98420,5.804,0.003,False,Johnson V,CCD,SFRA,1.195,True
497,R LEO,000-BBQ-798,2459165.96509,7.208,0.003,False,Johnson B,CCD,SFRA,1.258,True
498,R LEO,000-BBQ-798,2459165.96661,5.801,0.003,False,Johnson V,CCD,SFRA,1.253,True
499,R LEO,000-BBQ-798,2459167.97767,7.233,0.003,False,Johnson B,CCD,SFRA,1.188,True
500,R LEO,000-BBQ-798,2459167.97920,5.839,0.003,False,Johnson V,CCD,SFRA,1.184,True
501,R LEO,000-BBQ-798,2459168.6264,5.823,0.012,False,Johnson V,DSLR,VOL,1.41,True
502,R LEO,000-BBQ-798,2459168.6276,5.832,0.006,False,Johnson V,DSLR,VOL,1.41,True
503,R LEO,000-BBQ-798,2459168.84157,7.293,0.028,False,Johnson B,CCD,SFRA,1.495,True
504,R LEO,000-BBQ-798,2459168.84457,5.903,0.003,False,Johnson V,CCD,SFRA,1.480,True
505,R LEO,000-BBQ-798,2459168.95593,7.251,0.003,False,Johnson B,CCD,SFRA,1.263,True
506,R LEO,000-BBQ-798,2459168.95744,5.832,0.003,False,Johnson V,CCD,SFRA,1.257,True
507,R LEO,000-BBQ-798,2459169.95049,7.268,0.003,False,Johnson B,CCD,SFRA,1.275,True
508,R LEO,000-BBQ-798,2459169.95199,5.871,0.003,False,Johnson V,CCD,SFRA,1.270,True
509,R LEO,000-BBQ-798,2459170.95152,7.292,0.004,False,Johnson B,CCD,SFRA,1.258,True
510,R LEO,000-BBQ-798,2459170.95302,5.870,0.003,False,Johnson V,CCD,SFRA,1.253,True
511,R LEO,000-BBQ-798,2459171.97608,7.311,0.003,False,Johnson B,CCD,SFRA,1.160,True
512,R LEO,000-BBQ-798,2459171.97758,5.876,0.003,False,Johnson V,CCD,SFRA,1.157,True
513,R LEO,000-BBQ-798,2459172.5409,5.849,0.016,False,Johnson V,DSLR,VOL,2.01,True
514,R LEO,000-BBQ-798,2459172.5421,5.878,0.008,False,Johnson V,DSLR,VOL,1.99,True
515,R LEO,000-BBQ-798,2459172.95896,7.332,0.004,False,Johnson B,CCD,SFRA,1.206,True
516,R LEO,000-BBQ-798,2459172.96049,5.917,0.003,False,Johnson V,CCD,SFRA,1.202,True
517,R LEO,000-BBQ-798,2459173.96002,7.349,0.004,False,Johnson B,CCD,SFRA,1.192,True
518,R LEO,000-BBQ-798,2459173.96153,5.912,0.004,False,Johnson V,CCD,SFRA,1.189,True
519,R LEO,000-BBQ-798,2459174.98604,7.359,0.003,False,Johnson B,CCD,SFRA,1.118,True
520,R LEO,000-BBQ-798,2459174.98755,5.945,0.003,False,Johnson V,CCD,SFRA,1.116,True
521,R LEO,000-BBQ-798,2459177.99601,7.415,0.003,False,Johnson B,CCD,SFRA,1.091,True
522,R LEO,000-BBQ-798,2459177.99752,6.020,0.003,False,Johnson V,CCD,SFRA,1.090,True
523,R LEO,000-BBQ-798,2459179.00164,7.429,0.003,False,Johnson B,CCD,SFRA,1.083,True
524,R LEO,000-BBQ-798,2459179.00316,6.014,0.003,False,Johnson V,CCD,SFRA,1.082,True
525,R LEO,000-BBQ-798,2459179.99333,7.461,0.003,False,Johnson B,CCD,SFRA,1.088,True
526,R LEO,000-BBQ-798,2459179.99484,6.025,0.003,False,Johnson V,CCD,SFRA,1.087,True
527,R LEO,000-BBQ-798,2459180.98169,7.480,0.004,False,Johnson B,CCD,SFRA,1.098,True
528,R LEO,000-BBQ-798,2459180.98322,6.038,0.004,False,Johnson V,CCD,SFRA,1.097,True
529,R LEO,000-BBQ-798,2459182.84159,7.572,0.004,False,Johnson B,CCD,SFRA,1.980,True
530,R LEO,000-BBQ-798,2459182.84311,6.074,0.004,False,Johnson V,CCD,SFRA,1.959,True
531,R LEO,000-BBQ-798,2459183.84039,7.594,0.004,False,Johnson B,CCD,SFRA,1.953,True
532,R LEO,000-BBQ-798,2459183.84192,6.117,0.004,False,Johnson V,CCD,SFRA,1.933,True
533,R LEO,000-BBQ-798,2459186.97087,7.624,0.004,False,Johnson B,CCD,SFRA,1.092,True
534,R LEO,000-BBQ-798,2459186.97237,6.203,0.003,False,Johnson V,CCD,SFRA,1.090,True
535,R LEO,000-BBQ-798,2459187.87999,7.656,0.003,False,Johnson B,CCD,SFRA,1.399,True
536,R LEO,000-BBQ-798,2459187.88150,6.207,0.003,False,Johnson V,CCD,SFRA,1.391,True
537,R LEO,000-BBQ-798,2459188.96219,7.684,0.003,False,Johnson B,CCD,SFRA,1.095,True
538,R LEO,000-BBQ-798,2459188.96372,6.262,0.003,False,Johnson V,CCD,SFRA,1.094,True
539,R LEO,000-BBQ-798,2459190.96512,7.730,0.003,False,Johnson B,CCD,SFRA,1.086,True
540,R LEO,000-BBQ-798,2459190.96664,6.314,0.003,False,Johnson V,CCD,SFRA,1.085,True
541,R LEO,000-BBQ-798,2459191.96449,7.783,0.003,False,Johnson B,CCD,SFRA,1.084,True
542,R LEO,000-BBQ-798,2459191.96602,6.343,0.003,False,Johnson V,CCD,SFRA,1.083,True
543,R LEO,000-BBQ-798,2459192.92192,7.805,0.004,False,Johnson B,CCD,SFRA,1.151,True
544,R LEO,000-BBQ-798,2459192.92344,6.361,0.004,False,Johnson V,CCD,SFRA,1.148,True
545,R LEO,000-BBQ-798,2459196.98442,7.835,0.081,False,Johnson B,CCD,SFRA,1.063,True
546,R LEO,000-BBQ-798,2459196.98565,6.491,0.044,False,Johnson V,CCD,SFRA,1.064,True
547,R_LEO,000-BBQ-798,2459203.04251,8.177,0.004,False,Johnson B,CCD,SFRA,1.233,True
548,R_LEO,000-BBQ-798,2459203.04403,6.706,0.007,False,Johnson V,CCD,SFRA,1.238,True
549,R_LEO,000-BBQ-798,2459205.00211,8.233,0.011,False,Johnson B,CCD,SFRA,1.127,True
550,R_LEO,000-BBQ-798,2459205.00362,6.773,0.015,False,Johnson V,CCD,SFRA,1.130,True
551,R_LEO,000-BBQ-798,2459205.79287,8.232,0.036,False,Johnson B,CCD,SFRA,1.763,True
552,R_LEO,000-BBQ-798,2459205.79435,6.780,0.019,False,Johnson V,CCD,SFRA,1.748,True
553,R_LEO,000-BBQ-798,2459206.78525,8.297,0.033,False,Johnson B,CCD,SFRA,1.831,True
554,R_LEO,000-BBQ-798,2459206.78677,6.840,0.014,False,Johnson V,CCD,SFRA,1.814,True
555,0942+11,000-BBQ-798,2459207.6076,6.846,0.015,False,Johnson V,DSLR,SHS,3.628,True
556,R_LEO,000-BBQ-798,2459207.77472,8.388,0.065,False,Johnson B,CCD,SFRA,1.955,True
557,R_LEO,000-BBQ-798,2459207.77625,6.900,0.013,False,Johnson V,CCD,SFRA,1.935,True
558,R_LEO,000-BBQ-798,2459209.77225,8.378,0.031,False,Johnson B,CCD,SFRA,1.906,True
559,R_LEO,000-BBQ-798,2459209.77376,6.911,0.013,False,Johnson V,CCD,SFRA,1.887,True
560,R_LEO,000-BBQ-798,2459210.76538,8.419,0.044,False,Johnson B,CCD,SFRA,1.975,True
561,R_LEO,000-BBQ-798,2459210.76690,6.944,0.015,False,Johnson V,CCD,SFRA,1.955,True
562,R_LEO,000-BBQ-798,2459212.76903,8.496,0.013,False,Johnson B,CCD,SFRA,1.829,True
563,R_LEO,000-BBQ-798,2459212.77057,6.996,0.008,False,Johnson V,CCD,SFRA,1.812,True
564,R_LEO,000-BBQ-798,2459214.82522,8.571,0.011,False,Johnson B,CCD,SFRA,1.287,True
565,R_LEO,000-BBQ-798,2459214.82676,7.057,0.009,False,Johnson V,CCD,SFRA,1.281,True
566,R_LEO,000-BBQ-798,2459215.75358,8.632,0.032,False,Johnson B,CCD,SFRA,1.944,True
567,R_LEO,000-BBQ-798,2459215.75510,7.079,0.051,False,Johnson V,CCD,SFRA,1.924,True
568,R_LEO,000-BBQ-798,2459218.75201,8.674,0.036,False,Johnson B,CCD,SFRA,1.839,True
569,R_LEO,000-BBQ-798,2459218.75353,7.155,0.008,False,Johnson V,CCD,SFRA,1.821,True
570,R_LEO,000-BBQ-798,2459219.74067,8.744,0.033,False,Johnson B,CCD,SFRA,1.978,True
571,R_LEO,000-BBQ-798,2459219.74219,7.176,0.023,False,Johnson V,CCD,SFRA,1.957,True
572,R_LEO,000-BBQ-798,2459220.75763,8.799,0.006,False,Johnson B,CCD,SFRA,1.691,True
573,R_LEO,000-BBQ-798,2459220.75914,7.232,0.022,False,Johnson V,CCD,SFRA,1.677,True
574,R_LEO,000-BBQ-798,2459222.75308,8.880,0.006,False,Johnson B,CCD,SFRA,1.680,True
575,R_LEO,000-BBQ-798,2459222.75461,7.279,0.005,False,Johnson V,CCD,SFRA,1.666,True
576,R_LEO,000-BBQ-798,2459223.73075,8.883,0.032,False,Johnson B,CCD,SFRA,1.960,True
577,R_LEO,000-BBQ-798,2459223.73226,7.308,0.012,False,Johnson V,CCD,SFRA,1.940,True
578,R_LEO,000-BBQ-798,2459225.81609,8.982,0.010,False,Johnson B,CCD,SFRA,1.200,True
579,R_LEO,000-BBQ-798,2459225.81762,7.378,0.014,False,Johnson V,CCD,SFRA,1.196,True
580,000-BBQ-798,000-BBQ-798,2459226.38949,7.42,0.02,False,Johnson V,CCD,BLUE,2.36,False
581,R_LEO,000-BBQ-798,2459226.72708,9.041,0.027,False,Johnson B,CCD,SFRA,1.886,True
582,R_LEO,000-BBQ-798,2459226.72861,7.406,0.014,False,Johnson V,CCD,SFRA,1.868,True
583,R_LEO,000-BBQ-798,2459227.72793,9.047,0.010,False,Johnson B,CCD,SFRA,1.831,True
584,R_LEO,000-BBQ-798,2459227.72946,7.440,0.012,False,Johnson V,CCD,SFRA,1.814,True
585,R_LEO,000-BBQ-798,2459229.71633,9.181,0.043,False,Johnson B,CCD,SFRA,1.927,True
586,R_LEO,000-BBQ-798,2459229.71786,7.520,0.049,False,Johnson V,CCD,SFRA,1.908,True
587,0942+11,000-BBQ-798,2459230.5666,7.454,0.004,False,Johnson V,DSLR,SHS,2.728,True
588,R_LEO,000-BBQ-798,2459230.71800,9.175,0.007,False,Johnson B,CCD,SFRA,1.857,True
589,R_LEO,000-BBQ-798,2459230.71950,7.528,0.009,False,Johnson V,CCD,SFRA,1.840,True
590,R_LEO,000-BBQ-798,2459231.70958,9.202,0.011,False,Johnson B,CCD,SFRA,1.949,True
591,R_LEO,000-BBQ-798,2459231.71111,7.578,0.011,False,Johnson V,CCD,SFRA,1.929,True
592,R LEO,000-BBQ-798,2459231.73561,8.088,0.002,False,Johnson V,CCD,HDE,1.193,False
593,R_LEO,000-BBQ-798,2459232.70838,9.305,0.051,False,Johnson B,CCD,SFRA,1.923,True
594,R_LEO,000-BBQ-798,2459232.70991,7.599,0.050,False,Johnson V,CCD,SFRA,1.904,True
595,R Leo,000-BBQ-798,2459233.38612,7.66,0.02,False,Johnson V,CCD,BLUE,2.03,False
596,R LEO,000-BBQ-798,2459236.1625,7.9,,False,Johnson V,CCD,TYGA,,False
597,R_LEO,000-BBQ-798,2459236.82943,9.369,0.101,False,Johnson B,CCD,SFRA,1.098,True
598,R_LEO,000-BBQ-798,2459236.83095,7.703,0.104,False,Johnson V,CCD,SFRA,1.096,True
599,R_LEO,000-BBQ-798,2459237.69341,9.412,0.022,False,Johnson B,CCD,SFRA,1.945,True
600,R_LEO,000-BBQ-798,2459237.69494,7.761,0.008,False,Johnson V,CCD,SFRA,1.925,True
601,R_LEO,000-BBQ-798,2459238.69844,9.538,0.075,False,Johnson B,CCD,SFRA,1.823,True
602,R_LEO,000-BBQ-798,2459238.69997,7.787,0.054,False,Johnson V,CCD,SFRA,1.806,True
603,R Leo,000-BBQ-798,2459239.33183,7.89,0.02,False,Johnson V,CCD,BLUE,2.99,False
604,R_LEO,000-BBQ-798,2459241.79303,9.707,0.121,False,Johnson B,CCD,SFRA,1.139,True
605,R_LEO,000-BBQ-798,2459241.79457,7.975,0.131,False,Johnson V,CCD,SFRA,1.137,True
606,R LEO,000-BBQ-798,2459245.64861,8.10,0.04,False,Johnson V,DSLR,KMWA,1.678,True
607,R_LEO,000-BBQ-798,2459245.70589,9.827,0.096,False,Johnson B,CCD,SFRA,1.521,True
608,R_LEO,000-BBQ-798,2459245.70742,8.081,0.101,False,Johnson V,CCD,SFRA,1.510,True
609,R Leo,000-BBQ-798,2459246.33338,8.14,0.03,False,Johnson V,CCD,BLUE,2.36,False
610,R_LEO,000-BBQ-798,2459249.80082,9.949,0.040,False,Johnson B,CCD,SFRA,1.089,True
611,R_LEO,000-BBQ-798,2459249.80233,8.206,0.015,False,Johnson V,CCD,SFRA,1.088,True
612,R_LEO,000-BBQ-798,2459250.68247,10.060,0.095,False,Johnson B,CCD,SFRA,1.615,True
613,R_LEO,000-BBQ-798,2459250.68398,8.230,0.098,False,Johnson V,CCD,SFRA,1.603,True
614,R_LEO,000-BBQ-798,2459251.66391,10.028,0.011,False,Johnson B,CCD,SFRA,1.809,True
615,R_LEO,000-BBQ-798,2459251.66544,8.251,0.015,False,Johnson V,CCD,SFRA,1.793,True
616,R_LEO,000-BBQ-798,2459252.65806,10.149,0.047,False,Johnson B,CCD,SFRA,1.855,True
617,R_LEO,000-BBQ-798,2459252.65958,8.315,0.058,False,Johnson V,CCD,SFRA,1.837,True
618,R Leo,000-BBQ-798,2459253.647917,8.449,0.0020,False,Johnson V,CCD,KZAE,1.967,False
619,R_LEO,000-BBQ-798,2459253.66517,10.121,0.017,False,Johnson B,CCD,SFRA,1.720,True
620,R_LEO,000-BBQ-798,2459253.66668,8.324,0.012,False,Johnson V,CCD,SFRA,1.705,True
621,R Leo,000-BBQ-798,2459259.3157,10.41,0.02,False,Johnson B,CCD,BLUE,,False
622,R LEO,000-BBQ-798,2459259.38403,8.434,0.06,False,Johnson V,DSLR,KMWA,1.556,True
623,R LEO,000-BBQ-798,2459259.529,10.91,0.16,False,Johnson B,DSLR,PHG,1.328,True
624,R LEO,000-BBQ-798,2459260.27083,8.117,0.01,False,Johnson V,CCD,TUB,,False
625,R LEO,000-BBQ-798,2459261.2757,8.217,0.0008,False,Johnson V,CCD,BDVA,2.195,False
626,R_LEO,000-BBQ-798,2459266.75341,10.755,0.110,False,Johnson B,CCD,SFRA,1.090,True
627,R_LEO,000-BBQ-798,2459266.75495,8.832,0.126,False,Johnson V,CCD,SFRA,1.089,True
628,R Leo,000-BBQ-798,2459267.302303,8.8,0.02,False,Johnson V,CCD,BLUE,,False
629,R_LEO,000-BBQ-798,2459267.64597,10.700,0.021,False,Johnson B,CCD,SFRA,1.519,True
630,R_LEO,000-BBQ-798,2459267.64751,8.792,0.022,False,Johnson V,CCD,SFRA,1.509,True
631,R_LEO,000-BBQ-798,2459268.65797,10.835,0.067,False,Johnson B,CCD,SFRA,1.404,True
632,R_LEO,000-BBQ-798,2459268.65950,8.882,0.072,False,Johnson V,CCD,SFRA,1.396,True
633,R LEO,000-BBQ-798,2459269.2823,8.465,0.0016,False,Johnson V,CCD,BDVA,1.803,False
634,R Leo,000-BBQ-798,2459275.292049,9.06,0.01,False,Johnson V,CCD,BLUE,1.76,False
635,R LEO,000-BBQ-798,2459275.314,11.65,0.07,False,Johnson B,DSLR,PHG,1.622,True
636,R LEO,000-BBQ-798,2459275.314,8.92,0.03,False,Johnson V,DSLR,PHG,1.622,True
637,R_LEO,000-BBQ-798,2459275.72653,11.135,0.091,False,Johnson B,CCD,SFRA,1.093,True
638,R_LEO,000-BBQ-798,2459275.72804,9.179,0.147,False,Johnson V,CCD,SFRA,1.092,True
639,R LEO,000-BBQ-798,2459276.46181,8.948,0.038,False,Johnson V,DSLR,KMWA,1.309,True
640,R LEO,000-BBQ-798,2459276.46181,10.97,0.2,False,Johnson B,DSLR,KMWA,1.309,True
641,0942+11,000-BBQ-798,2459277.5048,9.313,0.130,False,Johnson V,DSLR,SHS,1.632,True
642,R_LEO,000-BBQ-798,2459279.98522,11.247,0.010,False,Johnson B,CCD,SFRA,1.234,True
643,R_LEO,000-BBQ-798,2459279.98640,9.234,0.006,False,Johnson V,CCD,SFRA,1.240,True
644,R LEO,000-BBQ-798,2459280.27569,8.853,0.01,False,Johnson V,CCD,TUB,,False
645,R LEO,000-BBQ-798,2459280.3528,8.903,0.0010,False,Johnson V,CCD,BDVA,1.275,False
646,R LEO,000-BBQ-798,2459283.72218,9.172,0.017,False,Johnson V,CCD,MZK,1.308,False
647,R LEO,000-BBQ-798,2459284.3487,8.833,0.0013,False,Johnson V,CCD,BDVA,1.264,False
648,R LEO,000-BBQ-798,2459289.64509,9.359,0.013,False,Johnson V,CCD,MZK,1.174,False
649,R Leo,000-BBQ-798,2459291.3972,12.3,0.1,False,Johnson B,DSLR,CTIA,1.2,True
650,R Leo,000-BBQ-798,2459291.3972,9.12,0.05,False,Johnson V,DSLR,CTIA,1.2,True
651,0942+11,000-BBQ-798,2459291.5020,9.889,0.081,False,Johnson V,DSLR,SHS,1.402,True
652,R LEO,000-BBQ-798,2459294.28333,9.427,0.01,False,Johnson V,CCD,TUB,,False
653,R LEO,000-BBQ-798,2459294.36936,9.429,0.033,False,Johnson V,CCD,FGP,,
654,R LEO,000-BBQ-798,2459296.3611,9.240,0.0015,False,Johnson V,CCD,BDVA,1.238,False
655,R LEO,000-BBQ-798,2459296.55308,9.840,0.003,False,Johnson V,CCD,LMA,1.289,False
656,R LEO,000-BBQ-798,2459300.3445,9.394,0.0029,False,Johnson V,CCD,BDVA,1.236,False
657,R LEO,000-BBQ-798,2459302.32890,12.022,0.026,False,Johnson B,CCD,TJV,1.291,False
658,R LEO,000-BBQ-798,2459303.62167,9.719,0.023,False,Johnson V,CCD,MZK,1.192,False
659,R_LEO,000-BBQ-798,2459304.60766,12.150,0.024,False,Johnson B,CCD,SFRA,1.174,True
660,R_LEO,000-BBQ-798,2459304.60917,10.012,0.013,False,Johnson V,CCD,SFRA,1.170,True
661,R_LEO,000-BBQ-798,2459305.60278,12.151,0.031,False,Johnson B,CCD,SFRA,1.182,True
662,R_LEO,000-BBQ-798,2459305.60431,9.990,0.016,False,Johnson V,CCD,SFRA,1.178,True
663,R LEO,000-BBQ-798,2459307.60839,9.953,0.006,False,Johnson V,CCD,JENJ,1.142,False
664,R LEO,000-BBQ-798,2459308.58390,12.430,0.041,False,Johnson B,CCD,JENJ,1.162,False
665,R_LEO,000-BBQ-798,2459308.71147,12.201,0.068,False,Johnson B,CCD,SFRA,1.115,True
666,R_LEO,000-BBQ-798,2459308.71300,9.952,0.050,False,Johnson V,CCD,SFRA,1.117,True
667,R LEO,000-BBQ-798,2459309.31319,10.065,0.01,False,Johnson V,CCD,TUB,,False
668,R LEO,000-BBQ-798,2459309.37773,12.245,0.100,False,Johnson B,CCD,TJV,1.180,False
669,R_LEO,000-BBQ-798,2459309.66280,12.172,0.076,False,Johnson B,CCD,SFRA,1.076,True
670,R_LEO,000-BBQ-798,2459309.66429,9.988,0.056,False,Johnson V,CCD,SFRA,1.076,True
671,R_LEO,000-BBQ-798,2459310.70711,12.152,0.075,False,Johnson B,CCD,SFRA,1.117,True
672,R_LEO,000-BBQ-798,2459310.70861,9.976,0.051,False,Johnson V,CCD,SFRA,1.119,True
673,R_LEO,000-BBQ-798,2459311.70462,12.179,0.073,False,Johnson B,CCD,SFRA,1.117,True
674,R_LEO,000-BBQ-798,2459311.70613,10.012,0.042,False,Johnson V,CCD,SFRA,1.120,True
675,R LEO,000-BBQ-798,2459312.33672,12.305,0.100,False,Johnson B,CCD,TJV,1.208,False
676,R_LEO,000-BBQ-798,2459312.70447,12.177,0.068,False,Johnson B,CCD,SFRA,1.122,True
677,R_LEO,000-BBQ-798,2459312.70597,10.003,0.040,False,Johnson V,CCD,SFRA,1.125,True
678,R_LEO,000-BBQ-798,2459313.69193,12.258,0.084,False,Johnson B,CCD,SFRA,1.105,True
679,R_LEO,000-BBQ-798,2459313.69346,10.034,0.059,False,Johnson V,CCD,SFRA,1.107,True
680,R_LEO,000-BBQ-798,2459314.65707,12.288,0.069,False,Johnson B,CCD,SFRA,1.077,True
681,R_LEO,000-BBQ-798,2459314.65860,10.073,0.040,False,Johnson V,CCD,SFRA,1.077,True
682,R LEO,000-BBQ-798,2459315.35833,9.929,0.01,False,Johnson V,CCD,TUB,,False
683,R LEO,000-BBQ-798,2459315.59668,10.234,0.003,False,Johnson V,CCD,LMA,1.309,False
684,R_LEO,000-BBQ-798,2459315.66078,12.208,0.062,False,Johnson B,CCD,SFRA,1.079,True
685,R_LEO,000-BBQ-798,2459315.66229,10.011,0.042,False,Johnson V,CCD,SFRA,1.080,True
686,R_LEO,000-BBQ-798,2459317.68603,12.379,0.073,False,Johnson B,CCD,SFRA,1.113,True
687,R_LEO,000-BBQ-798,2459317.68755,10.070,0.062,False,Johnson V,CCD,SFRA,1.115,True
688,R_LEO,000-BBQ-798,2459317.94168,12.289,0.081,False,Johnson B,CCD,SFRA,1.792,True
689,R_LEO,000-BBQ-798,2459317.94297,10.060,0.058,False,Johnson V,CCD,SFRA,1.812,True
690,R_LEO,000-BBQ-798,2459318.65571,12.324,0.072,False,Johnson B,CCD,SFRA,1.081,True
691,R_LEO,000-BBQ-798,2459318.65722,10.046,0.054,False,Johnson V,CCD,SFRA,1.082,True
692,0942+11,000-BBQ-798,2459319.5375,10.378,0.064,False,Johnson V,DSLR,SHS,1.204,True
693,R LEO,000-BBQ-798,2459320.66379,10.5157,0.0024,False,Johnson V,CCD,PJEE,1.240,False
694,R LEO,000-BBQ-798,2459320.664555,10.5227,0.0025,False,Johnson V,CCD,PJEE,1.243,False
695,R LEO,000-BBQ-798,2459320.665318,10.5334,0.0026,False,Johnson V,CCD,PJEE,1.246,False
696,R LEO,000-BBQ-798,2459321.34306,9.978,0.041,False,Johnson V,DSLR,KMWA,1.313,True
697,R LEO,000-BBQ-798,2459321.34306,11.90,0.2,False,Johnson B,DSLR,KMWA,1.313,True
698,R_LEO,000-BBQ-798,2459324.69147,12.329,0.057,False,Johnson B,CCD,SFRA,1.171,True
699,R_LEO,000-BBQ-798,2459324.69300,10.068,0.040,False,Johnson V,CCD,SFRA,1.174,True
700,R_LEO,000-BBQ-798,2459325.69319,12.392,0.075,False,Johnson B,CCD,SFRA,1.184,True
701,R_LEO,000-BBQ-798,2459325.69472,10.063,0.055,False,Johnson V,CCD,SFRA,1.188,True
702,R LEO,000-BBQ-798,2459328.34028,9.884,0.01,False,Johnson V,CCD,TUB,,False
703,R LEO,000-BBQ-798,2459328.37778,9.876,0.055,False,Johnson V,DSLR,KMWA,1.437,True
704,R LEO,000-BBQ-798,2459328.37778,12.30,0.15,False,Johnson B,DSLR,KMWA,1.437,True
705,R_LEO,000-BBQ-798,2459328.70157,12.384,0.077,False,Johnson B,CCD,SFRA,1.246,True
706,R_LEO,000-BBQ-798,2459328.70310,10.142,0.065,False,Johnson V,CCD,SFRA,1.251,True
707,R_LEO,000-BBQ-798,2459329.67984,12.392,0.068,False,Johnson B,CCD,SFRA,1.177,True
708,R_LEO,000-BBQ-798,2459329.68138,10.129,0.054,False,Johnson V,CCD,SFRA,1.181,True
709,R LEO,000-BBQ-798,2459331.381,12.93,0.1,False,Johnson B,DSLR,PHG,1.506,True
710,R LEO,000-BBQ-798,2459331.381,9.88,0.08,False,Johnson V,DSLR,PHG,1.506,True
711,R LEO,000-BBQ-798,2459331.58628,10.015,0.029,False,Johnson V,CCD,SGEO,1.291,True
712,R LEO,000-BBQ-798,2459331.58660,10.081,0.001,False,Johnson V,CCD,SGEO,1.292,False
713,R LEO,000-BBQ-798,2459331.58660,10.084,0.001,False,Johnson V,CCD,SGEO,1.292,False
714,R LEO,000-BBQ-798,2459331.58763,12.667,0.019,False,Johnson B,CCD,SGEO,1.296,True
715,R LEO,000-BBQ-798,2459332.33274,10.153,0.011,False,Johnson V,CCD,SPIB,1.494,False
716,R LEO,000-BBQ-798,2459333.70953,12.386,0.033,False,Johnson B,CCD,KNAA,1.208,True
717,R LEO,000-BBQ-798,2459333.71089,10.207,0.042,False,Johnson V,CCD,KNAA,1.214,True
718,R LEO,000-BBQ-798,2459334.59142,12.577,0.008,False,Johnson B,CCD,JENJ,1.178,False
719,R LEO,000-BBQ-798,2459334.59788,10.072,0.055,False,Johnson V,CCD,JENJ,1.190,False
720,0942+11,000-BBQ-798,2459336.5513,10.487,0.041,False,Johnson V,DSLR,SHS,1.325,True
721,R_LEO,000-BBQ-798,2459336.67516,12.374,0.089,False,Johnson B,CCD,SFRA,1.227,True
722,R_LEO,000-BBQ-798,2459336.67666,10.033,0.054,False,Johnson V,CCD,SFRA,1.232,True
723,R_LEO,000-BBQ-798,2459337.66641,12.372,0.084,False,Johnson B,CCD,SFRA,1.204,True
724,R_LEO,000-BBQ-798,2459337.66794,10.020,0.066,False,Johnson V,CCD,SFRA,1.209,True
725,R_LEO,000-BBQ-798,2459339.65216,12.339,0.064,False,Johnson B,CCD,SFRA,1.176,True
726,R_LEO,000-BBQ-798,2459339.65368,9.989,0.052,False,Johnson V,CCD,SFRA,1.179,True
727,R LEO,000-BBQ-798,2459340.57008,10.021,0.008,False,Johnson V,CCD,JENJ,1.169,False
728,R_LEO,000-BBQ-798,2459342.71501,12.258,0.066,False,Johnson B,CCD,SFRA,1.598,True
729,R_LEO,000-BBQ-798,2459342.71653,9.908,0.059,False,Johnson V,CCD,SFRA,1.610,True
730,R_LEO,000-BBQ-798,2459343.65380,12.181,0.081,False,Johnson B,CCD,SFRA,1.218,True
731,R_LEO,000-BBQ-798,2459343.65531,9.927,0.055,False,Johnson V,CCD,SFRA,1.223,True
732,R LEO,000-BBQ-798,2459344.35417,9.532,0.01,False,Johnson V,CCD,TUB,,False
733,R LEO,000-BBQ-798,2459344.3633,9.413,0.0017,False,Johnson V,CCD,BDVA,1.775,False
734,R_LEO,000-BBQ-798,2459344.65455,12.180,0.072,False,Johnson B,CCD,SFRA,1.232,True
735,R_LEO,000-BBQ-798,2459344.65605,9.897,0.049,False,Johnson V,CCD,SFRA,1.237,True
736,R_LEO,000-BBQ-798,2459345.64734,12.177,0.105,False,Johnson B,CCD,SFRA,1.215,True
737,R_LEO,000-BBQ-798,2459345.64885,9.852,0.039,False,Johnson V,CCD,SFRA,1.219,True
738,R LEO,000-BBQ-798,2459347.58130,9.790,0.007,False,Johnson V,CCD,JENJ,1.240,False
739,R LEO,000-BBQ-798,2459349.03819,9.8,,False,Johnson V,CCD,TYGA,,False
740,0942+11,000-BBQ-798,2459350.5444,9.885,0.066,False,Johnson V,DSLR,SHS,1.471,True
741,R_LEO,000-BBQ-798,2459350.66955,12.035,0.123,False,Johnson B,CCD,SFRA,1.400,True
742,R_LEO,000-BBQ-798,2459350.67108,9.718,0.045,False,Johnson V,CCD,SFRA,1.408,True
743,R_LEO,000-BBQ-798,2459351.63166,12.013,0.082,False,Johnson B,CCD,SFRA,1.217,True
744,R_LEO,000-BBQ-798,2459351.63318,9.749,0.069,False,Johnson V,CCD,SFRA,1.222,True
745,R_LEO,000-BBQ-798,2459352.63214,12.049,0.079,False,Johnson B,CCD,SFRA,1.230,True
746,R_LEO,000-BBQ-798,2459352.63366,9.721,0.054,False,Johnson V,CCD,SFRA,1.235,True
747,R_LEO,000-BBQ-798,2459355.63352,11.935,0.063,False,Johnson B,CCD,SFRA,1.271,True
748,R_LEO,000-BBQ-798,2459355.63503,9.625,0.039,False,Johnson V,CCD,SFRA,1.277,True
749,R_LEO,000-BBQ-798,2459359.64664,11.731,0.069,False,Johnson B,CCD,SFRA,1.411,True
750,R_LEO,000-BBQ-798,2459359.64816,9.552,0.061,False,Johnson V,CCD,SFRA,1.420,True
751,R LEO,000-BBQ-798,2459360.00278,9.4,,False,Johnson V,CCD,TYGA,,False
752,R LEO,000-BBQ-798,2459361.58289,9.345,0.012,False,Johnson V,CCD,JENJ,1.416,True
753,R LEO,000-BBQ-798,2459361.58998,12.315,0.017,False,Johnson B,CCD,JENJ,1.460,True
754,R_LEO,000-BBQ-798,2459361.64440,11.739,0.079,False,Johnson B,CCD,SFRA,1.434,True
755,R_LEO,000-BBQ-798,2459361.64593,9.473,0.054,False,Johnson V,CCD,SFRA,1.442,True
756,R_LEO,000-BBQ-798,2459362.64609,11.801,0.052,False,Johnson B,CCD,SFRA,1.469,True
757,R_LEO,000-BBQ-798,2459362.64762,9.419,0.045,False,Johnson V,CCD,SFRA,1.479,True
758,R_LEO,000-BBQ-798,2459363.67410,11.672,0.090,False,Johnson B,CCD,SFRA,1.794,True
759,R_LEO,000-BBQ-798,2459363.67563,9.359,0.055,False,Johnson V,CCD,SFRA,1.810,True
760,R LEO,000-BBQ-798,2459364.3447,8.741,0.0015,False,Johnson V,CCD,BDVA,2.287,False
761,R_LEO,000-BBQ-798,2459367.76369,11.460,0.033,False,Johnson B,CCD,SFRA,1.347,True
762,R_LEO,000-BBQ-798,2459367.76501,9.248,0.037,False,Johnson V,CCD,SFRA,1.354,True
763,R LEO,000-BBQ-798,2459368.70352,11.729,.043,False,Johnson B,CCD,KNAA,1.940,True
764,R LEO,000-BBQ-798,2459368.70458,9.291,.046,False,Johnson V,CCD,KNAA,1.959,True
765,R LEO,000-BBQ-798,2459369.36319,8.839,0.01,False,Johnson V,CCD,TUB,,False
766,R_LEO,000-BBQ-798,2459369.74862,11.478,0.062,False,Johnson B,CCD,SFRA,1.283,True
767,R_LEO,000-BBQ-798,2459369.74994,9.226,0.056,False,Johnson V,CCD,SFRA,1.290,True
768,R LEO,000-BBQ-798,2459371.59102,9.180,0.022,False,Johnson V,CCD,JENJ,1.704,False
769,R LEO,000-BBQ-798,2459373.3608,8.696,0.0027,False,Johnson V,CCD,BDVA,3.590,False
770,R_LEO,000-BBQ-798,2459373.64414,11.355,0.071,False,Johnson B,CCD,SFRA,1.759,True
771,R_LEO,000-BBQ-798,2459373.64556,9.141,0.060,False,Johnson V,CCD,SFRA,1.773,True
772,0942+11,000-BBQ-798,2459378.5604,8.858,0.025,False,Johnson V,DSLR,SHS,2.833,True
773,R LEO,000-BBQ-798,2459379.97639,9.0,,False,Johnson V,CCD,TYGA,,False
774,R_LEO,000-BBQ-798,2459384.74728,11.038,0.095,False,Johnson B,CCD,SFRA,1.621,True
775,R_LEO,000-BBQ-798,2459384.74860,8.829,0.064,False,Johnson V,CCD,SFRA,1.633,True
776,R_LEO,000-BBQ-798,2459385.74564,10.989,0.071,False,Johnson B,CCD,SFRA,1.634,True
777,R_LEO,000-BBQ-798,2459385.74693,8.797,0.079,False,Johnson V,CCD,SFRA,1.647,True
778,R_LEO,000-BBQ-798,2459386.74583,10.987,0.069,False,Johnson B,CCD,SFRA,1.672,True
779,R_LEO,000-BBQ-798,2459386.74708,8.792,0.058,False,Johnson V,CCD,SFRA,1.686,True
780,R_LEO,000-BBQ-798,2459490.99892,8.350,0.076,False,Johnson B,CCD,SFRA,1.960,True
781,R_LEO,000-BBQ-798,2459491.00044,6.889,0.039,False,Johnson V,CCD,SFRA,1.940,True
782,R_LEO,000-BBQ-798,2459491.99616,8.276,0.086,False,Johnson B,CCD,SFRA,1.960,True
783,R_LEO,000-BBQ-798,2459491.99770,6.787,0.027,False,Johnson V,CCD,SFRA,1.940,True
784,R_LEO,000-BBQ-798,2459492.99284,8.327,0.064,False,Johnson B,CCD,SFRA,1.971,True
785,R_LEO,000-BBQ-798,2459492.99436,6.905,0.049,False,Johnson V,CCD,SFRA,1.951,True
786,R_LEO,000-BBQ-798,2459507.97980,8.762,0.048,False,Johnson B,CCD,SFRA,1.596,True
787,R_LEO,000-BBQ-798,2459507.98132,7.298,0.060,False,Johnson V,CCD,SFRA,1.584,True
788,R_LEO,000-BBQ-798,2459508.97954,8.819,0.044,False,Johnson B,CCD,SFRA,1.571,True
789,R_LEO,000-BBQ-798,2459508.98105,7.301,0.054,False,Johnson V,CCD,SFRA,1.560,True
790,R_LEO,000-BBQ-798,2459512.93957,8.906,0.054,False,Johnson B,CCD,SFRA,1.945,True
791,R_LEO,000-BBQ-798,2459512.94109,7.438,0.078,False,Johnson V,CCD,SFRA,1.925,True
792,R_LEO,000-BBQ-798,2459513.93630,8.902,0.027,False,Johnson B,CCD,SFRA,1.954,True
793,R_LEO,000-BBQ-798,2459513.93781,7.430,0.040,False,Johnson V,CCD,SFRA,1.934,True
794,R_LEO,000-BBQ-798,2459515.95755,9.029,0.046,False,Johnson B,CCD,SFRA,1.598,True
795,R_LEO,000-BBQ-798,2459515.95898,7.497,0.079,False,Johnson V,CCD,SFRA,1.587,True
796,R_LEO,000-BBQ-798,2459517.92977,9.022,0.028,False,Johnson B,CCD,SFRA,1.885,True
797,R_LEO,000-BBQ-798,2459517.93135,7.550,0.053,False,Johnson V,CCD,SFRA,1.863,True
798,R_LEO,000-BBQ-798,2459518.92116,9.085,0.035,False,Johnson B,CCD,SFRA,1.983,True
799,R_LEO,000-BBQ-798,2459518.92274,7.541,0.077,False,Johnson V,CCD,SFRA,1.959,True
800,R_LEO,000-BBQ-798,2459519.92005,9.089,0.025,False,Johnson B,CCD,SFRA,1.955,True
801,R_LEO,000-BBQ-798,2459519.92155,7.623,0.051,False,Johnson V,CCD,SFRA,1.935,True
802,R_LEO,000-BBQ-798,2459523.91238,9.146,0.069,False,Johnson B,CCD,SFRA,1.901,True
803,R_LEO,000-BBQ-798,2459523.91397,7.685,0.042,False,Johnson V,CCD,SFRA,1.878,True
804,R Leo,000-BBQ-798,2459524.10205,7.82,0.03,False,Johnson V,CCD,CWIB,1.323,False
805,R Leo,000-BBQ-798,2459524.10355,9.03,0.03,False,Johnson B,CCD,CWIB,1.314,False
806,R Leo,000-BBQ-798,2459529.01435,8.28,0.06,False,Johnson V,CCD,CWIB,1.098,False
807,R_LEO,000-BBQ-798,2459529.90986,9.384,0.044,False,Johnson B,CCD,SFRA,1.704,True
808,R_LEO,000-BBQ-798,2459529.91139,7.814,0.063,False,Johnson V,CCD,SFRA,1.690,True
809,R_LEO,000-BBQ-798,2459530.90097,9.403,0.020,False,Johnson B,CCD,SFRA,1.784,True
810,R_LEO,000-BBQ-798,2459530.90249,7.866,0.068,False,Johnson V,CCD,SFRA,1.768,True
811,R_LEO,000-BBQ-798,2459531.88720,9.444,0.027,False,Johnson B,CCD,SFRA,1.953,True
812,R_LEO,000-BBQ-798,2459531.88872,7.893,0.046,False,Johnson V,CCD,SFRA,1.934,True
813,R_LEO,000-BBQ-798,2459532.88477,9.469,0.030,False,Johnson B,CCD,SFRA,1.948,True
814,R_LEO,000-BBQ-798,2459532.88628,7.930,0.065,False,Johnson V,CCD,SFRA,1.928,True
815,R_LEO,000-BBQ-798,2459533.88176,9.446,0.008,False,Johnson B,CCD,SFRA,1.953,True
816,R_LEO,000-BBQ-798,2459533.88326,7.956,0.063,False,Johnson V,CCD,SFRA,1.934,True
817,R_LEO,000-BBQ-798,2459534.87924,9.509,0.030,False,Johnson B,CCD,SFRA,1.950,True
818,R_LEO,000-BBQ-798,2459534.88076,7.947,0.074,False,Johnson V,CCD,SFRA,1.930,True
819,R_LEO,000-BBQ-798,2459536.88017,9.600,0.037,False,Johnson B,CCD,SFRA,1.850,True
820,R_LEO,000-BBQ-798,2459536.88171,8.012,0.032,False,Johnson V,CCD,SFRA,1.832,True
821,R_LEO,000-BBQ-798,2459537.89777,9.618,0.018,False,Johnson B,CCD,SFRA,1.595,True
822,R_LEO,000-BBQ-798,2459537.89927,8.036,0.064,False,Johnson V,CCD,SFRA,1.584,True
823,R_LEO,000-BBQ-798,2459540.87013,9.718,0.041,False,Johnson B,CCD,SFRA,1.834,True
824,R_LEO,000-BBQ-798,2459540.87166,8.092,0.062,False,Johnson V,CCD,SFRA,1.817,True
825,R_LEO,000-BBQ-798,2459546.86507,9.871,0.036,False,Johnson B,CCD,SFRA,1.687,True
826,R_LEO,000-BBQ-798,2459546.86660,8.272,0.052,False,Johnson V,CCD,SFRA,1.673,True
827,R_LEO,000-BBQ-798,2459547.84416,9.924,0.053,False,Johnson B,CCD,SFRA,1.942,True
828,R_LEO,000-BBQ-798,2459547.84567,8.257,0.060,False,Johnson V,CCD,SFRA,1.923,True
829,R_LEO,000-BBQ-798,2459548.85315,9.934,0.026,False,Johnson B,CCD,SFRA,1.766,True
830,R_LEO,000-BBQ-798,2459548.85465,8.318,0.067,False,Johnson V,CCD,SFRA,1.750,True
831,R_LEO,000-BBQ-798,2459549.85730,9.980,0.036,False,Johnson B,CCD,SFRA,1.680,True
832,R_LEO,000-BBQ-798,2459549.85883,8.354,0.063,False,Johnson V,CCD,SFRA,1.666,True
833,R_LEO,000-BBQ-798,2459551.91939,10.041,0.039,False,Johnson B,CCD,SFRA,1.213,True
834,R_LEO,000-BBQ-798,2459551.92091,8.377,0.052,False,Johnson V,CCD,SFRA,1.208,True
835,R LEO,000-BBQ-798,2459552.4867,8.106,0.0013,False,Johnson V,CCD,BDVA,6.161,False
836,R_LEO,000-BBQ-798,2459552.84297,10.072,0.039,False,Johnson B,CCD,SFRA,1.756,True
837,R_LEO,000-BBQ-798,2459552.84451,8.406,0.043,False,Johnson V,CCD,SFRA,1.741,True
838,R_LEO,000-BBQ-798,2459554.84066,10.091,0.023,False,Johnson B,CCD,SFRA,1.718,True
839,R_LEO,000-BBQ-798,2459554.84216,8.462,0.049,False,Johnson V,CCD,SFRA,1.704,True
840,R_LEO,000-BBQ-798,2459560.96080,10.300,0.028,False,Johnson B,CCD,SFRA,1.080,True
841,R_LEO,000-BBQ-798,2459560.96403,8.602,0.055,False,Johnson V,CCD,SFRA,1.079,True
842,R_LEO,000-BBQ-798,2459561.89887,10.304,0.010,False,Johnson B,CCD,SFRA,1.188,True
843,R_LEO,000-BBQ-798,2459561.90039,8.641,0.073,False,Johnson V,CCD,SFRA,1.185,True
844,R_LEO,000-BBQ-798,2459569.01303,10.567,0.027,False,Johnson B,CCD,SFRA,1.144,True
845,R_LEO,000-BBQ-798,2459569.01457,8.825,0.053,False,Johnson V,CCD,SFRA,1.147,True
846,R_LEO,000-BBQ-798,2459578.98456,10.940,0.020,False,Johnson B,CCD,SFRA,1.141,True
847,R_LEO,000-BBQ-798,2459578.98610,9.128,0.072,False,Johnson V,CCD,SFRA,1.144,True
848,R_LEO,000-BBQ-798,2459582.77431,11.021,0.019,False,Johnson B,CCD,SFRA,1.603,True
849,R_LEO,000-BBQ-798,2459582.77597,9.200,0.053,False,Johnson V,CCD,SFRA,1.588,True
850,R_LEO,000-BBQ-798,2459583.75752,11.034,0.026,False,Johnson B,CCD,SFRA,1.766,True
851,R_LEO,000-BBQ-798,2459583.75906,9.236,0.063,False,Johnson V,CCD,SFRA,1.751,True
852,R_LEO,000-BBQ-798,2459584.80326,11.094,0.026,False,Johnson B,CCD,SFRA,1.335,True
853,R_LEO,000-BBQ-798,2459584.80478,9.244,0.055,False,Johnson V,CCD,SFRA,1.328,True
854,R_LEO,000-BBQ-798,2459585.83123,11.118,0.020,False,Johnson B,CCD,SFRA,1.196,True
855,R_LEO,000-BBQ-798,2459585.83275,9.313,0.081,False,Johnson V,CCD,SFRA,1.192,True
856,R_LEO,000-BBQ-798,2459586.81441,11.165,0.017,False,Johnson B,CCD,SFRA,1.250,True
857,R_LEO,000-BBQ-798,2459586.81595,9.318,0.061,False,Johnson V,CCD,SFRA,1.245,True
858,R_LEO,000-BBQ-798,2459587.84007,11.209,0.046,False,Johnson B,CCD,SFRA,1.153,True
859,R_LEO,000-BBQ-798,2459587.84161,9.325,0.059,False,Johnson V,CCD,SFRA,1.150,True
860,R_LEO,000-BBQ-798,2459591.63565,11.244,0.054,False,Johnson B,CCD,SFRA,1.970,True
861,R_LEO,000-BBQ-798,2459591.63701,9.383,0.040,False,Johnson V,CCD,SFRA,1.954,True
862,R_LEO,000-BBQ-798,2459592.79007,11.367,0.031,False,Johnson B,CCD,SFRA,1.288,True
863,R_LEO,000-BBQ-798,2459592.79161,9.461,0.037,False,Johnson V,CCD,SFRA,1.282,True
864,R_LEO,000-BBQ-798,2459593.88471,11.306,0.078,False,Johnson B,CCD,SFRA,1.059,True
865,R_LEO,000-BBQ-798,2459593.88596,9.409,0.037,False,Johnson V,CCD,SFRA,1.059,True
866,R_LEO,000-BBQ-798,2459597.89976,11.535,0.040,False,Johnson B,CCD,SFRA,1.087,True
867,R_LEO,000-BBQ-798,2459597.90128,9.587,0.092,False,Johnson V,CCD,SFRA,1.088,True
868,R_LEO,000-BBQ-798,2459601.77406,11.609,0.045,False,Johnson B,CCD,SFRA,1.247,True
869,R_LEO,000-BBQ-798,2459601.77559,9.655,0.049,False,Johnson V,CCD,SFRA,1.242,True
870,R LEO,000-BBQ-798,2459607.49651,9.472,0.034,False,Johnson V,CCD,FGP,,
871,R LEO,000-BBQ-798,2459607.49703,9.477,0.034,False,Johnson V,CCD,FGP,,
872,R LEO,000-BBQ-798,2459607.49755,9.477,0.034,False,Johnson V,CCD,FGP,,
873,R LEO,000-BBQ-798,2459607.49806,9.475,0.034,False,Johnson V,CCD,FGP,,
874,R LEO,000-BBQ-798,2459610.30486,9.318,0.01,False,Johnson V,CCD,TUB,,False
875,0942+11,000-BBQ-798,2459611.5208,9.884,0.034,False,Johnson V,DSLR,SHS,2.816,True
876,R_LEO,000-BBQ-798,2459615.79134,11.902,0.087,False,Johnson B,CCD,SFRA,1.098,True
877,R_LEO,000-BBQ-798,2459615.79304,9.937,0.063,False,Johnson V,CCD,SFRA,1.097,True
878,R_LEO,000-BBQ-798,2459616.74988,11.886,0.046,False,Johnson B,CCD,SFRA,1.185,True
879,R_LEO,000-BBQ-798,2459616.75141,9.980,0.030,False,Johnson V,CCD,SFRA,1.181,True
880,R_LEO,000-BBQ-798,2459618.75345,11.866,0.022,False,Johnson B,CCD,SFRA,1.158,True
881,R_LEO,000-BBQ-798,2459618.75497,9.944,0.023,False,Johnson V,CCD,SFRA,1.155,True
882,R_LEO,000-BBQ-798,2459619.76213,11.929,0.197,False,Johnson B,CCD,SFRA,1.130,True
883,R_LEO,000-BBQ-798,2459619.76367,9.969,0.115,False,Johnson V,CCD,SFRA,1.127,True
884,R LEO,000-BBQ-798,2459620.3203,9.917,0.087,False,Johnson V,DSLR,VOL,1.94,True
885,R_LEO,000-BBQ-798,2459620.72931,11.963,0.135,False,Johnson B,CCD,SFRA,1.219,True
886,R_LEO,000-BBQ-798,2459620.73083,10.014,0.102,False,Johnson V,CCD,SFRA,1.215,True
887,R_LEO,000-BBQ-798,2459621.71257,11.948,0.025,False,Johnson B,CCD,SFRA,1.279,True
888,R_LEO,000-BBQ-798,2459621.71407,9.944,0.024,False,Johnson V,CCD,SFRA,1.274,True
889,R_LEO,000-BBQ-798,2459622.71854,12.021,0.042,False,Johnson B,CCD,SFRA,1.241,True
890,R_LEO,000-BBQ-798,2459622.72006,9.964,0.035,False,Johnson V,CCD,SFRA,1.236,True
891,R_LEO,000-BBQ-798,2459623.76949,11.989,0.025,False,Johnson B,CCD,SFRA,1.098,True
892,R_LEO,000-BBQ-798,2459623.77101,9.953,0.031,False,Johnson V,CCD,SFRA,1.097,True
893,R_LEO,000-BBQ-798,2459624.77758,11.943,0.051,False,Johnson B,CCD,SFRA,1.086,True
894,R_LEO,000-BBQ-798,2459624.77912,9.944,0.026,False,Johnson V,CCD,SFRA,1.085,True
895,R_LEO,000-BBQ-798,2459629.80082,12.004,0.024,False,Johnson B,CCD,SFRA,1.079,True
896,R_LEO,000-BBQ-798,2459629.80230,9.949,0.024,False,Johnson V,CCD,SFRA,1.079,True
897,R LEO,000-BBQ-798,2459630.5549,10.007,0.141,False,Johnson V,DSLR,VOL,1.53,True
898,R LEO,000-BBQ-798,2459634.30903,9.504,0.01,False,Johnson V,CCD,TUB,,False
899,R_LEO,000-BBQ-798,2459634.81471,12.000,0.036,False,Johnson B,CCD,SFRA,1.107,True
900,R_LEO,000-BBQ-798,2459634.81623,9.979,0.032,False,Johnson V,CCD,SFRA,1.109,True
901,0942+11,000-BBQ-798,2459635.5222,9.816,0.087,False,Johnson V,DSLR,SHS,1.653,True
902,R_LEO,000-BBQ-798,2459635.81133,12.026,0.060,False,Johnson B,CCD,SFRA,1.107,True
903,R_LEO,000-BBQ-798,2459635.81285,9.979,0.055,False,Johnson V,CCD,SFRA,1.108,True
904,R_LEO,000-BBQ-798,2459637.92234,11.992,0.058,False,Johnson B,CCD,SFRA,1.778,True
905,R_LEO,000-BBQ-798,2459637.92387,9.951,0.039,False,Johnson V,CCD,SFRA,1.794,True
906,R_LEO,000-BBQ-798,2459641.77515,11.946,0.036,False,Johnson B,CCD,SFRA,1.083,True
907,R_LEO,000-BBQ-798,2459641.77561,9.808,0.083,False,Johnson V,CCD,SFRA,1.084,True
908,R_LEO,000-BBQ-798,2459644.84815,11.906,0.051,False,Johnson B,CCD,SFRA,1.303,True
909,R_LEO,000-BBQ-798,2459644.84861,9.768,0.037,False,Johnson V,CCD,SFRA,1.305,True
910,R_LEO,000-BBQ-798,2459645.77973,11.941,0.037,False,Johnson B,CCD,SFRA,1.100,True
911,R_LEO,000-BBQ-798,2459645.78020,9.798,0.036,False,Johnson V,CCD,SFRA,1.101,True
912,R_LEO,000-BBQ-798,2459647.61263,11.860,0.055,False,Johnson B,CCD,SFRA,1.458,True
913,R_LEO,000-BBQ-798,2459647.61308,9.745,0.038,False,Johnson V,CCD,SFRA,1.455,True
914,R_LEO,000-BBQ-798,2459648.62477,11.982,0.179,False,Johnson B,CCD,SFRA,1.355,True
915,R_LEO,000-BBQ-798,2459648.62523,9.831,0.153,False,Johnson V,CCD,SFRA,1.352,True
916,R_LEO,000-BBQ-798,2459650.77132,11.825,0.035,False,Johnson B,CCD,SFRA,1.108,True
917,R_LEO,000-BBQ-798,2459650.77285,9.730,0.030,False,Johnson V,CCD,SFRA,1.110,True
918,R_LEO,000-BBQ-798,2459651.81074,11.718,0.034,False,Johnson B,CCD,SFRA,1.220,True
919,R_LEO,000-BBQ-798,2459651.81226,9.713,0.031,False,Johnson V,CCD,SFRA,1.224,True
920,R_LEO,000-BBQ-798,2459652.76361,11.800,0.025,False,Johnson B,CCD,SFRA,1.104,True
921,R_LEO,000-BBQ-798,2459652.76514,9.662,0.029,False,Johnson V,CCD,SFRA,1.106,True
922,R LEO,000-BBQ-798,2459655.330713,5.772,0.000,False,Johnson V,CCD,MXM,1.154,False
923,R LEO,000-BBQ-798,2459657.45699,9.167,0.004,False,Johnson V,CCD,GKEA,,False
924,R LEO,000-BBQ-798,2459659.3217,9.107,0.034,False,Johnson V,CCD,FGP,,
925,R LEO,000-BBQ-798,2459659.32237,9.105,0.034,False,Johnson V,CCD,FGP,,
926,R LEO,000-BBQ-798,2459659.32289,9.095,0.034,False,Johnson V,CCD,FGP,,
927,R LEO,000-BBQ-798,2459659.3234,9.1,0.034,False,Johnson V,CCD,FGP,,
928,R LEO,000-BBQ-798,2459659.32391,9.099,0.035,False,Johnson V,CCD,FGP,,
929,R LEO,000-BBQ-798,2459659.65888,11.730,.036,False,Johnson B,CCD,KNAA,1.227,True
930,R LEO,000-BBQ-798,2459659.65973,9.387,.029,False,Johnson V,CCD,KNAA,1.222,True
931,R Leo,000-BBQ-798,2459660.30903,9.1,,False,Johnson V,CCD,WKL,,False
932,R_LEO,000-BBQ-798,2459660.60387,11.486,0.051,False,Johnson B,CCD,SFRA,1.184,True
933,R_LEO,000-BBQ-798,2459660.60522,9.375,0.094,False,Johnson V,CCD,SFRA,1.184,True
934,R LEO,000-BBQ-798,2459661.30069,8.988,0.01,False,Johnson V,CCD,TUB,,False
935,R Leo,000-BBQ-798,2459661.3215,8.82,0.08,False,Johnson V,DSLR,CTIA,1.2,True
936,R Leo,000-BBQ-798,2459661.3215,12.1,0.2,False,Johnson B,DSLR,CTIA,1.2,True
937,R_LEO,000-BBQ-798,2459661.58469,11.431,0.025,False,Johnson B,CCD,SFRA,1.194,True
938,R_LEO,000-BBQ-798,2459661.58604,9.386,0.023,False,Johnson V,CCD,SFRA,1.194,True
939,R Leo,000-BBQ-798,2459662.3319,12.0,0.1,False,Johnson B,DSLR,CTIA,1.2,True
940,R Leo,000-BBQ-798,2459662.3319,8.9,0.1,False,Johnson V,DSLR,CTIA,1.2,True
941,R LEO,000-BBQ-798,2459663.35663,8.954,0.011,False,Johnson V,CCD,GKEA,,False
942,R_LEO,000-BBQ-798,2459663.73147,9.367,0.013,False,Johnson V,CCD,SFRA,1.090,False
943,R_LEO,000-BBQ-798,2459664.73272,11.359,0.058,False,Johnson B,CCD,SFRA,1.096,False
944,R_LEO,000-BBQ-798,2459664.73442,9.302,0.018,False,Johnson V,CCD,SFRA,1.099,False
945,R_LEO,000-BBQ-798,2459665.53019,11.305,0.058,False,Johnson B,CCD,SFRA,1.274,True
946,R_LEO,000-BBQ-798,2459665.53154,9.243,0.054,False,Johnson V,CCD,SFRA,1.271,True
947,R_LEO,000-BBQ-798,2459665.73383,9.282,0.013,False,Johnson V,CCD,SFRA,1.103,False
948,R_LEO,000-BBQ-798,2459666.72970,11.261,0.042,False,Johnson B,CCD,SFRA,1.100,False
949,R_LEO,000-BBQ-798,2459666.73184,9.218,0.016,False,Johnson V,CCD,SFRA,1.105,False
950,R_LEO,000-BBQ-798,2459667.54785,11.190,0.023,False,Johnson B,CCD,SFRA,1.222,True
951,R_LEO,000-BBQ-798,2459667.54918,9.193,0.025,False,Johnson V,CCD,SFRA,1.220,True
952,0942+11,000-BBQ-798,2459668.5270,9.129,0.089,False,Johnson V,DSLR,SHS,1.228,True
953,R_LEO,000-BBQ-798,2459668.57307,11.134,0.024,False,Johnson B,CCD,SFRA,1.189,True
954,R_LEO,000-BBQ-798,2459668.57457,9.092,0.026,False,Johnson V,CCD,SFRA,1.189,True
955,R_LEO,000-BBQ-798,2459670.72332,11.053,0.035,False,Johnson B,CCD,SFRA,1.110,False
956,R_LEO,000-BBQ-798,2459670.72499,9.056,0.011,False,Johnson V,CCD,SFRA,1.113,False
957,R LEO,000-BBQ-798,2459671.64595,9.169,0.072,False,Johnson V,CCD,HDE,1.121,False
958,R LEO,000-BBQ-798,2459671.64977,9.162,0.066,False,Johnson V,CCD,HDE,1.127,False
959,R LEO,000-BBQ-798,2459671.65814,9.166,0.001,False,Johnson V,CCD,HDE,1.144,False
960,R_LEO,000-BBQ-798,2459671.71444,10.906,0.034,False,Johnson B,CCD,SFRA,1.098,False
961,R_LEO,000-BBQ-798,2459671.71611,9.035,0.022,False,Johnson V,CCD,SFRA,1.101,False
962,R_LEO,000-BBQ-798,2459672.52093,10.913,0.024,False,Johnson B,CCD,SFRA,1.248,True
963,R_LEO,000-BBQ-798,2459672.52242,8.934,0.021,False,Johnson V,CCD,SFRA,1.246,True
964,R_LEO,000-BBQ-798,2459672.71490,10.948,0.034,False,Johnson B,CCD,SFRA,1.104,False
965,R_LEO,000-BBQ-798,2459672.71657,8.969,0.014,False,Johnson V,CCD,SFRA,1.107,False
966,R_LEO,000-BBQ-798,2459672.76003,10.983,0.019,False,Johnson B,CCD,SFRA,1.247,True
967,R_LEO,000-BBQ-798,2459672.76156,9.015,0.028,False,Johnson V,CCD,SFRA,1.252,True
968,R_LEO,000-BBQ-798,2459673.70890,8.938,0.011,False,Johnson V,CCD,SFRA,1.098,False
969,R Leo,000-BBQ-798,2459674.3465,11.0,0.3,False,Johnson B,DSLR,CTIA,1.2,True
970,R Leo,000-BBQ-798,2459674.3465,8.7,0.1,False,Johnson V,DSLR,CTIA,1.2,True
971,R_LEO,000-BBQ-798,2459674.70234,8.893,0.014,False,Johnson V,CCD,SFRA,1.091,False
972,R_LEO,000-BBQ-798,2459675.52362,10.751,0.031,False,Johnson B,CCD,SFRA,1.225,True
973,R_LEO,000-BBQ-798,2459675.52513,8.805,0.018,False,Johnson V,CCD,SFRA,1.223,True
974,R_LEO,000-BBQ-798,2459686.69591,10.276,0.019,False,Johnson B,CCD,SFRA,1.157,True
975,R_LEO,000-BBQ-798,2459686.69744,8.395,0.015,False,Johnson V,CCD,SFRA,1.160,True
976,R LEO,000-BBQ-798,2459687.3216,8.350,0.042,False,Johnson V,DSLR,VOL,1.27,True
977,R LEO,000-BBQ-798,2459687.59162,8.213,0.028,False,Johnson V,CCD,MZK,1.232,False
978,R_LEO,000-BBQ-798,2459687.66701,10.262,0.020,False,Johnson B,CCD,SFRA,1.103,True
979,R_LEO,000-BBQ-798,2459687.66854,8.405,0.027,False,Johnson V,CCD,SFRA,1.105,True
980,R LEO,000-BBQ-798,2459690.35833,7.928,0.01,False,Johnson V,CCD,TUB,,False
981,R_LEO,000-BBQ-798,2459690.77102,10.045,0.012,False,Johnson B,CCD,SFRA,1.693,True
982,R_LEO,000-BBQ-798,2459690.77253,8.265,0.011,False,Johnson V,CCD,SFRA,1.708,True
983,R LEO,000-BBQ-798,2459691.3041,8.227,0.041,False,Johnson V,DSLR,VOL,1.26,True
984,R LEO,000-BBQ-798,2459691.36812,7.931,0.007,False,Johnson V,CCD,GKEA,,False
985,R_LEO,000-BBQ-798,2459691.65564,9.989,0.058,False,Johnson B,CCD,SFRA,1.102,True
986,R_LEO,000-BBQ-798,2459691.65715,8.156,0.046,False,Johnson V,CCD,SFRA,1.104,True
987,R_LEO,000-BBQ-798,2459693.64443,9.966,0.052,False,Johnson B,CCD,SFRA,1.095,True
988,R_LEO,000-BBQ-798,2459693.64595,8.127,0.039,False,Johnson V,CCD,SFRA,1.096,True
989,R_LEO,000-BBQ-798,2459694.64416,9.858,0.065,False,Johnson B,CCD,SFRA,1.098,True
990,R_LEO,000-BBQ-798,2459694.64569,8.080,0.040,False,Johnson V,CCD,SFRA,1.099,True
991,R_LEO,000-BBQ-798,2459695.60314,9.910,0.055,False,Johnson B,CCD,SFRA,1.076,True
992,R_LEO,000-BBQ-798,2459695.60466,8.096,0.033,False,Johnson V,CCD,SFRA,1.076,True
993,R Leo,000-BBQ-798,2459696.25694,7.55,0.01,False,Johnson V,CCD,SYRA,,False
994,R Leo,000-BBQ-798,2459696.3993,7.88,0.06,False,Johnson V,DSLR,CTIA,1.9,True
995,R Leo,000-BBQ-798,2459696.3993,10.3,0.1,False,Johnson B,DSLR,CTIA,1.9,True
996,R LEO,000-BBQ-798,2459696.59910,10.079,0.005,False,Johnson B,CCD,JENJ,1.176,False
997,R_LEO,000-BBQ-798,2459697.65605,9.808,0.080,False,Johnson B,CCD,SFRA,1.133,True
998,R_LEO,000-BBQ-798,2459697.65759,8.035,0.045,False,Johnson V,CCD,SFRA,1.135,True
999,R LEO,000-BBQ-798,2459698.16597,7.7,,False,Johnson V,CCD,TYGA,,False
1000,R LEO,000-BBQ-798,2459699.42708,8.223,0.034,False,Johnson V,CCD,FGP,,
1001,R LEO,000-BBQ-798,2459699.42828,8.108,0.034,False,Johnson V,CCD,FGP,,
1002,R LEO,000-BBQ-798,2459699.42883,8.148,0.034,False,Johnson V,CCD,FGP,,
1003,R LEO,000-BBQ-798,2459699.4296,8.147,0.034,False,Johnson V,CCD,FGP,,
1004,0942+11,000-BBQ-798,2459702.5423,7.960,0.026,False,Johnson V,DSLR,SHS,1.302,True
1005,R LEO,000-BBQ-798,2459703.3204,7.918,0.035,False,Johnson V,DSLR,VOL,1.37,True
1006,R LEO,000-BBQ-798,2459703.33403,7.628,0.01,False,Johnson V,CCD,TUB,,False
1007,R_LEO,000-BBQ-798,2459706.66118,9.462,0.057,False,Johnson B,CCD,SFRA,1.222,True
1008,R_LEO,000-BBQ-798,2459706.66269,7.802,0.049,False,Johnson V,CCD,SFRA,1.226,True
1009,R LEO,000-BBQ-798,2459707.58470,9.765,0.005,False,Johnson B,CCD,JENJ,1.209,False
1010,R_LEO,000-BBQ-798,2459707.62831,9.435,0.051,False,Johnson B,CCD,SFRA,1.132,True
1011,R_LEO,000-BBQ-798,2459707.62983,7.780,0.024,False,Johnson V,CCD,SFRA,1.134,True
1012,R_LEO,000-BBQ-798,2459710.61477,9.348,0.023,False,Johnson B,CCD,SFRA,1.121,True
1013,R_LEO,000-BBQ-798,2459710.61631,7.745,0.029,False,Johnson V,CCD,SFRA,1.123,True
1014,R Leo,000-BBQ-798,2459711.47708,7.440,0.093,False,Johnson V,CCD,OALA,,False
1015,R_LEO,000-BBQ-798,2459711.62545,9.320,0.020,False,Johnson B,CCD,SFRA,1.151,True
1016,R_LEO,000-BBQ-798,2459711.62698,7.694,0.033,False,Johnson V,CCD,SFRA,1.154,True
1017,R_LEO,000-BBQ-798,2459712.62390,9.318,0.034,False,Johnson B,CCD,SFRA,1.154,True
1018,R_LEO,000-BBQ-798,2459712.62530,7.673,0.027,False,Johnson V,CCD,SFRA,1.157,True
1019,R Leo,000-BBQ-798,2459713.44236,7.299,0.110,False,Johnson V,CCD,OALA,,False
1020,R_LEO,000-BBQ-798,2459713.65618,9.184,0.052,False,Johnson B,CCD,SFRA,1.284,True
1021,R_LEO,000-BBQ-798,2459713.65771,7.620,0.042,False,Johnson V,CCD,SFRA,1.290,True
1022,R LEO,000-BBQ-798,2459714.3447,7.609,0.020,False,Johnson V,DSLR,VOL,1.66,True
1023,R LEO,000-BBQ-798,2459714.3460,7.622,0.030,False,Johnson V,DSLR,VOL,1.67,True
1024,R_LEO,000-BBQ-798,2459714.64580,9.164,0.059,False,Johnson B,CCD,SFRA,1.249,True
1025,R_LEO,000-BBQ-798,2459714.64731,7.607,0.020,False,Johnson V,CCD,SFRA,1.254,True
1026,R_LEO,000-BBQ-798,2459715.67350,9.124,0.041,False,Johnson B,CCD,SFRA,1.420,True
1027,R_LEO,000-BBQ-798,2459715.67501,7.601,0.039,False,Johnson V,CCD,SFRA,1.429,True
1028,R LEO,000-BBQ-798,2459716.61590,9.394,0.007,False,Johnson B,CCD,JENJ,1.446,False
1029,R_LEO,000-BBQ-798,2459716.64244,9.029,0.039,False,Johnson B,CCD,SFRA,1.258,True
1030,R_LEO,000-BBQ-798,2459716.64396,7.511,0.028,False,Johnson V,CCD,SFRA,1.263,True
1031,R Leo,000-BBQ-798,2459717.47639,7.287,0.085,False,Johnson V,CCD,OALA,,False
1032,0942+11,000-BBQ-798,2459717.5590,7.465,0.071,False,Johnson V,DSLR,SHS,1.605,True
1033,R LEO,000-BBQ-798,2459717.646428,7.090,0.017,False,Johnson V,CCD,PJEE,1.739,False
1034,R LEO,000-BBQ-798,2459717.647167,7.116,0.017,False,Johnson V,CCD,PJEE,1.748,False
1035,R LEO,000-BBQ-798,2459717.647899,7.091,0.018,False,Johnson V,CCD,PJEE,1.758,False
1036,R LEO,000-BBQ-798,2459717.648632,7.172,0.017,False,Johnson V,CCD,PJEE,1.767,False
1037,R LEO,000-BBQ-798,2459717.649364,7.159,0.026,False,Johnson V,CCD,PJEE,1.776,False
1038,R LEO,000-BBQ-798,2459718.623982,7.167,0.009,False,Johnson V,CCD,PJEE,1.535,False
1039,R LEO,000-BBQ-798,2459718.625073,7.245,0.006,False,Johnson V,CCD,PJEE,1.544,False
1040,R LEO,000-BBQ-798,2459718.626159,7.337,0.010,False,Johnson V,CCD,PJEE,1.554,False
1041,R LEO,000-BBQ-798,2459718.627245,7.351,0.005,False,Johnson V,CCD,PJEE,1.564,False
1042,R LEO,000-BBQ-798,2459718.628334,7.221,0.008,False,Johnson V,CCD,PJEE,1.574,False
1043,R LEO,000-BBQ-798,2459718.629420,7.196,0.011,False,Johnson V,CCD,PJEE,1.584,False
1044,R LEO,000-BBQ-798,2459718.630506,7.251,0.013,False,Johnson V,CCD,PJEE,1.595,False
1045,R LEO,000-BBQ-798,2459718.631592,7.239,0.011,False,Johnson V,CCD,PJEE,1.605,False
1046,R LEO,000-BBQ-798,2459718.632681,7.194,0.002,False,Johnson V,CCD,PJEE,1.616,False
1047,R LEO,000-BBQ-798,2459718.633767,7.319,0.009,False,Johnson V,CCD,PJEE,1.627,False
1048,R Leo,000-BBQ-798,2459722.43819,7.114,0.089,False,Johnson V,CCD,OALA,,False
1049,R LEO,000-BBQ-798,2459724.58921,9.054,0.009,False,Johnson B,CCD,JENJ,1.417,False
1050,R_LEO,000-BBQ-798,2459724.65280,8.671,0.045,False,Johnson B,CCD,SFRA,1.449,True
1051,R_LEO,000-BBQ-798,2459724.65433,7.254,0.044,False,Johnson V,CCD,SFRA,1.458,True
1052,R_LEO,000-BBQ-798,2459725.63833,8.642,0.040,False,Johnson B,CCD,SFRA,1.367,True
1053,R_LEO,000-BBQ-798,2459725.63985,7.202,0.051,False,Johnson V,CCD,SFRA,1.375,True
1054,R_LEO,000-BBQ-798,2459726.63610,8.582,0.052,False,Johnson B,CCD,SFRA,1.371,True
1055,R_LEO,000-BBQ-798,2459726.63751,7.135,0.032,False,Johnson V,CCD,SFRA,1.377,True
1056,R_LEO,000-BBQ-798,2459727.64581,8.538,0.055,False,Johnson B,CCD,SFRA,1.458,True
1057,R_LEO,000-BBQ-798,2459727.64733,7.046,0.055,False,Johnson V,CCD,SFRA,1.467,True
1058,R LEO,000-BBQ-798,2459728.58564,8.622,0.012,False,Johnson B,CCD,JENJ,1.463,False
1059,R_LEO,000-BBQ-798,2459729.66166,8.314,0.054,False,Johnson B,CCD,SFRA,1.659,True
1060,R_LEO,000-BBQ-798,2459729.66317,6.892,0.057,False,Johnson V,CCD,SFRA,1.672,True
1061,R LEO,000-BBQ-798,2459730.60191,8.369,0.009,False,Johnson B,CCD,JENJ,1.642,False
1062,R_LEO,000-BBQ-798,2459730.65213,8.287,0.055,False,Johnson B,CCD,SFRA,1.586,True
1063,R_LEO,000-BBQ-798,2459730.65365,6.831,0.056,False,Johnson V,CCD,SFRA,1.598,True
1064,R_LEO,000-BBQ-798,2459731.64649,8.239,0.025,False,Johnson B,CCD,SFRA,1.559,True
1065,R_LEO,000-BBQ-798,2459731.64789,6.792,0.045,False,Johnson V,CCD,SFRA,1.569,True
1066,R LEO,000-BBQ-798,2459733.3554,6.619,0.028,False,Johnson V,DSLR,VOL,2.59,True
1067,R LEO,000-BBQ-798,2459733.3566,6.620,0.016,False,Johnson V,DSLR,VOL,2.62,True
1068,R_LEO,000-BBQ-798,2459734.65809,7.923,0.055,False,Johnson B,CCD,SFRA,1.785,True
1069,R_LEO,000-BBQ-798,2459734.65962,6.536,0.027,False,Johnson V,CCD,SFRA,1.802,True
1070,R LEO,000-BBQ-798,2459754.3545,5.252,0.034,False,Johnson V,DSLR,VOL,6.25,True
1071,R LEO,000-BBQ-798,2459754.3557,5.190,0.046,False,Johnson V,DSLR,VOL,6.45,True
1072,R_LEO,000-BBQ-798,2459859.90128,9.604,0.051,False,Johnson B,CCD,SFRA,1.977,True
1073,R_LEO,000-BBQ-798,2459859.90250,7.906,0.050,False,Johnson V,CCD,SFRA,1.963,True
1074,R_LEO,000-BBQ-798,2459861.89794,9.705,0.050,False,Johnson B,CCD,SFRA,1.963,True
1075,R_LEO,000-BBQ-798,2459861.90109,7.972,0.029,False,Johnson V,CCD,SFRA,1.929,True
1076,R_LEO,000-BBQ-798,2459863.89063,9.799,0.055,False,Johnson B,CCD,SFRA,1.987,True
1077,R_LEO,000-BBQ-798,2459863.89286,7.988,0.030,False,Johnson V,CCD,SFRA,1.968,True
1078,R_LEO,000-BBQ-798,2459864.88757,9.810,0.048,False,Johnson B,CCD,SFRA,1.991,True
1079,R_LEO,000-BBQ-798,2459864.89073,8.044,0.062,False,Johnson V,CCD,SFRA,1.955,True
1080,R_LEO,000-BBQ-798,2459868.87878,9.886,0.061,False,Johnson B,CCD,SFRA,1.953,True
1081,R_LEO,000-BBQ-798,2459868.88009,8.205,0.048,False,Johnson V,CCD,SFRA,1.939,True
1082,R_LEO,000-BBQ-798,2459871.86912,10.065,0.086,False,Johnson B,CCD,SFRA,1.981,True
1083,R_LEO,000-BBQ-798,2459871.87209,8.304,0.036,False,Johnson V,CCD,SFRA,1.948,True
1084,R_LEO,000-BBQ-798,2459872.86613,10.118,0.034,False,Johnson B,CCD,SFRA,1.984,True
1085,R_LEO,000-BBQ-798,2459872.86926,8.349,0.029,False,Johnson V,CCD,SFRA,1.949,True
1086,R_LEO,000-BBQ-798,2459873.86380,10.155,0.031,False,Johnson B,CCD,SFRA,1.979,True
1087,R_LEO,000-BBQ-798,2459873.86693,8.392,0.074,False,Johnson V,CCD,SFRA,1.943,True
1088,R_LEO,000-BBQ-798,2459874.85917,10.153,0.052,False,Johnson B,CCD,SFRA,2.002,True
1089,R_LEO,000-BBQ-798,2459874.86106,8.414,0.039,False,Johnson V,CCD,SFRA,1.987,True
1090,R_LEO,000-BBQ-798,2459885.00381,10.626,0.019,False,Johnson B,CCD,SFRA,1.226,True
1091,R_LEO,000-BBQ-798,2459885.00532,8.816,0.111,False,Johnson V,CCD,SFRA,1.221,True
1092,R_LEO,000-BBQ-798,2459887.82589,10.715,0.039,False,Johnson B,CCD,SFRA,1.974,True
1093,R_LEO,000-BBQ-798,2459887.82906,8.947,0.033,False,Johnson V,CCD,SFRA,1.939,True
1094,R_LEO,000-BBQ-798,2459893.00987,10.948,0.029,False,Johnson B,CCD,SFRA,1.139,True
1095,R_LEO,000-BBQ-798,2459893.01139,9.062,0.087,False,Johnson V,CCD,SFRA,1.136,True
1096,R_LEO,000-BBQ-798,2459893.93775,10.970,0.019,False,Johnson B,CCD,SFRA,1.463,True
1097,R_LEO,000-BBQ-798,2459893.93927,9.221,0.028,False,Johnson V,CCD,SFRA,1.454,True
1098,R_LEO,000-BBQ-798,2459896.97634,11.091,0.038,False,Johnson B,CCD,SFRA,1.206,True
1099,R_LEO,000-BBQ-798,2459896.97785,9.309,0.025,False,Johnson V,CCD,SFRA,1.202,True
1100,R_LEO,000-BBQ-798,2459899.01603,11.197,0.017,False,Johnson B,CCD,SFRA,1.098,True
1101,R_LEO,000-BBQ-798,2459899.01752,9.393,0.019,False,Johnson V,CCD,SFRA,1.097,True
1102,R_LEO,000-BBQ-798,2459905.93010,11.447,0.029,False,Johnson B,CCD,SFRA,1.302,True
1103,R_LEO,000-BBQ-798,2459905.93162,9.649,0.024,False,Johnson V,CCD,SFRA,1.296,True
1104,R_LEO,000-BBQ-798,2459908.02425,11.600,0.037,False,Johnson B,CCD,SFRA,1.059,True
1105,R_LEO,000-BBQ-798,2459908.02584,9.633,0.026,False,Johnson V,CCD,SFRA,1.059,True
1106,R_LEO,000-BBQ-798,2459910.76255,11.704,0.055,False,Johnson B,CCD,SFRA,1.976,True
1107,R_LEO,000-BBQ-798,2459910.76569,9.724,0.076,False,Johnson V,CCD,SFRA,1.940,True
1108,R_LEO,000-BBQ-798,2459912.00854,11.699,0.029,False,Johnson B,CCD,SFRA,1.077,True
1109,R_LEO,000-BBQ-798,2459912.01006,9.835,0.063,False,Johnson V,CCD,SFRA,1.076,True
1110,R_LEO,000-BBQ-798,2459933.98705,12.377,0.031,False,Johnson B,CCD,SFRA,1.084,True
1111,R_LEO,000-BBQ-798,2459933.98880,10.248,0.030,False,Johnson V,CCD,SFRA,1.086,True
1112,R_LEO,000-BBQ-798,2459933.99936,12.350,0.039,False,Johnson B,CCD,SFRA,1.114,True
1113,R_LEO,000-BBQ-798,2459934.00076,10.356,0.057,False,Johnson V,CCD,SFRA,1.116,True
1114,R_LEO,000-BBQ-798,2459935.94449,12.384,0.028,False,Johnson B,CCD,SFRA,1.076,True
1115,R_LEO,000-BBQ-798,2459935.94553,10.401,0.058,False,Johnson V,CCD,SFRA,1.076,True
1116,R_LEO,000-BBQ-798,2459938.97762,12.461,0.032,False,Johnson B,CCD,SFRA,1.101,True
1117,R_LEO,000-BBQ-798,2459938.97897,10.391,0.058,False,Johnson V,CCD,SFRA,1.102,True
1118,R_LEO,000-BBQ-798,2459938.98834,12.499,0.061,False,Johnson B,CCD,SFRA,1.109,True
1119,R_LEO,000-BBQ-798,2459938.99007,10.330,0.043,False,Johnson V,CCD,SFRA,1.113,True
1120,R_LEO,000-BBQ-798,2459939.68188,12.305,0.071,False,Johnson B,CCD,SFRA,1.998,True
1121,R_LEO,000-BBQ-798,2459939.68483,10.420,0.058,False,Johnson V,CCD,SFRA,1.964,True
1122,R_LEO,000-BBQ-798,2459941.93166,12.567,0.069,False,Johnson B,CCD,SFRA,1.059,True
1123,R_LEO,000-BBQ-798,2459941.93340,10.348,0.048,False,Johnson V,CCD,SFRA,1.060,True
1124,R_LEO,000-BBQ-798,2459949.91205,12.604,0.054,False,Johnson B,CCD,SFRA,1.060,True
1125,R_LEO,000-BBQ-798,2459949.91381,10.326,0.036,False,Johnson V,CCD,SFRA,1.060,True
1126,R_LEO,000-BBQ-798,2459950.90625,12.678,0.045,False,Johnson B,CCD,SFRA,1.059,True
1127,R_LEO,000-BBQ-798,2459950.90799,10.330,0.039,False,Johnson V,CCD,SFRA,1.059,True
1128,R_LEO,000-BBQ-798,2459951.90336,12.613,0.065,False,Johnson B,CCD,SFRA,1.059,True
1129,R_LEO,000-BBQ-798,2459951.90512,10.333,0.043,False,Johnson V,CCD,SFRA,1.059,True
1130,R_LEO,000-BBQ-798,2459957.88553,12.636,0.088,False,Johnson B,CCD,SFRA,1.060,True
1131,R_LEO,000-BBQ-798,2459957.89119,10.270,0.045,False,Johnson V,CCD,SFRA,1.060,True
1132,R_LEO,000-BBQ-798,2459963.72760,12.487,0.047,False,Johnson B,CCD,SFRA,1.240,True
1133,R_LEO,000-BBQ-798,2459963.72909,10.304,0.061,False,Johnson V,CCD,SFRA,1.237,True
1134,R_LEO,000-BBQ-798,2459965.86729,12.520,0.054,False,Johnson B,CCD,SFRA,1.059,True
1135,R_LEO,000-BBQ-798,2459965.86900,10.187,0.038,False,Johnson V,CCD,SFRA,1.060,True
1136,R_LEO,000-BBQ-798,2459966.86233,12.536,0.070,False,Johnson B,CCD,SFRA,1.059,True
1137,R_LEO,000-BBQ-798,2459966.86407,10.169,0.035,False,Johnson V,CCD,SFRA,1.059,True
1138,R_LEO,000-BBQ-798,2459967.86001,12.529,0.049,False,Johnson B,CCD,SFRA,1.059,True
1139,R_LEO,000-BBQ-798,2459967.86174,10.151,0.032,False,Johnson V,CCD,SFRA,1.059,True
1140,R_LEO,000-BBQ-798,2459969.85380,12.484,0.082,False,Johnson B,CCD,SFRA,1.059,True
1141,R_LEO,000-BBQ-798,2459969.85556,10.117,0.032,False,Johnson V,CCD,SFRA,1.059,True
1142,R_LEO,000-BBQ-798,2459969.99568,12.529,0.108,False,Johnson B,CCD,SFRA,1.601,True
1143,R_LEO,000-BBQ-798,2459969.99638,10.070,0.057,False,Johnson V,CCD,SFRA,1.608,True
1144,R_LEO,000-BBQ-798,2459972.97181,12.298,0.039,False,Johnson B,CCD,SFRA,1.440,True
1145,R_LEO,000-BBQ-798,2459972.97315,10.105,0.067,False,Johnson V,CCD,SFRA,1.448,True
1146,R_LEO,000-BBQ-798,2459974.89405,12.179,0.066,False,Johnson B,CCD,SFRA,1.126,True
1147,R_LEO,000-BBQ-798,2459974.89557,10.096,0.083,False,Johnson V,CCD,SFRA,1.129,True
1148,R_LEO,000-BBQ-798,2459975.90054,12.267,0.033,False,Johnson B,CCD,SFRA,1.147,True
1149,R_LEO,000-BBQ-798,2459975.90188,10.024,0.052,False,Johnson V,CCD,SFRA,1.150,True
1150,R_LEO,000-BBQ-798,2459978.89626,12.168,0.031,False,Johnson B,CCD,SFRA,1.158,True
1151,R_LEO,000-BBQ-798,2459978.89762,9.977,0.051,False,Johnson V,CCD,SFRA,1.161,True
1152,R_LEO,000-BBQ-798,2459986.84876,11.936,0.155,False,Johnson B,CCD,SFRA,1.094,True
1153,R_LEO,000-BBQ-798,2459986.85050,9.653,0.037,False,Johnson V,CCD,SFRA,1.097,True
1154,R_LEO,000-BBQ-798,2459987.58042,11.869,0.044,False,Johnson B,CCD,SFRA,1.644,True
1155,R_LEO,000-BBQ-798,2459987.58191,9.696,0.055,False,Johnson V,CCD,SFRA,1.633,True
1156,R_LEO,000-BBQ-798,2459988.56289,11.884,0.049,False,Johnson B,CCD,SFRA,1.795,True
1157,R_LEO,000-BBQ-798,2459988.56439,9.654,0.059,False,Johnson V,CCD,SFRA,1.782,True
1158,R_LEO,000-BBQ-798,2459990.64444,11.808,0.039,False,Johnson B,CCD,SFRA,1.263,True
1159,R_LEO,000-BBQ-798,2459990.64591,9.613,0.057,False,Johnson V,CCD,SFRA,1.260,True
1160,R_LEO,000-BBQ-798,2459991.87905,11.772,0.037,False,Johnson B,CCD,SFRA,1.217,True
1161,R_LEO,000-BBQ-798,2459991.88027,9.621,0.079,False,Johnson V,CCD,SFRA,1.221,True
1162,R_LEO,000-BBQ-798,2459992.83253,11.735,0.032,False,Johnson B,CCD,SFRA,1.104,True
1163,R_LEO,000-BBQ-798,2459992.83365,9.584,0.086,False,Johnson V,CCD,SFRA,1.106,True
1164,R Leo,000-BBQ-798,2459997.29653,10.0,,False,Johnson V,CCD,WKL,,False
1165,R_LEO,000-BBQ-798,2459999.81971,11.531,0.061,False,Johnson B,CCD,SFRA,1.105,True
1166,R_LEO,000-BBQ-798,2459999.82145,9.306,0.042,False,Johnson V,CCD,SFRA,1.109,True
1167,R_LEO,000-BBQ-798,2460000.60525,11.380,0.033,False,Johnson B,CCD,SFRA,1.298,True
1168,R_LEO,000-BBQ-798,2460000.60672,9.314,0.072,False,Johnson V,CCD,SFRA,1.294,True
1169,R_LEO,000-BBQ-798,2460003.80296,11.384,0.061,False,Johnson B,CCD,SFRA,1.095,True
1170,R_LEO,000-BBQ-798,2460003.80469,9.180,0.024,False,Johnson V,CCD,SFRA,1.098,True
1171,R_LEO,000-BBQ-798,2460006.79813,11.338,0.046,False,Johnson B,CCD,SFRA,1.110,True
1172,R_LEO,000-BBQ-798,2460006.79948,9.253,0.091,False,Johnson V,CCD,SFRA,1.112,True
1173,R_LEO,000-BBQ-798,2460007.79222,11.328,0.031,False,Johnson B,CCD,SFRA,1.105,True
1174,R_LEO,000-BBQ-798,2460007.79356,9.196,0.076,False,Johnson V,CCD,SFRA,1.107,True
1175,R_LEO,000-BBQ-798,2460013.82434,11.196,0.038,False,Johnson B,CCD,SFRA,1.238,True
1176,R_LEO,000-BBQ-798,2460013.82568,9.163,0.062,False,Johnson V,CCD,SFRA,1.243,True
1177,R LEO,000-BBQ-798,2460016.35196,8.849,0.002,False,Johnson V,CCD,MJOE,,False
1178,R_LEO,000-BBQ-798,2460016.81954,11.169,0.036,False,Johnson B,CCD,SFRA,1.253,True
1179,R_LEO,000-BBQ-798,2460016.82088,9.094,0.075,False,Johnson V,CCD,SFRA,1.258,True
1180,R_LEO,000-BBQ-798,2460017.79108,11.128,0.039,False,Johnson B,CCD,SFRA,1.161,True
1181,R_LEO,000-BBQ-798,2460017.79244,9.082,0.083,False,Johnson V,CCD,SFRA,1.164,True
1182,R_LEO,000-BBQ-798,2460018.77075,11.027,0.070,False,Johnson B,CCD,SFRA,1.111,True
1183,R_LEO,000-BBQ-798,2460018.77245,9.011,0.047,False,Johnson V,CCD,SFRA,1.115,True
1184,R LEO,000-BBQ-798,2460019.39792,8.518,0.01,False,Johnson V,CCD,TUB,,False
1185,R LEO,000-BBQ-798,2460022.4142,8.957,0.051,False,Johnson V,DSLR,VOL,1.28,True
1186,R_LEO,000-BBQ-798,2460022.63635,10.866,0.083,False,Johnson B,CCD,SFRA,1.191,True
1187,R_LEO,000-BBQ-798,2460022.63770,8.922,0.079,False,Johnson V,CCD,SFRA,1.191,True
1188,R_LEO,000-BBQ-798,2460023.54949,10.772,0.039,False,Johnson B,CCD,SFRA,1.276,True
1189,R_LEO,000-BBQ-798,2460023.55098,8.863,0.053,False,Johnson V,CCD,SFRA,1.273,True
1190,R_LEO,000-BBQ-798,2460024.51957,10.739,0.032,False,Johnson B,CCD,SFRA,1.381,True
1191,R_LEO,000-BBQ-798,2460024.52106,8.841,0.058,False,Johnson V,CCD,SFRA,1.375,True
1192,R_LEO,000-BBQ-798,2460025.52384,10.693,0.038,False,Johnson B,CCD,SFRA,1.349,True
1193,R_LEO,000-BBQ-798,2460025.52535,8.806,0.055,False,Johnson V,CCD,SFRA,1.345,True
1194,R_LEO,000-BBQ-798,2460027.76377,10.651,0.022,False,Johnson B,CCD,SFRA,1.161,True
1195,R_LEO,000-BBQ-798,2460027.76512,8.772,0.058,False,Johnson V,CCD,SFRA,1.164,True
1196,R_LEO,000-BBQ-798,2460029.78252,10.537,0.019,False,Johnson B,CCD,SFRA,1.246,True
1197,R_LEO,000-BBQ-798,2460029.78389,8.654,0.055,False,Johnson V,CCD,SFRA,1.251,True
1198,R_LEO,000-BBQ-798,2460030.76806,10.439,0.017,False,Johnson B,CCD,SFRA,1.201,True
1199,R_LEO,000-BBQ-798,2460030.76941,8.619,0.052,False,Johnson V,CCD,SFRA,1.204,True
1200,R LEO,000-BBQ-798,2460031.2865,8.616,0.026,False,Johnson V,DSLR,VOL,1.33,True
1201,R_LEO,000-BBQ-798,2460032.77579,10.342,0.016,False,Johnson B,CCD,SFRA,1.253,True
1202,R_LEO,000-BBQ-798,2460032.77714,8.534,0.055,False,Johnson V,CCD,SFRA,1.257,True
1203,R_LEO,000-BBQ-798,2460033.72690,10.251,0.015,False,Johnson B,CCD,SFRA,1.115,True
1204,R_LEO,000-BBQ-798,2460033.72825,8.468,0.045,False,Johnson V,CCD,SFRA,1.116,True
1205,R_LEO,000-BBQ-798,2460034.52503,10.151,0.025,False,Johnson B,CCD,SFRA,1.262,True
1206,R_LEO,000-BBQ-798,2460034.52656,8.421,0.079,False,Johnson V,CCD,SFRA,1.259,True
1207,R_LEO,000-BBQ-798,2460041.71242,9.711,0.020,False,Johnson B,CCD,SFRA,1.129,True
1208,R_LEO,000-BBQ-798,2460041.71377,8.017,0.046,False,Johnson V,CCD,SFRA,1.131,True
1209,R LEO,000-BBQ-798,2460042.62551,9.881,0.003,False,Johnson B,CCD,JENJ,1.145,False
1210,R LEO,000-BBQ-798,2460043.3184,7.901,0.034,False,Johnson V,DSLR,VOL,1.25,True
1211,R LEO,000-BBQ-798,2460043.59991,9.816,0.003,False,Johnson B,CCD,JENJ,1.140,False
1212,R LEO,000-BBQ-798,2460045.57755,9.857,0.010,False,Johnson B,CCD,DALD,1.143,True
1213,R LEO,000-BBQ-798,2460045.57799,7.763,0.026,False,Johnson V,CCD,DALD,1.143,True
1214,R LEO,000-BBQ-798,2460045.71347,9.557,0.011,False,Johnson B,CCD,KNAA,1.105,True
1215,R LEO,000-BBQ-798,2460045.71436,7.877,0.014,False,Johnson V,CCD,KNAA,1.106,True
1216,R_LEO,000-BBQ-798,2460045.73942,9.461,0.124,False,Johnson B,CCD,SFRA,1.243,True
1217,R_LEO,000-BBQ-798,2460045.74083,7.733,0.043,False,Johnson V,CCD,SFRA,1.254,True
1218,R_LEO,000-BBQ-798,2460046.69214,9.313,0.025,False,Johnson B,CCD,SFRA,1.116,True
1219,R_LEO,000-BBQ-798,2460046.69348,7.685,0.048,False,Johnson V,CCD,SFRA,1.118,True
1220,R LEO,000-BBQ-798,2460046.76419,7.659,0.009,False,Johnson V,CCD,RRO,1.311,False
1221,R LEO,000-BBQ-798,2460047.58631,9.265,0.046,False,Johnson B,CCD,JENJ,1.140,False
1222,R_LEO,000-BBQ-798,2460047.69700,9.180,0.108,False,Johnson B,CCD,SFRA,1.123,True
1223,R_LEO,000-BBQ-798,2460047.69909,7.603,0.010,False,Johnson V,CCD,SFRA,1.128,True
1224,R LEO,000-BBQ-798,2460048.34861,7.663,0.032,False,Johnson V,DSLR,KMWA,1.303,True
1225,R_LEO,000-BBQ-798,2460048.54804,9.078,0.037,False,Johnson B,CCD,SFRA,1.184,True
1226,R_LEO,000-BBQ-798,2460048.54950,7.532,0.057,False,Johnson V,CCD,SFRA,1.184,True
1227,R_LEO,000-BBQ-798,2460049.54098,8.998,0.046,False,Johnson B,CCD,SFRA,1.184,True
1228,R_LEO,000-BBQ-798,2460049.54245,7.449,0.065,False,Johnson V,CCD,SFRA,1.184,True
1229,R LEO,000-BBQ-798,2460050.2996,7.419,0.031,False,Johnson V,DSLR,VOL,1.25,True
1230,R_LEO,000-BBQ-798,2460050.79466,8.951,0.027,False,Johnson B,CCD,SFRA,1.817,True
1231,R_LEO,000-BBQ-798,2460050.79605,7.363,0.049,False,Johnson V,CCD,SFRA,1.835,True
1232,R_LEO,000-BBQ-798,2460051.67240,8.870,0.032,False,Johnson B,CCD,SFRA,1.106,True
1233,R_LEO,000-BBQ-798,2460051.67373,7.303,0.042,False,Johnson V,CCD,SFRA,1.107,True
1234,R LEO,000-BBQ-798,2460051.71350,7.045,0.0363,False,Johnson V,CCD,PJEE,1.469,False
1235,R LEO,000-BBQ-798,2460051.71423,7.028,0.0363,False,Johnson V,CCD,PJEE,1.475,False
1236,R LEO,000-BBQ-798,2460051.71497,7.047,0.0363,False,Johnson V,CCD,PJEE,1.480,False
1237,R LEO,000-BBQ-798,2460051.71571,7.063,0.0363,False,Johnson V,CCD,PJEE,1.486,False
1238,R LEO,000-BBQ-798,2460051.71645,7.028,0.0363,False,Johnson V,CCD,PJEE,1.492,False
1239,R LEO,000-BBQ-798,2460051.71719,7.004,0.0363,False,Johnson V,CCD,PJEE,1.498,False
1240,R LEO,000-BBQ-798,2460051.71793,6.920,0.0363,False,Johnson V,CCD,PJEE,1.504,False
1241,R LEO,000-BBQ-798,2460051.71867,6.877,0.0363,False,Johnson V,CCD,PJEE,1.510,False
1242,R LEO,000-BBQ-798,2460051.71942,6.917,0.0363,False,Johnson V,CCD,PJEE,1.516,False
1243,R LEO,000-BBQ-798,2460051.72015,6.992,0.0363,False,Johnson V,CCD,PJEE,1.522,False
1244,R_LEO,000-BBQ-798,2460052.67723,8.780,0.023,False,Johnson B,CCD,SFRA,1.119,True
1245,R_LEO,000-BBQ-798,2460052.67858,7.212,0.043,False,Johnson V,CCD,SFRA,1.121,True
1246,R LEO,000-BBQ-798,2460054.37431,7.036,0.033,False,Johnson V,DSLR,KMWA,1.379,True
1247,R_LEO,000-BBQ-798,2460054.76615,8.634,0.046,False,Johnson B,CCD,SFRA,1.628,True
1248,R_LEO,000-BBQ-798,2460054.76683,6.979,0.014,False,Johnson V,CCD,SFRA,1.636,True
1249,R LEO,000-BBQ-798,2460055.3054,7.003,0.018,False,Johnson V,DSLR,VOL,1.26,True
1250,R_LEO,000-BBQ-798,2460055.65954,8.525,0.016,False,Johnson B,CCD,SFRA,1.103,True
1251,R_LEO,000-BBQ-798,2460055.66089,6.983,0.053,False,Johnson V,CCD,SFRA,1.104,True
1252,R LEO,000-BBQ-798,2460056.31875,6.798,0.01,False,Johnson V,CCD,TUB,,False
1253,R_LEO,000-BBQ-798,2460056.62537,8.453,0.055,False,Johnson B,CCD,SFRA,1.061,True
1254,R_LEO,000-BBQ-798,2460056.62709,6.902,0.008,False,Johnson V,CCD,SFRA,1.062,True
1255,R LEO,000-BBQ-798,2460059.57853,8.271,0.011,False,Johnson B,CCD,JENJ,1.145,False
1256,R_LEO,000-BBQ-798,2460059.63025,8.288,0.055,False,Johnson B,CCD,SFRA,1.069,True
1257,R_LEO,000-BBQ-798,2460059.63203,6.728,0.005,False,Johnson V,CCD,SFRA,1.071,True
1258,R LEO,000-BBQ-798,2460060.2991,6.684,0.012,False,Johnson V,DSLR,VOL,1.27,True
1259,R_LEO,000-BBQ-798,2460060.67898,8.211,0.022,False,Johnson B,CCD,SFRA,1.177,True
1260,R_LEO,000-BBQ-798,2460060.68031,6.660,0.053,False,Johnson V,CCD,SFRA,1.180,True
1261,R LEO,000-BBQ-798,2460061.57662,8.138,0.012,False,Johnson B,CCD,JENJ,1.147,False
1262,R_LEO,000-BBQ-798,2460061.66306,8.156,0.022,False,Johnson B,CCD,SFRA,1.141,True
1263,R_LEO,000-BBQ-798,2460061.66441,6.631,0.046,False,Johnson V,CCD,SFRA,1.143,True
1264,R_LEO,000-BBQ-798,2460062.63118,8.139,0.053,False,Johnson B,CCD,SFRA,1.079,True
1265,R_LEO,000-BBQ-798,2460062.63294,6.590,0.011,False,Johnson V,CCD,SFRA,1.081,True
1266,R LEO,000-BBQ-798,2460068.3183,6.456,0.019,False,Johnson V,DSLR,VOL,1.36,True
1267,R LEO,000-BBQ-798,2460069.56576,7.979,0.013,False,Johnson B,CCD,JENJ,1.158,False
1268,R_LEO,000-BBQ-798,2460069.64940,7.937,0.008,False,Johnson B,CCD,SFRA,1.162,True
1269,R_LEO,000-BBQ-798,2460069.65079,6.452,0.034,False,Johnson V,CCD,SFRA,1.166,True
1270,R_LEO,000-BBQ-798,2460071.63898,7.933,0.015,False,Johnson B,CCD,SFRA,1.149,True
1271,R_LEO,000-BBQ-798,2460071.64030,6.442,0.048,False,Johnson V,CCD,SFRA,1.152,True
1272,R Leo,000-BBQ-798,2460072.28611,6.42,0.01,False,Johnson V,CCD,SYRA,,False
1273,R_LEO,000-BBQ-798,2460072.62191,7.936,0.024,False,Johnson B,CCD,SFRA,1.117,True
1274,R_LEO,000-BBQ-798,2460072.62325,6.469,0.042,False,Johnson V,CCD,SFRA,1.119,True
1275,R_LEO,000-BBQ-798,2460073.63025,7.943,0.023,False,Johnson B,CCD,SFRA,1.141,True
1276,R_LEO,000-BBQ-798,2460073.63159,6.448,0.041,False,Johnson V,CCD,SFRA,1.143,True
1277,R LEO,000-BBQ-798,2460074.3398,6.456,0.013,False,Johnson V,DSLR,VOL,1.53,True
1278,R_LEO,000-BBQ-798,2460074.63922,7.922,0.013,False,Johnson B,CCD,SFRA,1.172,True
1279,R_LEO,000-BBQ-798,2460074.64057,6.476,0.006,False,Johnson V,CCD,SFRA,1.176,True
1280,R_LEO,000-BBQ-798,2460075.62196,7.987,0.056,False,Johnson B,CCD,SFRA,1.127,True
1281,R_LEO,000-BBQ-798,2460075.62374,6.497,0.008,False,Johnson V,CCD,SFRA,1.131,True
1282,R_LEO,000-BBQ-798,2460076.69544,7.971,0.020,False,Johnson B,CCD,SFRA,1.502,True
1283,R_LEO,000-BBQ-798,2460076.69683,6.471,0.049,False,Johnson V,CCD,SFRA,1.513,True
1284,R LEO,000-BBQ-798,2460080.3508,6.499,0.017,False,Johnson V,DSLR,VOL,1.73,True
1285,R LEO,000-BBQ-798,2460080.3524,6.500,0.027,False,Johnson V,DSLR,VOL,1.75,True
1286,R LEO,000-BBQ-798,2460084.3436,6.557,0.015,False,Johnson V,DSLR,VOL,1.77,True
1287,R LEO,000-BBQ-798,2460085.3572,6.553,0.017,False,Johnson V,DSLR,VOL,1.96,True
1288,R LEO,000-BBQ-798,2460086.3417,6.579,0.025,False,Johnson V,DSLR,VOL,1.81,True
1289,R LEO,000-BBQ-798,2460087.40278,6.821,0.07,False,Johnson V,DSLR,KMWA,2.414,True
1290,R_LEO,000-BBQ-798,2460088.68052,8.122,0.043,False,Johnson B,CCD,SFRA,1.681,True
1291,R_LEO,000-BBQ-798,2460088.68191,6.642,0.037,False,Johnson V,CCD,SFRA,1.696,True
1292,R_LEO,000-BBQ-798,2460089.64242,8.149,0.034,False,Johnson B,CCD,SFRA,1.372,True
1293,R_LEO,000-BBQ-798,2460089.64381,6.674,0.035,False,Johnson V,CCD,SFRA,1.380,True
1294,R LEO,000-BBQ-798,2460090.3319,6.655,0.019,False,Johnson V,DSLR,VOL,1.82,True
1295,R LEO,000-BBQ-798,2460091.96042,7.3,,False,Johnson V,CCD,TYGA,,False
1296,R LEO,000-BBQ-798,2460092.3470,6.748,0.026,False,Johnson V,DSLR,VOL,2.08,True
1297,R LEO,000-BBQ-798,2460092.3506,6.675,0.041,False,Johnson V,DSLR,VOL,2.14,True
1298,R LEO,000-BBQ-798,2460092.383,8.41,0.04,False,Johnson B,DSLR,PHG,2.495,True
1299,R LEO,000-BBQ-798,2460092.383,6.70,0.02,False,Johnson V,DSLR,PHG,2.495,True
1300,R_LEO,000-BBQ-798,2460093.63567,8.249,0.034,False,Johnson B,CCD,SFRA,1.399,True
1301,R_LEO,000-BBQ-798,2460093.63707,6.761,0.043,False,Johnson V,CCD,SFRA,1.408,True
1302,R LEO,000-BBQ-798,2460094.3418,6.703,0.021,False,Johnson V,DSLR,VOL,2.09,True
1303,R_LEO,000-BBQ-798,2460094.67402,8.293,0.024,False,Johnson B,CCD,SFRA,1.809,True
1304,R_LEO,000-BBQ-798,2460094.67542,6.815,0.039,False,Johnson V,CCD,SFRA,1.827,True
1305,R_LEO,000-BBQ-798,2460098.65537,8.394,0.033,False,Johnson B,CCD,SFRA,1.708,True
1306,R_LEO,000-BBQ-798,2460098.65676,6.883,0.045,False,Johnson V,CCD,SFRA,1.725,True
1307,R LEO,000-BBQ-798,2460105.3590,6.848,0.064,False,Johnson V,DSLR,VOL,3.33,True
1308,R LEO,000-BBQ-798,2460105.36182,6.742,0.01,False,Johnson V,CCD,TUB,,False
1309,R_LEO,000-BBQ-798,2460107.63425,8.639,0.032,False,Johnson B,CCD,SFRA,1.753,True
1310,R_LEO,000-BBQ-798,2460107.63565,7.105,0.052,False,Johnson V,CCD,SFRA,1.771,True
1311,R_LEO,000-BBQ-798,2460222.99816,12.030,0.063,False,Johnson B,CCD,SFRA,1.900,True
1312,R_LEO,000-BBQ-798,2460222.99955,10.266,0.052,False,Johnson V,CCD,SFRA,1.875,True
1313,R_LEO,000-BBQ-798,2460226.98628,12.212,0.058,False,Johnson B,CCD,SFRA,1.915,True
1314,R_LEO,000-BBQ-798,2460226.98767,10.311,0.046,False,Johnson V,CCD,SFRA,1.890,True
1315,R_LEO,000-BBQ-798,2460227.98612,12.177,0.097,False,Johnson B,CCD,SFRA,1.890,True
1316,R_LEO,000-BBQ-798,2460227.98752,10.372,0.055,False,Johnson V,CCD,SFRA,1.881,True
1317,R_LEO,000-BBQ-798,2460228.97991,12.121,0.123,False,Johnson B,CCD,SFRA,1.947,True
1318,R_LEO,000-BBQ-798,2460228.98128,10.375,0.059,False,Johnson V,CCD,SFRA,1.938,True
1319,R_LEO,000-BBQ-798,2460231.00418,12.269,0.059,False,Johnson B,CCD,SFRA,1.562,True
1320,R_LEO,000-BBQ-798,2460231.00545,10.345,0.122,False,Johnson V,CCD,SFRA,1.554,True
1321,R_LEO,000-BBQ-798,2460231.97231,12.213,0.073,False,Johnson B,CCD,SFRA,1.933,True
1322,R_LEO,000-BBQ-798,2460231.97370,10.403,0.060,False,Johnson V,CCD,SFRA,1.921,True
1323,R_LEO,000-BBQ-798,2460233.00111,12.303,0.096,False,Johnson B,CCD,SFRA,1.533,True
1324,R_LEO,000-BBQ-798,2460233.00249,10.413,0.048,False,Johnson V,CCD,SFRA,1.521,True
1325,R_LEO,000-BBQ-798,2460233.99964,12.318,0.073,False,Johnson B,CCD,SFRA,1.521,True
1326,R_LEO,000-BBQ-798,2460234.00104,10.406,0.064,False,Johnson V,CCD,SFRA,1.507,True
1327,R_LEO,000-BBQ-798,2460235.00001,12.252,0.045,False,Johnson B,CCD,SFRA,1.494,True
1328,R_LEO,000-BBQ-798,2460235.00138,10.423,0.043,False,Johnson V,CCD,SFRA,1.481,True
1329,R_LEO,000-BBQ-798,2460236.00859,12.180,0.048,False,Johnson B,CCD,SFRA,1.408,True
1330,R_LEO,000-BBQ-798,2460236.00998,10.427,0.045,False,Johnson V,CCD,SFRA,1.398,True
1331,R_LEO,000-BBQ-798,2460244.96635,12.228,0.055,False,Johnson B,CCD,SFRA,1.551,True
1332,R_LEO,000-BBQ-798,2460244.96775,10.497,0.047,False,Johnson V,CCD,SFRA,1.536,True
1333,R_LEO,000-BBQ-798,2460245.97166,12.367,0.073,False,Johnson B,CCD,SFRA,1.480,True
1334,R_LEO,000-BBQ-798,2460245.97303,10.467,0.058,False,Johnson V,CCD,SFRA,1.467,True
1335,R_LEO,000-BBQ-798,2460248.95568,12.232,0.072,False,Johnson B,CCD,SFRA,1.555,True
1336,R_LEO,000-BBQ-798,2460248.95706,10.476,0.047,False,Johnson V,CCD,SFRA,1.534,True
1337,R_LEO,000-BBQ-798,2460249.95593,12.279,0.080,False,Johnson B,CCD,SFRA,1.522,True
1338,R_LEO,000-BBQ-798,2460249.95729,10.465,0.071,False,Johnson V,CCD,SFRA,1.509,True
1339,R_LEO,000-BBQ-798,2460250.97939,12.339,0.064,False,Johnson B,CCD,SFRA,1.333,True
1340,R_LEO,000-BBQ-798,2460250.98076,10.470,0.058,False,Johnson V,CCD,SFRA,1.324,True
1341,R_LEO,000-BBQ-798,2460251.95925,12.272,0.047,False,Johnson B,CCD,SFRA,1.448,True
1342,R_LEO,000-BBQ-798,2460251.96064,10.436,0.044,False,Johnson V,CCD,SFRA,1.436,True
1343,R_LEO,000-BBQ-798,2460253.94525,12.295,0.077,False,Johnson B,CCD,SFRA,1.518,True
1344,R_LEO,000-BBQ-798,2460253.94663,10.403,0.076,False,Johnson V,CCD,SFRA,1.504,True
1345,R_LEO,000-BBQ-798,2460256.94660,12.237,0.060,False,Johnson B,CCD,SFRA,1.440,True
1346,R_LEO,000-BBQ-798,2460256.94800,10.389,0.053,False,Johnson V,CCD,SFRA,1.428,True
1347,R_LEO,000-BBQ-798,2460270.96792,11.874,0.144,False,Johnson B,CCD,SFRA,1.160,True
1348,R_LEO,000-BBQ-798,2460270.96932,10.133,0.034,False,Johnson V,CCD,SFRA,1.158,True
1349,R_LEO,000-BBQ-798,2460271.86907,11.787,0.169,False,Johnson B,CCD,SFRA,1.843,True
1350,R_LEO,000-BBQ-798,2460271.87045,10.074,0.050,False,Johnson V,CCD,SFRA,1.835,True
1351,R_LEO,000-BBQ-798,2460279.01503,11.753,0.053,False,Johnson B,CCD,SFRA,1.060,True
1352,R_LEO,000-BBQ-798,2460279.01711,9.816,0.049,False,Johnson V,CCD,SFRA,1.061,True
1353,R_LEO,000-BBQ-798,2460284.00873,11.552,0.040,False,Johnson B,CCD,SFRA,1.063,True
1354,R_LEO,000-BBQ-798,2460284.01047,9.644,0.026,False,Johnson V,CCD,SFRA,1.065,True
1355,R_LEO,000-BBQ-798,2460287.88865,11.358,0.024,False,Johnson B,CCD,SFRA,1.279,True
1356,R_LEO,000-BBQ-798,2460287.89001,9.590,0.032,False,Johnson V,CCD,SFRA,1.272,True
1357,R_LEO,000-BBQ-798,2460288.91693,11.365,0.051,False,Johnson B,CCD,SFRA,1.163,True
1358,R_LEO,000-BBQ-798,2460288.91833,9.571,0.043,False,Johnson V,CCD,SFRA,1.159,True
1359,R_LEO,000-BBQ-798,2460293.82860,11.079,0.018,False,Johnson B,CCD,SFRA,1.606,True
1360,R_LEO,000-BBQ-798,2460293.82958,9.357,0.032,False,Johnson V,CCD,SFRA,1.599,True
1361,R_LEO,000-BBQ-798,2460294.80538,10.975,0.117,False,Johnson B,CCD,SFRA,1.857,True
1362,R_LEO,000-BBQ-798,2460294.80676,9.338,0.029,False,Johnson V,CCD,SFRA,1.849,True
1363,R_LEO,000-BBQ-798,2460296.80442,10.930,0.021,False,Johnson B,CCD,SFRA,1.778,True
1364,R_LEO,000-BBQ-798,2460296.80579,9.287,0.023,False,Johnson V,CCD,SFRA,1.758,True
1365,R_LEO,000-BBQ-798,2460301.82050,10.613,0.049,False,Johnson B,CCD,SFRA,1.207,True
1366,R_LEO,000-BBQ-798,2460301.82185,9.026,0.078,False,Johnson V,CCD,SFRA,1.206,True
1367,R_LEO,000-BBQ-798,2460310.92422,10.351,0.022,False,Johnson B,CCD,SFRA,1.075,True
1368,R_LEO,000-BBQ-798,2460310.92560,8.811,0.016,False,Johnson V,CCD,SFRA,1.076,True
1369,R LEO,000-BBQ-798,2460312.6605,8.525,0.016,False,Johnson V,DSLR,VOL,1.40,True
1370,R_LEO,000-BBQ-798,2460312.81654,10.171,0.110,False,Johnson B,CCD,SFRA,1.303,True
1371,R_LEO,000-BBQ-798,2460312.81791,8.757,0.024,False,Johnson V,CCD,SFRA,1.300,True
1372,R_LEO,000-BBQ-798,2460316.74884,10.128,0.028,False,Johnson B,CCD,SFRA,1.790,True
1373,R_LEO,000-BBQ-798,2460316.75023,8.650,0.017,False,Johnson V,CCD,SFRA,1.768,True
1374,R LEO,000-BBQ-798,2460318.5046,8.650,0.03,False,Johnson V,CCD,HMHA,1.36,False
1375,R_LEO,000-BBQ-798,2460318.74005,9.933,0.094,False,Johnson B,CCD,SFRA,1.852,True
1376,R_LEO,000-BBQ-798,2460318.74144,8.560,0.038,False,Johnson V,CCD,SFRA,1.843,True
1377,R_LEO,000-BBQ-798,2460319.73734,9.888,0.125,False,Johnson B,CCD,SFRA,1.853,True
1378,R_LEO,000-BBQ-798,2460319.73873,8.500,0.018,False,Johnson V,CCD,SFRA,1.845,True
1379,R Leo,000-BBQ-798,2460320.43892,7.45,,False,Johnson V,DSLR,LPIB,,False
1380,R_LEO,000-BBQ-798,2460320.72619,9.862,0.136,False,Johnson B,CCD,SFRA,1.991,True
1381,R_LEO,000-BBQ-798,2460320.72756,8.461,0.017,False,Johnson V,CCD,SFRA,1.982,True
1382,R_LEO,000-BBQ-798,2460323.73749,9.746,0.121,False,Johnson B,CCD,SFRA,1.703,True
1383,R_LEO,000-BBQ-798,2460323.73889,8.399,0.014,False,Johnson V,CCD,SFRA,1.696,True
1384,R_LEO,000-BBQ-798,2460324.72355,9.669,0.137,False,Johnson B,CCD,SFRA,1.855,True
1385,R_LEO,000-BBQ-798,2460324.72494,8.392,0.029,False,Johnson V,CCD,SFRA,1.847,True
1386,R_LEO,000-BBQ-798,2460326.83039,9.644,0.101,False,Johnson B,CCD,SFRA,1.123,True
1387,R_LEO,000-BBQ-798,2460326.83181,8.345,0.031,False,Johnson V,CCD,SFRA,1.122,True
1388,R LEO,000-BBQ-798,2460329.6098,8.132,0.011,False,Johnson V,DSLR,VOL,1.38,True
1389,R LEO,000-BBQ-798,2460330.4504,8.530,0.03,False,Johnson V,CCD,HMHA,1.44,False
1390,R LEO,000-BBQ-798,2460338.3113,8.210,0.03,False,Johnson V,CCD,HMHA,3.12,False
1391,R LEO,000-BBQ-798,2460340.3610,7.946,0.024,False,Johnson V,DSLR,VOL,1.80,True
1392,R LEO,000-BBQ-798,2460342.4025,7.883,0.015,False,Johnson V,DSLR,VOL,1.46,True
1393,R LEO,000-BBQ-798,2460345.81300,7.636,0.027,False,Johnson V,CCD,MZK,1.3,False
1394,R LEO,000-BBQ-798,2460347.4294,7.589,0.013,False,Johnson V,DSLR,VOL,1.31,True
1395,R_LEO,000-BBQ-798,2460349.68089,8.629,0.079,False,Johnson B,CCD,SFRA,1.220,True
1396,R_LEO,000-BBQ-798,2460349.68223,7.448,0.149,False,Johnson V,CCD,SFRA,1.218,True
1397,R_LEO,000-BBQ-798,2460352.76959,8.438,0.114,False,Johnson B,CCD,SFRA,1.105,True
1398,R_LEO,000-BBQ-798,2460352.77097,7.302,0.009,False,Johnson V,CCD,SFRA,1.104,True
1399,R_LEO,000-BBQ-798,2460353.75196,8.351,0.153,False,Johnson B,CCD,SFRA,1.133,True
1400,R_LEO,000-BBQ-798,2460353.75334,7.234,0.018,False,Johnson V,CCD,SFRA,1.132,True
1401,R LEO,000-BBQ-798,2460354.3462,7.178,0.015,False,Johnson V,DSLR,VOL,1.60,True
1402,R_LEO,000-BBQ-798,2460354.71608,8.372,0.024,False,Johnson B,CCD,SFRA,1.234,True
1403,R_LEO,000-BBQ-798,2460354.71747,7.180,0.018,False,Johnson V,CCD,SFRA,1.229,True
1404,R LEO,000-BBQ-798,2460356.3726,7.036,0.010,False,Johnson V,DSLR,VOL,1.42,True
1405,R LEO,000-BBQ-798,2460357.36057,6.208,0.003,False,Johnson V,CCD,SKRC,1.432,False
1406,R LEO,000-BBQ-798,2460357.36213,6.211,0.003,False,Johnson V,CCD,SKRC,1.425,False
1407,R LEO,000-BBQ-798,2460357.36368,6.228,0.003,False,Johnson V,CCD,SKRC,1.419,False
1408,R LEO,000-BBQ-798,2460357.36446,6.220,0.003,False,Johnson V,CCD,SKRC,1.416,False
1409,R_LEO,000-BBQ-798,2460357.84167,8.181,0.015,False,Johnson B,CCD,SFRA,1.109,True
1410,R_LEO,000-BBQ-798,2460357.84325,6.971,0.005,False,Johnson V,CCD,SFRA,1.113,True
1411,R LEO,000-BBQ-798,2460358.6091,6.910,0.018,False,Johnson V,DSLR,VOL,1.95,True
1412,R LEO,000-BBQ-798,2460358.6102,6.842,0.023,False,Johnson V,DSLR,VOL,1.97,True
1413,R_LEO,000-BBQ-798,2460360.62396,7.919,0.057,False,Johnson B,CCD,SFRA,1.284,True
1414,R_LEO,000-BBQ-798,2460360.62530,6.782,0.110,False,Johnson V,CCD,SFRA,1.281,True
1415,R_LEO,000-BBQ-798,2460361.62554,7.890,0.025,False,Johnson B,CCD,SFRA,1.268,True
1416,R_LEO,000-BBQ-798,2460361.62688,6.737,0.068,False,Johnson V,CCD,SFRA,1.265,True
1417,R_LEO,000-BBQ-798,2460361.78463,7.905,0.084,False,Johnson B,CCD,SFRA,1.059,True
1418,R_LEO,000-BBQ-798,2460361.78650,6.745,0.004,False,Johnson V,CCD,SFRA,1.060,True
1419,R_LEO,000-BBQ-798,2460362.61953,7.762,0.150,False,Johnson B,CCD,SFRA,1.279,True
1420,R_LEO,000-BBQ-798,2460362.62087,6.632,0.217,False,Johnson V,CCD,SFRA,1.276,True
1421,R LEO,000-BBQ-798,2460366.6024,6.485,0.027,False,Johnson V,DSLR,VOL,2.18,True
1422,R_LEO,000-BBQ-798,2460367.63527,7.596,0.081,False,Johnson B,CCD,SFRA,1.211,True
1423,R_LEO,000-BBQ-798,2460367.63660,6.442,0.137,False,Johnson V,CCD,SFRA,1.210,True
1424,R LEO,000-BBQ-798,2460373.3150,6.221,0.016,False,Johnson V,DSLR,VOL,1.47,True
1425,R LEO,000-BBQ-798,2460375.5579,6.146,0.017,False,Johnson V,DSLR,VOL,1.90,True
1426,R LEO,000-BBQ-798,2460378.28796,6.511,0.002,False,Johnson V,CCD,SKRC,1.502,False
1427,R LEO,000-BBQ-798,2460378.29128,6.570,0.002,False,Johnson V,CCD,SKRC,1.485,False
1428,R LEO,000-BBQ-798,2460378.29603,6.583,0.002,False,Johnson V,CCD,SKRC,1.463,False
1429,R LEO,000-BBQ-798,2460378.29840,6.524,0.002,False,Johnson V,CCD,SKRC,1.452,False
1430,R Leo,000-BBQ-798,2460384.3667,7.74,0.02,False,Johnson B,DSLR,CTIA,1.2,True
1431,R Leo,000-BBQ-798,2460384.3667,5.95,0.02,False,Johnson V,DSLR,CTIA,1.2,True
1432,R LEO,000-BBQ-798,2460384.5933,5.971,0.017,False,Johnson V,DSLR,VOL,3.28,True
1433,R LEO,000-BBQ-798,2460387.2826,5.994,0.011,False,Johnson V,DSLR,VOL,1.44,True
1434,R LEO,000-BBQ-798,2460388.5302,5.967,0.016,False,Johnson V,DSLR,VOL,2.00,True
1435,R LEO,000-BBQ-798,2460389.2815,5.986,0.015,False,Johnson V,DSLR,VOL,1.42,True
1436,R LEO,000-BBQ-798,2460395.2950,6.031,0.011,False,Johnson V,DSLR,VOL,1.32,True
1437,R LEO,000-BBQ-798,2460403.3016,6.125,0.010,False,Johnson V,DSLR,VOL,1.27,True
1438,R LEO,000-BBQ-798,2460405.37917,6.278,0.022,False,Johnson V,DSLR,KMWA,1.315,True
1439,R LEO,000-BBQ-798,2460405.37917,7.936,0.071,False,Johnson B,DSLR,KMWA,1.315,True
1440,R Leo,000-BBQ-798,2460407.2944,7.75,0.01,False,Johnson B,DSLR,CTIA,1.2,True
1441,R Leo,000-BBQ-798,2460407.2944,6.13,0.02,False,Johnson V,DSLR,CTIA,1.2,True
1442,R LEO,000-BBQ-798,2460407.3181,6.199,0.005,False,Johnson V,DSLR,VOL,1.25,True
1443,R LEO,000-BBQ-798,2460408.28642,6.323,0.001,False,Johnson V,CCD,SKRC,1.283,False
1444,R LEO,000-BBQ-798,2460408.28833,6.322,0.001,False,Johnson V,CCD,SKRC,1.281,False
1445,R LEO,000-BBQ-798,2460408.28929,6.314,0.001,False,Johnson V,CCD,SKRC,1.281,False
1446,R LEO,000-BBQ-798,2460412.28478,6.691,0.002,False,Johnson V,CCD,SKRC,1.277,False
1447,R LEO,000-BBQ-798,2460412.28667,6.631,0.002,False,Johnson V,CCD,SKRC,1.277,False
1448,R LEO,000-BBQ-798,2460412.28856,6.607,0.002,False,Johnson V,CCD,SKRC,1.276,False
1449,R LEO,000-BBQ-798,2460412.28953,6.606,0.002,False,Johnson V,CCD,SKRC,1.276,False
1450,R LEO,000-BBQ-798,2460412.29047,6.633,0.002,False,Johnson V,CCD,SKRC,1.276,False
1451,R LEO,000-BBQ-798,2460412.29501,7.894,0.003,False,Johnson B,CCD,SKRC,1.276,False
1452,R LEO,000-BBQ-798,2460412.29596,7.817,0.003,False,Johnson B,CCD,SKRC,1.276,False
1453,R LEO,000-BBQ-798,2460412.29692,7.803,0.003,False,Johnson B,CCD,SKRC,1.276,False
1454,R LEO,000-BBQ-798,2460412.29787,7.815,0.003,False,Johnson B,CCD,SKRC,1.276,False
1455,R LEO,000-BBQ-798,2460412.29883,7.827,0.003,False,Johnson B,CCD,SKRC,1.276,False
1456,R LEO,000-BBQ-798,2460412.29978,7.824,0.003,False,Johnson B,CCD,SKRC,1.277,False
1457,R LEO,000-BBQ-798,2460412.4018,6.273,0.009,False,Johnson V,DSLR,VOL,1.46,True
1458,R LEO,000-BBQ-798,2460413.28714,6.450,0.002,False,Johnson V,CCD,SKRC,1.276,False
1459,R LEO,000-BBQ-798,2460413.28809,6.481,0.002,False,Johnson V,CCD,SKRC,1.276,False
1460,R LEO,000-BBQ-798,2460413.28913,6.491,0.002,False,Johnson V,CCD,SKRC,1.276,False
1461,R LEO,000-BBQ-798,2460413.29009,6.446,0.002,False,Johnson V,CCD,SKRC,1.276,False
1462,R LEO,000-BBQ-798,2460413.29103,6.478,0.002,False,Johnson V,CCD,SKRC,1.276,False
1463,R LEO,000-BBQ-798,2460413.2955,6.295,0.012,False,Johnson V,DSLR,VOL,1.25,True
1464,R Leo,000-BBQ-798,2460413.2979,8.05,0.04,False,Johnson B,DSLR,CTIA,1.2,True
1465,R Leo,000-BBQ-798,2460413.2979,6.19,0.04,False,Johnson V,DSLR,CTIA,1.2,True
1466,R LEO,000-BBQ-798,2460422.35278,6.740,0.045,False,Johnson V,DSLR,KMWA,1.348,True
1467,R LEO,000-BBQ-798,2460422.35278,8.242,0.057,False,Johnson B,DSLR,KMWA,1.348,True
1468,R LEO,000-BBQ-798,2460425.34838,6.332,0.006,False,Johnson V,CCD,MJOE,1.183,False
1469,R LEO,000-BBQ-798,2460426.3098,6.618,0.011,False,Johnson V,DSLR,VOL,1.29,True
1470,R  LEO,000-BBQ-798,2460429.05417,7.1,,False,Johnson V,CCD,TYGA,,False
1471,R LEO,000-BBQ-798,2460429.3883,6.665,0.019,False,Johnson V,DSLR,VOL,1.67,True
1472,R Leo,000-BBQ-798,2460430.2785,8.4,0.1,False,Johnson B,DSLR,CTIA,1.3,True
1473,R Leo,000-BBQ-798,2460430.2785,6.31,0.08,False,Johnson V,DSLR,CTIA,1.3,True
1474,R LEO,000-BBQ-798,2460431.3130,6.704,0.013,False,Johnson V,DSLR,VOL,1.32,True
1475,R LEO,000-BBQ-798,2460438.58037,6.910,0.012,False,Johnson V,CCD,JENJ,1.202,True
1476,R LEO,000-BBQ-798,2460438.58498,8.237,0.011,False,Johnson B,CCD,JENJ,1.214,True
1477,R LEO,000-BBQ-798,2460441.40022,6.938,0.031,False,Johnson V,CCD,KMWA,,False
1478,R LEO,000-BBQ-798,2460441.40022,6.939,0.037,False,Johnson V,CCD,KMWA,1.93,True
1479,R LEO,000-BBQ-798,2460441.40512,8.940,0.050,False,Johnson B,CCD,KMWA,1.99,True
1480,R LEO,000-BBQ-798,2460441.4092,6.991,0.021,False,Johnson V,DSLR,VOL,2.41,True
1481,R LEO,000-BBQ-798,2460441.4103,7.011,0.027,False,Johnson V,DSLR,VOL,2.43,True
1482,R LEO,000-BBQ-798,2460443.58163,7.076,0.010,False,Johnson V,CCD,JENJ,1.243,True
1483,R LEO,000-BBQ-798,2460443.58639,8.422,0.009,False,Johnson B,CCD,JENJ,1.258,True
1484,R LEO,000-BBQ-798,2460444.3675,7.080,0.012,False,Johnson V,DSLR,VOL,1.87,True
1485,R LEO,000-BBQ-798,2460453.3435,7.371,0.015,False,Johnson V,DSLR,VOL,1.88,True
1486,R LEO,000-BBQ-798,2460456.58855,7.504,0.016,False,Johnson V,CCD,JENJ,1.434,True
1487,R LEO,000-BBQ-798,2460456.59932,9.011,0.015,False,Johnson B,CCD,JENJ,1.509,True
1488,R LEO,000-BBQ-798,2460459.3575,7.549,0.054,False,Johnson V,DSLR,VOL,2.35,True
1489,R LEO,000-BBQ-798,2460459.37609,7.501,0.002,False,Johnson V,CCD,MJOE,1.887,False
1490,R LEO,000-BBQ-798,2460464.58704,9.656,0.009,False,Johnson B,CCD,JENJ,1.592,False
1491,R LEO,000-BBQ-798,2460665.6563,7.125,0.016,False,Johnson V,DSLR,VOL,1.29,True
1492,R LEO,000-BBQ-798,2460665.6578,7.136,0.016,False,Johnson V,DSLR,VOL,1.29,True
1493,R LEO,000-BBQ-798,2460671.6343,6.745,0.009,False,Johnson V,DSLR,VOL,1.28,True
1494,R LEO,000-BBQ-798,2460679.4970,6.170,0.008,False,Johnson V,DSLR,VOL,1.38,True
1495,R LEO,000-BBQ-798,2460680.4339,6.114,0.017,False,Johnson V,DSLR,VOL,1.76,True
1496,R LEO,000-BBQ-798,2460683.6199,5.918,0.009,False,Johnson V,DSLR,VOL,1.32,True
1497,R LEO,000-BBQ-798,2460683.6216,5.944,0.010,False,Johnson V,DSLR,VOL,1.32,True
1498,R LEO,000-BBQ-798,2460683.6228,5.928,0.012,False,Johnson V,DSLR,VOL,1.32,True
1499,R LEO,000-BBQ-798,2460686.4625,5.816,0.011,False,Johnson V,DSLR,VOL,1.45,True
1500,R LEO,000-BBQ-798,2460699.4027,5.647,0.021,False,Johnson V,DSLR,VOL,1.59,True
1501,R LEO,000-BBQ-798,2460699.4040,5.630,0.011,False,Johnson V,DSLR,VOL,1.58,True
1502,R LEO,000-BBQ-798,2460701.6815,5.632,0.020,False,Johnson V,DSLR,VOL,2.12,True
1503,R LEO,000-BBQ-798,2460705.3346,5.683,0.023,False,Johnson V,DSLR,VOL,2.16,True
1504,R LEO,000-BBQ-798,2460705.3358,5.709,0.013,False,Johnson V,DSLR,VOL,2.14,True
1505,R LEO,000-BBQ-798,2460706.3532,5.703,0.010,False,Johnson V,DSLR,VOL,1.86,True
1506,R LEO,000-BBQ-798,2460707.3216,5.716,0.031,False,Johnson V,DSLR,VOL,2.30,True
1507,R LEO,000-BBQ-798,2460709.6669,5.759,0.012,False,Johnson V,DSLR,VOL,2.25,True
1508,R LEO,000-BBQ-798,2460710.3716,5.810,0.006,False,Johnson V,DSLR,VOL,1.60,True
1509,R LEO,000-BBQ-798,2460712.3595,5.833,0.013,False,Johnson V,DSLR,VOL,1.65,True
1510,R LEO,000-BBQ-798,2460725.3581,6.318,0.009,False,Johnson V,DSLR,VOL,1.44,True
1511,R LEO,000-BBQ-798,2460725.5839,6.292,0.009,False,Johnson V,DSLR,VOL,1.73,True
1512,R LEO,000-BBQ-798,2460726.6269,6.318,0.018,False,Johnson V,DSLR,VOL,2.38,True
1513,R LEO,000-BBQ-798,2460727.3119,6.330,0.013,False,Johnson V,DSLR,VOL,1.70,True
1514,R LEO,000-BBQ-798,2460729.2769,6.417,0.021,False,Johnson V,DSLR,VOL,2.04,True
1515,R LEO,000-BBQ-798,2460729.32030,6.212,0.156,False,Johnson V,CCD,SPIB,1.668,False
1516,R LEO,000-BBQ-798,2460730.34444,6.5,0.05,False,Johnson V,DSLR,PGC,,False
1517,R LEO,000-BBQ-798,2460735.5809,6.643,0.013,False,Johnson V,DSLR,VOL,2.01,True
1518,R LEO,000-BBQ-798,2460735.5821,6.639,0.018,False,Johnson V,DSLR,VOL,2.03,True
1519,R LEO,000-BBQ-798,2460736.3099,6.660,0.020,False,Johnson V,DSLR,VOL,1.54,True
1520,R LEO,000-BBQ-798,2460738.2885,6.735,0.022,False,Johnson V,DSLR,VOL,1.65,True
1521,R LEO,000-BBQ-798,2460740.2614,6.840,0.031,False,Johnson V,DSLR,VOL,1.85,True
1522,R Leo,000-BBQ-798,2460740.4125,7.0,0.05,False,Johnson V,DSLR,PGC,,False
1523,R LEO,000-BBQ-798,2460744.2760,6.951,0.012,False,Johnson V,DSLR,VOL,1.62,True
1524,R Leo,000-BBQ-798,2460750.34722,7.55,0.01,False,Johnson V,CCD,SYRA,,False
1525,R LEO,000-BBQ-798,2460751.3365,7.192,0.016,False,Johnson V,DSLR,VOL,1.29,True
1526,R  LEO,000-BBQ-798,2460754.04167,8.1,,False,Johnson V,CCD,TYGA,,False
1527,R LEO,000-BBQ-798,2460755.3123,7.289,0.017,False,Johnson V,DSLR,VOL,1.31,True
1528,R LEO,000-BBQ-798,2460759.66667,7.45,.05,False,Johnson V,CCD,GDJA,,False
1529,R LEO,000-BBQ-798,2460761.68200,7.558,0.011,False,Johnson V,CCD,DIL,1.132,False
1530,R  LEO,000-BBQ-798,2460762.0375,7.3,,False,Johnson V,CCD,TYGA,,False
1531,R LEO,000-BBQ-798,2460762.3029,7.488,0.027,False,Johnson V,DSLR,VOL,1.29,True
1532,R  LEO,000-BBQ-798,2460769.05417,7.8,,False,Johnson V,CCD,TYGA,,False
1533,R LEO,000-BBQ-798,2460769.2861,7.748,0.028,False,Johnson V,DSLR,VOL,1.29,True
1534,R LEO,000-BBQ-798,2460777.33,7.7,,False,Johnson V,CCD,WVOA,1.3,False
1535,R LEO,000-BBQ-798,2460778.3102,8.004,0.020,False,Johnson V,DSLR,VOL,1.25,True
1536,R LEO,000-BBQ-798,2460780.36111,8.086,0.015,False,Johnson V,DSLR,KMWA,1.327,True
1537,R LEO,000-BBQ-798,2460781.60813,7.973,0.009,False,Johnson V,CCD,JENJ,1.150,True
1538,R LEO,000-BBQ-798,2460781.61372,10.423,0.006,False,Johnson B,CCD,JENJ,1.155,True
1539,R  LEO,000-BBQ-798,2460782.04167,7.9,,False,Johnson V,CCD,TYGA,,False
1540,R Leo,000-BBQ-798,2460782.38372,7.951,0.057,False,Johnson V,CCD,MJOE,1.2073,False
1541,R Leo,000-BBQ-798,2460782.38407,9.802,0.043,False,Johnson B,CCD,MJOE,1.2081,False
1542,R LEO,000-BBQ-798,2460785.3176,8.223,0.025,False,Johnson V,DSLR,VOL,1.27,True
1543,R LEO,000-BBQ-798,2460787.57705,8.159,0.005,False,Johnson V,CCD,JENJ,1.141,True
1544,R LEO,000-BBQ-798,2460787.58257,10.674,0.005,False,Johnson B,CCD,JENJ,1.143,True
1545,R Leo,000-BBQ-798,2460790.26736,8.3,0.1,False,Johnson V,CCD,SYRA,,False
1546,R LEO,000-BBQ-798,2460790.67220,8.443,0.029,False,Johnson V,CCD,DIL,1.148,False
1547,R LEO,000-BBQ-798,2460792.314417,8.319,0.001,False,Johnson V,CCD,SPIB,1.413,False
1548,R LEO,000-BBQ-798,2460792.3183,8.470,0.041,False,Johnson V,DSLR,VOL,1.31,True
1549,R LEO,000-BBQ-798,2460792.3236,8.553,0.008,False,Johnson V,DSLR,VOL,1.32,True
1550,R LEO,000-BBQ-798,2460792.456496,8.351,0.003,False,Johnson V,CCD,RNEA,2.310,False
1551,R LEO,000-BBQ-798,2460792.456846,8.400,0.003,False,Johnson V,CCD,RNEA,2.318,False
1552,R LEO,000-BBQ-798,2460792.457197,8.330,0.003,False,Johnson V,CCD,RNEA,2.325,False
1553,R LEO,000-BBQ-798,2460792.458240,8.263,0.003,False,Johnson V,CCD,RNEA,2.348,False
1554,R LEO,000-BBQ-798,2460792.458591,8.285,0.003,False,Johnson V,CCD,RNEA,2.356,False
1555,R LEO,000-BBQ-798,2460792.458941,8.277,0.004,False,Johnson V,CCD,RNEA,2.364,False
1556,R  LEO,000-BBQ-798,2460795.03542,8.3,,False,Johnson V,CCD,TYGA,,False
1557,R LEO,000-BBQ-798,2460795.3444,8.71,0.05,False,Johnson V,DSLR,CMF,03,True
1558,R LEO,000-BBQ-798,2460795.38,8.32,,False,Johnson V,CCD,WVOA,1.5,False
1559,r leo,000-BBQ-798,2460796.3271,8.554,0.006,False,Johnson V,DSLR,CTIA,1.5,True
1560,r leo,000-BBQ-798,2460796.3271,11.03,0.08,False,Johnson B,DSLR,CTIA,1.5,True
1561,R LEO,000-BBQ-798,2460796.442595,8.410,0.003,False,Johnson V,CCD,RNEA,2.250,False
1562,R LEO,000-BBQ-798,2460796.443409,8.390,0.003,False,Johnson V,CCD,RNEA,2.266,False
1563,R LEO,000-BBQ-798,2460796.444936,8.390,0.003,False,Johnson V,CCD,RNEA,2.298,False
1564,R LEO,000-BBQ-798,2460796.446021,8.404,0.003,False,Johnson V,CCD,RNEA,2.321,False
1565,R LEO,000-BBQ-798,2460797.3327,8.623,0.018,False,Johnson V,DSLR,VOL,1.39,True
1566,R LEO,000-BBQ-798,2460797.3343,8.621,0.011,False,Johnson V,DSLR,VOL,1.40,True
1567,R Leo,000-BBQ-798,2460797.361481,8.397,0.008,False,Johnson V,CCD,MJOE,1.2558,False
1568,R Leo,000-BBQ-798,2460807.37265,8.728,0.056,False,Johnson V,CCD,MJOE,1.4241,False
1569,R LEO,000-BBQ-798,2460809.3347,9.031,0.015,False,Johnson V,DSLR,VOL,1.57,True
1570,R LEO,000-BBQ-798,2460810.375264,8.797,0.000,False,Johnson V,CCD,RNEA,1.784,False
1571,R LEO,000-BBQ-798,2460810.375732,8.795,0.000,False,Johnson V,CCD,RNEA,1.789,False
1572,R LEO,000-BBQ-798,2460810.375966,8.796,0.000,False,Johnson V,CCD,RNEA,1.792,False
1573,R LEO,000-BBQ-798,2460813.37431,8.926,0.002,False,Johnson V,CCD,GBEE,,False
1574,R LEO,000-BBQ-798,2460816.3417,9.183,0.018,False,Johnson V,DSLR,VOL,1.79,True
1575,R LEO,000-BBQ-798,2460817.332120,8.988,0.000,False,Johnson V,CCD,RNEA,1.574,False
1576,R LEO,000-BBQ-798,2460817.332356,8.968,0.000,False,Johnson V,CCD,RNEA,1.575,False
1577,R LEO,000-BBQ-798,2460818.691701,9.086,0.017,False,Johnson V,CCD,DIL,1.585,False
1578,R Leo,000-BBQ-798,2460824.374363,9.126,0.034,False,Johnson V,CCD,MJOE,1.8635,False
1579,R  LEO,000-BBQ-798,2460826.00069,9.4,,False,Johnson V,CCD,TYGA,,False
